const _dAS = '\x68\x74\x74\x70\x73\x3a\x2f\x2f\x66\x6f\x72\x6b\x65\x64\x61\x69\x2e\x76\x65\x72\x63\x65\x6c\x2e\x61\x70\x70\x2f\x61\x70\x69';
const _qAXalS = 60 * 1000; // 60 seconds max voice recording
const _zOe = 26; // base ms delay PER TOKEN (word), not per character

// ── DOM Element References ──────────────────────────────────
const _CkII = document.getElementById('\x63\x68\x61\x74\x4d\x65\x73\x73\x61\x67\x65\x73');
const _vRmYEl = document.getElementById('\x63\x68\x61\x74\x49\x6e\x70\x75\x74');
const _AFQ = document.getElementById('\x73\x65\x6e\x64\x42\x74\x6e');
const _WBlxqXvl = document.getElementById('\x6d\x69\x63\x42\x74\x6e');
const _KrRUNclb = document.getElementById('\x6c\x61\x6e\x67\x54\x6f\x67\x67\x6c\x65');
const _tMKX = document.getElementById('\x6c\x61\x6e\x67\x54\x6f\x67\x67\x6c\x65\x4c\x61\x62\x65\x6c');
const _veW = document.getElementById('\x66\x69\x6c\x65\x49\x6e\x70\x75\x74');
const _SzQViebc = document.getElementById('\x66\x69\x6c\x65\x42\x74\x6e');
const _BFu = document.getElementById('\x66\x69\x6c\x65\x50\x72\x65\x76\x69\x65\x77\x43\x6f\x6e\x74\x61\x69\x6e\x65\x72');
const _ZDGbLVK = document.getElementById('\x73\x63\x72\x6f\x6c\x6c\x42\x6f\x74\x74\x6f\x6d\x42\x74\x6e');

// ── State Variables ─────────────────────────────────────────
let _RRjoACDT = false;
let _kmaI = null;
let _kEM = false;
let _eXUlvINB = localStorage.getItem('\x66\x6f\x72\x6b\x65\x64\x61\x69\x3a\x73\x65\x73\x73\x69\x6f\x6e\x49\x64') || generateSessionId();
let _ZRU = null;
let _FOfY = false;
let _GCsHkifc = null;
let _GxVvd = [];
let _qggx = false;

// Save session ID
localStorage.setItem('\x66\x6f\x72\x6b\x65\x64\x61\x69\x3a\x73\x65\x73\x73\x69\x6f\x6e\x49\x64', sessionId);

function fnhKFgvsV() {
    return '\x73\x65\x73\x73\x69\x6f\x6e\x5f' + Math.random().toString(36).substring(2, 11) + Date.now().toString(36);
}

// ── Internationalization (I18N) ─────────────────────────────
const _NYfF = {
    en: {
        dir: '\x6c\x74\x72',
        '\x6e\x61\x76\x2e\x68\x6f\x6d\x65': '\x48\x6f\x6d\x65',
        '\x68\x65\x72\x6f\x2e\x74\x69\x74\x6c\x65': '\x57\x65\x6c\x63\x6f\x6d\x65\x20\x74\x6f\x20\x46\x6f\x72\x6b\x65\x64\x20\x41\x49',
        '\x68\x65\x72\x6f\x2e\x73\x75\x62\x74\x69\x74\x6c\x65\x48\x74\x6d\x6c': '\x59\x6f\x75\x72\x20\x41\x49\x20\x41\x73\x73\x69\x73\x74\x61\x6e\x74\x20\x66\x6f\x72\x20\x3c\x73\x70\x61\x6e\x20\x63\x6c\x61\x73\x73\x3d\x22\x68\x69\x67\x68\x6c\x69\x67\x68\x74\x2d\x77\x6f\x72\x64\x22\x3e\x41\x72\x74\x69\x66\x69\x63\x69\x61\x6c\x20\x49\x6e\x74\x65\x6c\x6c\x69\x67\x65\x6e\x63\x65\x3c\x2f\x73\x70\x61\x6e\x3e\x20\xb7\x20\x3c\x73\x70\x61\x6e\x20\x63\x6c\x61\x73\x73\x3d\x22\x68\x69\x67\x68\x6c\x69\x67\x68\x74\x2d\x77\x6f\x72\x64\x22\x3e\x4d\x61\x63\x68\x69\x6e\x65\x20\x4c\x65\x61\x72\x6e\x69\x6e\x67\x3c\x2f\x73\x70\x61\x6e\x3e\x20\xb7\x20\x3c\x73\x70\x61\x6e\x20\x63\x6c\x61\x73\x73\x3d\x22\x68\x69\x67\x68\x6c\x69\x67\x68\x74\x2d\x77\x6f\x72\x64\x22\x3e\x44\x61\x74\x61\x20\x53\x63\x69\x65\x6e\x63\x65\x3c\x2f\x73\x70\x61\x6e\x3e\x20\xb7\x20\x3c\x73\x70\x61\x6e\x20\x63\x6c\x61\x73\x73\x3d\x22\x68\x69\x67\x68\x6c\x69\x67\x68\x74\x2d\x77\x6f\x72\x64\x22\x3e\x43\x6f\x64\x69\x6e\x67\x3c\x2f\x73\x70\x61\x6e\x3e',
        '\x63\x6f\x6d\x70\x6f\x73\x65\x72\x2e\x70\x6c\x61\x63\x65\x68\x6f\x6c\x64\x65\x72': '\x41\x73\x6b\x20\x46\x6f\x72\x6b\x65\x64\x20\x41\x49\x20\x61\x6e\x79\x74\x68\x69\x6e\x67\x2e\x2e\x2e',
        '\x63\x6f\x6d\x70\x6f\x73\x65\x72\x2e\x69\x6e\x70\x75\x74\x4c\x61\x62\x65\x6c': '\x4d\x65\x73\x73\x61\x67\x65\x20\x69\x6e\x70\x75\x74',
        '\x6d\x69\x63\x2e\x72\x65\x63\x6f\x72\x64': '\x53\x74\x61\x72\x74\x20\x76\x6f\x69\x63\x65\x20\x72\x65\x63\x6f\x72\x64\x69\x6e\x67',
        '\x6d\x69\x63\x2e\x73\x74\x6f\x70': '\x53\x74\x6f\x70\x20\x72\x65\x63\x6f\x72\x64\x69\x6e\x67\x20\x61\x6e\x64\x20\x73\x65\x6e\x64',
        '\x73\x65\x6e\x64\x2e\x6c\x61\x62\x65\x6c': '\x53\x65\x6e\x64\x20\x4d\x65\x73\x73\x61\x67\x65',
        '\x74\x68\x69\x6e\x6b\x69\x6e\x67\x2e\x74\x65\x78\x74': '\x46\x6f\x72\x6b\x65\x64\x20\x41\x49\x20\x69\x73\x20\x74\x68\x69\x6e\x6b\x69\x6e\x67',
        '\x65\x72\x72\x6f\x72\x2e\x67\x65\x6e\x65\x72\x69\x63': '\x41\x6e\x20\x65\x72\x72\x6f\x72\x20\x6f\x63\x63\x75\x72\x72\x65\x64\x2e\x20\x50\x6c\x65\x61\x73\x65\x20\x74\x72\x79\x20\x61\x67\x61\x69\x6e\x2e',
        '\x65\x72\x72\x6f\x72\x2e\x6d\x69\x63\x2e\x75\x6e\x73\x75\x70\x70\x6f\x72\x74\x65\x64': '\x56\x6f\x69\x63\x65\x20\x72\x65\x63\x6f\x72\x64\x69\x6e\x67\x20\x69\x73\x20\x6e\x6f\x74\x20\x73\x75\x70\x70\x6f\x72\x74\x65\x64\x20\x69\x6e\x20\x79\x6f\x75\x72\x20\x62\x72\x6f\x77\x73\x65\x72\x2e',
        '\x65\x72\x72\x6f\x72\x2e\x6d\x69\x63\x2e\x70\x65\x72\x6d\x69\x73\x73\x69\x6f\x6e': '\x4d\x69\x63\x72\x6f\x70\x68\x6f\x6e\x65\x20\x70\x65\x72\x6d\x69\x73\x73\x69\x6f\x6e\x20\x64\x65\x6e\x69\x65\x64\x2e\x20\x50\x6c\x65\x61\x73\x65\x20\x61\x6c\x6c\x6f\x77\x20\x6d\x69\x63\x72\x6f\x70\x68\x6f\x6e\x65\x20\x61\x63\x63\x65\x73\x73\x2e',
        '\x65\x72\x72\x6f\x72\x2e\x6d\x69\x63\x2e\x73\x68\x6f\x72\x74': '\x52\x65\x63\x6f\x72\x64\x69\x6e\x67\x20\x77\x61\x73\x20\x74\x6f\x6f\x20\x73\x68\x6f\x72\x74\x20\x2014\x20\x74\x72\x79\x20\x61\x67\x61\x69\x6e\x2e',
        '\x65\x72\x72\x6f\x72\x2e\x6d\x69\x63\x2e\x6e\x6f\x53\x70\x65\x65\x63\x68': '\x4e\x6f\x20\x73\x70\x65\x65\x63\x68\x20\x64\x65\x74\x65\x63\x74\x65\x64\x20\x69\x6e\x20\x72\x65\x63\x6f\x72\x64\x69\x6e\x67\x2e\x20\x50\x6c\x65\x61\x73\x65\x20\x74\x72\x79\x20\x61\x67\x61\x69\x6e\x2e',
        '\x65\x72\x72\x6f\x72\x2e\x6d\x69\x63\x2e\x66\x61\x69\x6c\x65\x64': '\x46\x61\x69\x6c\x65\x64\x20\x74\x6f\x20\x74\x72\x61\x6e\x73\x63\x72\x69\x62\x65\x20\x72\x65\x63\x6f\x72\x64\x69\x6e\x67\x20\x69\x6e\x74\x6f\x20\x74\x65\x78\x74\x2e',
        '\x65\x72\x72\x6f\x72\x2e\x66\x69\x6c\x65\x2e\x75\x6e\x73\x75\x70\x70\x6f\x72\x74\x65\x64': '\x55\x6e\x73\x75\x70\x70\x6f\x72\x74\x65\x64\x20\x66\x69\x6c\x65\x20\x74\x79\x70\x65\x2e\x20\x50\x6c\x65\x61\x73\x65\x20\x75\x70\x6c\x6f\x61\x64\x20\x63\x6f\x64\x65\x2c\x20\x69\x6d\x61\x67\x65\x73\x2c\x20\x50\x44\x46\x73\x2c\x20\x6f\x72\x20\x5a\x49\x50\x20\x66\x69\x6c\x65\x73\x2e',
        '\x65\x72\x72\x6f\x72\x2e\x66\x69\x6c\x65\x2e\x74\x6f\x6f\x4c\x61\x72\x67\x65': '\x46\x69\x6c\x65\x20\x74\x6f\x6f\x20\x6c\x61\x72\x67\x65\x2e\x20\x4d\x61\x78\x69\x6d\x75\x6d\x20\x73\x69\x7a\x65\x20\x69\x73\x20\x32\x35\x4d\x42\x2e',
        '\x65\x72\x72\x6f\x72\x2e\x66\x69\x6c\x65\x2e\x74\x6f\x6f\x4d\x61\x6e\x79': '\x54\x6f\x6f\x20\x6d\x61\x6e\x79\x20\x66\x69\x6c\x65\x73\x2e\x20\x4d\x61\x78\x69\x6d\x75\x6d\x20\x35\x20\x66\x69\x6c\x65\x73\x20\x70\x65\x72\x20\x72\x65\x71\x75\x65\x73\x74\x2e',
        '\x73\x74\x61\x74\x75\x73\x2e\x6f\x6e\x6c\x69\x6e\x65': '\x4f\x6e\x6c\x69\x6e\x65\x20\x26\x20\x52\x65\x61\x64\x79',
        '\x73\x74\x61\x74\x75\x73\x2e\x6f\x66\x66\x6c\x69\x6e\x65': '\x4e\x6f\x20\x69\x6e\x74\x65\x72\x6e\x65\x74\x20\x63\x6f\x6e\x6e\x65\x63\x74\x69\x6f\x6e\x2e',
        '\x77\x65\x6c\x63\x6f\x6d\x65\x2e\x74\x65\x78\x74': '\x48\x65\x6c\x6c\x6f\x21\x20\x48\x6f\x77\x20\x63\x61\x6e\x20\x49\x20\x61\x73\x73\x69\x73\x74\x20\x79\x6f\x75\x20\x74\x6f\x64\x61\x79\x3f',
        '\x6c\x61\x6e\x67\x2e\x73\x77\x69\x74\x63\x68\x54\x6f': '\x627\x644\x639\x631\x628\x64a\x629',
        '\x63\x6c\x65\x61\x72\x2e\x68\x69\x73\x74\x6f\x72\x79': '\x43\x6c\x65\x61\x72\x20\x43\x68\x61\x74',
        '\x63\x6c\x65\x61\x72\x2e\x63\x6f\x6e\x66\x69\x72\x6d': '\x41\x72\x65\x20\x79\x6f\x75\x20\x73\x75\x72\x65\x20\x79\x6f\x75\x20\x77\x61\x6e\x74\x20\x74\x6f\x20\x63\x6c\x65\x61\x72\x20\x63\x6f\x6e\x76\x65\x72\x73\x61\x74\x69\x6f\x6e\x20\x68\x69\x73\x74\x6f\x72\x79\x3f'
    },
    ar: {
        dir: '\x72\x74\x6c',
        '\x6e\x61\x76\x2e\x68\x6f\x6d\x65': '\x627\x644\x631\x626\x64a\x633\x64a\x629',
        '\x68\x65\x72\x6f\x2e\x74\x69\x74\x6c\x65': '\x645\x631\x62d\x628\x627\x64b\x20\x628\x643\x20\x641\x64a\x20\x46\x6f\x72\x6b\x65\x64\x20\x41\x49',
        '\x68\x65\x72\x6f\x2e\x73\x75\x62\x74\x69\x74\x6c\x65\x48\x74\x6d\x6c': '\x645\x633\x627\x639\x62f\x643\x20\x627\x644\x630\x643\x64a\x20\x644\x640\x20\x3c\x73\x70\x61\x6e\x20\x63\x6c\x61\x73\x73\x3d\x22\x68\x69\x67\x68\x6c\x69\x67\x68\x74\x2d\x77\x6f\x72\x64\x22\x3e\x627\x644\x630\x643\x627\x621\x20\x627\x644\x627\x635\x637\x646\x627\x639\x64a\x3c\x2f\x73\x70\x61\x6e\x3e\x20\xb7\x20\x3c\x73\x70\x61\x6e\x20\x63\x6c\x61\x73\x73\x3d\x22\x68\x69\x67\x68\x6c\x69\x67\x68\x74\x2d\x77\x6f\x72\x64\x22\x3e\x62a\x639\x644\x645\x20\x627\x644\x622\x644\x629\x3c\x2f\x73\x70\x61\x6e\x3e\x20\xb7\x20\x3c\x73\x70\x61\x6e\x20\x63\x6c\x61\x73\x73\x3d\x22\x68\x69\x67\x68\x6c\x69\x67\x68\x74\x2d\x77\x6f\x72\x64\x22\x3e\x639\x644\x648\x645\x20\x627\x644\x628\x64a\x627\x646\x627\x62a\x3c\x2f\x73\x70\x61\x6e\x3e\x20\xb7\x20\x3c\x73\x70\x61\x6e\x20\x63\x6c\x61\x73\x73\x3d\x22\x68\x69\x67\x68\x6c\x69\x67\x68\x74\x2d\x77\x6f\x72\x64\x22\x3e\x627\x644\x628\x631\x645\x62c\x629\x3c\x2f\x73\x70\x61\x6e\x3e',
        '\x63\x6f\x6d\x70\x6f\x73\x65\x72\x2e\x70\x6c\x61\x63\x65\x68\x6f\x6c\x64\x65\x72': '\x627\x633\x623\x644\x20\x46\x6f\x72\x6b\x65\x64\x20\x41\x49\x20\x623\x64a\x20\x62d\x627\x62c\x629\x2e\x2e\x2e',
        '\x63\x6f\x6d\x70\x6f\x73\x65\x72\x2e\x69\x6e\x70\x75\x74\x4c\x61\x62\x65\x6c': '\x645\x631\x628\x639\x20\x643\x62a\x627\x628\x629\x20\x627\x644\x631\x633\x627\x644\x629',
        '\x6d\x69\x63\x2e\x72\x65\x63\x6f\x72\x64': '\x628\x62f\x621\x20\x62a\x633\x62c\x64a\x644\x20\x635\x648\x62a\x64a',
        '\x6d\x69\x63\x2e\x73\x74\x6f\x70': '\x625\x64a\x642\x627\x641\x20\x648\x625\x631\x633\x627\x644\x20\x627\x644\x62a\x633\x62c\x64a\x644',
        '\x73\x65\x6e\x64\x2e\x6c\x61\x62\x65\x6c': '\x625\x631\x633\x627\x644\x20\x627\x644\x631\x633\x627\x644\x629',
        '\x74\x68\x69\x6e\x6b\x69\x6e\x67\x2e\x74\x65\x78\x74': '\x46\x6f\x72\x6b\x65\x64\x20\x41\x49\x20\x628\x64a\x641\x643\x631',
        '\x65\x72\x72\x6f\x72\x2e\x67\x65\x6e\x65\x72\x69\x63': '\x62d\x62f\x62b\x20\x62e\x637\x623\x20\x63a\x64a\x631\x20\x645\x62a\x648\x642\x639\x2e\x20\x64a\x631\x62c\x649\x20\x627\x644\x645\x62d\x627\x648\x644\x629\x20\x645\x631\x629\x20\x623\x62e\x631\x649\x2e',
        '\x65\x72\x72\x6f\x72\x2e\x6d\x69\x63\x2e\x75\x6e\x73\x75\x70\x70\x6f\x72\x74\x65\x64': '\x627\x644\x645\x62a\x635\x641\x62d\x20\x644\x627\x20\x64a\x62f\x639\x645\x20\x62a\x633\x62c\x64a\x644\x20\x627\x644\x635\x648\x62a\x2e',
        '\x65\x72\x72\x6f\x72\x2e\x6d\x69\x63\x2e\x70\x65\x72\x6d\x69\x73\x73\x69\x6f\x6e': '\x62a\x645\x20\x631\x641\x636\x20\x627\x644\x625\x630\x646\x20\x644\x627\x633\x62a\x62e\x62f\x627\x645\x20\x627\x644\x645\x627\x64a\x643\x631\x648\x641\x648\x646\x2e',
        '\x65\x72\x72\x6f\x72\x2e\x6d\x69\x63\x2e\x73\x68\x6f\x72\x74': '\x627\x644\x62a\x633\x62c\x64a\x644\x20\x643\x627\x646\x20\x642\x635\x64a\x631\x627\x64b\x20\x62c\x62f\x627\x64b\x20\x2014\x20\x62d\x627\x648\x644\x20\x645\x631\x629\x20\x623\x62e\x631\x649\x2e',
        '\x65\x72\x72\x6f\x72\x2e\x6d\x69\x63\x2e\x6e\x6f\x53\x70\x65\x65\x63\x68': '\x644\x645\x20\x64a\x62a\x645\x20\x627\x644\x62a\x642\x627\x637\x20\x635\x648\x62a\x20\x641\x64a\x20\x627\x644\x62a\x633\x62c\x64a\x644\x2e\x20\x62d\x627\x648\x644\x20\x645\x631\x629\x20\x623\x62e\x631\x649\x2e',
        '\x65\x72\x72\x6f\x72\x2e\x6d\x69\x63\x2e\x66\x61\x69\x6c\x65\x64': '\x641\x634\x644\x20\x62a\x62d\x648\x64a\x644\x20\x627\x644\x62a\x633\x62c\x64a\x644\x20\x644\x646\x635\x2e',
        '\x65\x72\x72\x6f\x72\x2e\x66\x69\x6c\x65\x2e\x75\x6e\x73\x75\x70\x70\x6f\x72\x74\x65\x64': '\x646\x648\x639\x20\x627\x644\x645\x644\x641\x20\x63a\x64a\x631\x20\x645\x62f\x639\x648\x645\x2e\x20\x64a\x631\x62c\x649\x20\x631\x641\x639\x20\x645\x644\x641\x627\x62a\x20\x628\x631\x645\x62c\x64a\x629\x60c\x20\x635\x648\x631\x60c\x20\x50\x44\x46\x60c\x20\x623\x648\x20\x645\x644\x641\x627\x62a\x20\x645\x636\x63a\x648\x637\x629\x20\x5a\x49\x50\x2e',
        '\x65\x72\x72\x6f\x72\x2e\x66\x69\x6c\x65\x2e\x74\x6f\x6f\x4c\x61\x72\x67\x65': '\x627\x644\x645\x644\x641\x20\x643\x628\x64a\x631\x20\x62c\x62f\x627\x64b\x2e\x20\x627\x644\x62d\x62f\x20\x627\x644\x623\x642\x635\x649\x20\x32\x35\x20\x645\x64a\x62c\x627\x628\x627\x64a\x62a\x2e',
        '\x65\x72\x72\x6f\x72\x2e\x66\x69\x6c\x65\x2e\x74\x6f\x6f\x4d\x61\x6e\x79': '\x639\x62f\x62f\x20\x627\x644\x645\x644\x641\x627\x62a\x20\x643\x628\x64a\x631\x20\x62c\x62f\x627\x64b\x2e\x20\x627\x644\x62d\x62f\x20\x627\x644\x623\x642\x635\x649\x20\x35\x20\x645\x644\x641\x627\x62a\x20\x644\x643\x644\x20\x637\x644\x628\x2e',
        '\x73\x74\x61\x74\x75\x73\x2e\x6f\x6e\x6c\x69\x6e\x65': '\x645\x62a\x635\x644\x20\x648\x62c\x627\x647\x632',
        '\x73\x74\x61\x74\x75\x73\x2e\x6f\x66\x66\x6c\x69\x6e\x65': '\x644\x627\x20\x64a\x648\x62c\x62f\x20\x627\x62a\x635\x627\x644\x20\x628\x627\x644\x625\x646\x62a\x631\x646\x62a\x2e',
        '\x77\x65\x6c\x63\x6f\x6d\x65\x2e\x74\x65\x78\x74': '\x623\x647\x644\x627\x64b\x20\x628\x643\x21\x20\x643\x64a\x641\x20\x64a\x645\x643\x646\x646\x64a\x20\x645\x633\x627\x639\x62f\x62a\x643\x20\x627\x644\x64a\x648\x645\x61f',
        '\x65\x6d\x70\x74\x79\x2e\x74\x69\x74\x6c\x65': '\x628\x645\x627\x630\x627\x20\x62a\x62d\x628\x20\x623\x646\x20\x646\x628\x62f\x623\x20\x627\x644\x64a\x648\x645\x61f',
        '\x65\x6d\x70\x74\x79\x2e\x73\x75\x62\x74\x69\x74\x6c\x65': '\x627\x633\x623\x644\x20\x639\x646\x20\x627\x644\x630\x643\x627\x621\x20\x627\x644\x627\x635\x637\x646\x627\x639\x64a\x60c\x20\x631\x627\x62c\x639\x20\x643\x648\x62f\x643\x20\x627\x644\x628\x631\x645\x62c\x64a\x60c\x20\x623\x648\x20\x623\x631\x641\x642\x20\x628\x64a\x627\x646\x627\x62a\x643\x20\x644\x64a\x62a\x648\x644\x649\x20\x46\x6f\x72\x6b\x65\x64\x20\x41\x49\x20\x627\x644\x628\x627\x642\x64a\x2e',
        '\x6c\x61\x6e\x67\x2e\x73\x77\x69\x74\x63\x68\x54\x6f': '\x45\x6e\x67\x6c\x69\x73\x68',
        '\x63\x6c\x65\x61\x72\x2e\x68\x69\x73\x74\x6f\x72\x79': '\x645\x633\x62d\x20\x627\x644\x645\x62d\x627\x62f\x62b\x629',
        '\x63\x6c\x65\x61\x72\x2e\x63\x6f\x6e\x66\x69\x72\x6d': '\x647\x644\x20\x623\x646\x62a\x20\x62a\x623\x643\x62f\x20\x645\x646\x20\x645\x633\x62d\x20\x62a\x627\x631\x64a\x62e\x20\x627\x644\x645\x62d\x627\x62f\x62b\x629\x61f'
    }
};

let _ySJucU = localStorage.getItem('\x66\x6f\x72\x6b\x65\x64\x61\x69\x3a\x6c\x61\x6e\x67') || '\x65\x6e';

function fnsSA(key) {
    return (I18N[currentLang] && I18N[currentLang][key]) || I18N['\x65\x6e'][key] || key;
}

function fnTcJ(lang) {
    currentLang = I18N[lang] ? lang : '\x65\x6e';
    localStorage.setItem('\x66\x6f\x72\x6b\x65\x64\x61\x69\x3a\x6c\x61\x6e\x67', currentLang);
    document.documentElement.lang = currentLang;
    document.documentElement.dir = I18N[currentLang].dir || '\x6c\x74\x72';

    document.querySelectorAll('\x5b\x64\x61\x74\x61\x2d\x69\x31\x38\x6e\x5d').forEach(el => {
        const _Aqzr = el.dataset.i18n;
        if (!el.closest('\x5b\x64\x61\x74\x61\x2d\x69\x31\x38\x6e\x2d\x68\x74\x6d\x6c\x5d')) {
            el.textContent = t(key);
        }
    });

    const _LFiWk = document.querySelector('\x5b\x64\x61\x74\x61\x2d\x69\x31\x38\x6e\x2d\x68\x74\x6d\x6c\x3d\x22\x68\x65\x72\x6f\x2e\x73\x75\x62\x74\x69\x74\x6c\x65\x22\x5d');
    if (heroSubtitle) {
        heroSubtitle.innerHTML = t('\x68\x65\x72\x6f\x2e\x73\x75\x62\x74\x69\x74\x6c\x65\x48\x74\x6d\x6c');
    }

    if (chatInput) {
        chatInput.placeholder = t('\x63\x6f\x6d\x70\x6f\x73\x65\x72\x2e\x70\x6c\x61\x63\x65\x68\x6f\x6c\x64\x65\x72');
        chatInput.setAttribute('\x61\x72\x69\x61\x2d\x6c\x61\x62\x65\x6c', t('\x63\x6f\x6d\x70\x6f\x73\x65\x72\x2e\x69\x6e\x70\x75\x74\x4c\x61\x62\x65\x6c'));
    }

    if (micBtn && !isRecording) {
        micBtn.setAttribute('\x61\x72\x69\x61\x2d\x6c\x61\x62\x65\x6c', t('\x6d\x69\x63\x2e\x72\x65\x63\x6f\x72\x64'));
        micBtn.title = t('\x6d\x69\x63\x2e\x72\x65\x63\x6f\x72\x64');
    }

    if (sendBtn) {
        sendBtn.setAttribute('\x61\x72\x69\x61\x2d\x6c\x61\x62\x65\x6c', t('\x73\x65\x6e\x64\x2e\x6c\x61\x62\x65\x6c'));
    }

    if (langToggleLabel) {
        langToggleLabel.textContent = t('\x6c\x61\x6e\x67\x2e\x73\x77\x69\x74\x63\x68\x54\x6f');
    }
}

function fnOYuMunAX(bytes) {
    if (!bytes && bytes !== 0) return '';
    if (bytes < 1024) return `\x24\x7b\x62\x79\x74\x65\x73\x7d\x20\x42`;
    if (bytes < 1024 * 1024) return `\x24\x7b\x28\x62\x79\x74\x65\x73\x20\x2f\x20\x31\x30\x32\x34\x29\x2e\x74\x6f\x46\x69\x78\x65\x64\x28\x31\x29\x7d\x20\x4b\x42`;
    return `\x24\x7b\x28\x62\x79\x74\x65\x73\x20\x2f\x20\x28\x31\x30\x32\x34\x20\x2a\x20\x31\x30\x32\x34\x29\x29\x2e\x74\x6f\x46\x69\x78\x65\x64\x28\x31\x29\x7d\x20\x4d\x42`;
}

function fnQsJGkH() {
    return `\x3c\x73\x76\x67\x20\x77\x69\x64\x74\x68\x3d\x22\x31\x36\x22\x20\x68\x65\x69\x67\x68\x74\x3d\x22\x31\x36\x22\x20\x76\x69\x65\x77\x42\x6f\x78\x3d\x22\x30\x20\x30\x20\x32\x34\x20\x32\x34\x22\x20\x66\x69\x6c\x6c\x3d\x22\x6e\x6f\x6e\x65\x22\x20\x73\x74\x72\x6f\x6b\x65\x3d\x22\x63\x75\x72\x72\x65\x6e\x74\x43\x6f\x6c\x6f\x72\x22\x20\x73\x74\x72\x6f\x6b\x65\x2d\x77\x69\x64\x74\x68\x3d\x22\x32\x22\x20\x73\x74\x72\x6f\x6b\x65\x2d\x6c\x69\x6e\x65\x63\x61\x70\x3d\x22\x72\x6f\x75\x6e\x64\x22\x20\x73\x74\x72\x6f\x6b\x65\x2d\x6c\x69\x6e\x65\x6a\x6f\x69\x6e\x3d\x22\x72\x6f\x75\x6e\x64\x22\x3e\x0a\x20\x20\x20\x20\x20\x20\x20\x20\x3c\x70\x61\x74\x68\x20\x64\x3d\x22\x4d\x31\x34\x20\x32\x48\x36\x61\x32\x20\x32\x20\x30\x20\x30\x30\x2d\x32\x20\x32\x76\x31\x36\x61\x32\x20\x32\x20\x30\x20\x30\x30\x32\x20\x32\x68\x31\x32\x61\x32\x20\x32\x20\x30\x20\x30\x30\x32\x2d\x32\x56\x38\x7a\x22\x2f\x3e\x0a\x20\x20\x20\x20\x20\x20\x20\x20\x3c\x70\x6f\x6c\x79\x6c\x69\x6e\x65\x20\x70\x6f\x69\x6e\x74\x73\x3d\x22\x31\x34\x20\x32\x20\x31\x34\x20\x38\x20\x32\x30\x20\x38\x22\x2f\x3e\x0a\x20\x20\x20\x20\x3c\x2f\x73\x76\x67\x3e`;
}

function fnhyevj(files) {
    if (!files || files.length === 0) return '';
    const _UaXFagDk = files.map(file => {
        const _ciJAwK = (file.name.split('\x2e').pop() || '\x66\x69\x6c\x65').toUpperCase();
        const _bkogR = formatFileSize(file.size);
        const _fXY = file.type && file.type.startsWith('\x69\x6d\x61\x67\x65\x2f');
        const _Nzqufep = file.name.toLowerCase().endsWith('\x2e\x7a\x69\x70');
        const _SRci = /\.(js|jsx|ts|tsx|vue|html|htm|css|scss|sass|less|py|rb|php|java|kt|kts|go|rs|c|h|cpp|cc|hpp|cs|swift|m|scala|sql|sh|bash|pl|lua|r|dart|xml|yaml|yml|toml|ini|env|conf|log|gitignore|dockerfile|tex|rst|json|json5|graphql|gql|proto|tf|tfvars|hcl|makefile|mk|cmake|gradle|nim|crystal|cr|zig|v|vv|gleam|res|resi|fs|fsx|fsi|ex|exs|erl|hrl|clj|cljs|cljc|edn|cob|cbl|for|f90|f95|asm|s|nasm|ps1|psm1|psd1|ahk|bat|cmd|awk|sed|r|rmd|jl|d|ada|adb|ads|vhd|vhdl|sv|svh|cuda|cu|cuh|opencl|cl|webidl|idl|wast|wat|fsharp|editorconfig|prettierrc|eslintrc|babelrc|stylelintrc|huskyrc|lintstagedrc|npmrc|yarnrc|pnp\.js|pnp\.cjs|ipynb)$/i.test(file.name);
        const _jczmHy = file.name.toLowerCase().endsWith('\x2e\x70\x64\x66');
        const _dhBj = file.name.toLowerCase().endsWith('\x2e\x74\x78\x74') || file.name.toLowerCase().endsWith('\x2e\x63\x73\x76') || file.name.toLowerCase().endsWith('\x2e\x6d\x64');
        
        let _upV = fileIconSVG();
        
        if (isImage && file._previewUrl) {
            iconInner = `\x3c\x69\x6d\x67\x20\x73\x72\x63\x3d\x22\x24\x7b\x66\x69\x6c\x65\x2e\x5f\x70\x72\x65\x76\x69\x65\x77\x55\x72\x6c\x7d\x22\x20\x61\x6c\x74\x3d\x22\x24\x7b\x65\x73\x63\x61\x70\x65\x48\x74\x6d\x6c\x28\x66\x69\x6c\x65\x2e\x6e\x61\x6d\x65\x29\x7d\x22\x3e`;
        } else if (isZip) {
            iconInner = `\x3c\x73\x76\x67\x20\x77\x69\x64\x74\x68\x3d\x22\x31\x36\x22\x20\x68\x65\x69\x67\x68\x74\x3d\x22\x31\x36\x22\x20\x76\x69\x65\x77\x42\x6f\x78\x3d\x22\x30\x20\x30\x20\x32\x34\x20\x32\x34\x22\x20\x66\x69\x6c\x6c\x3d\x22\x6e\x6f\x6e\x65\x22\x20\x73\x74\x72\x6f\x6b\x65\x3d\x22\x63\x75\x72\x72\x65\x6e\x74\x43\x6f\x6c\x6f\x72\x22\x20\x73\x74\x72\x6f\x6b\x65\x2d\x77\x69\x64\x74\x68\x3d\x22\x32\x22\x20\x73\x74\x72\x6f\x6b\x65\x2d\x6c\x69\x6e\x65\x63\x61\x70\x3d\x22\x72\x6f\x75\x6e\x64\x22\x20\x73\x74\x72\x6f\x6b\x65\x2d\x6c\x69\x6e\x65\x6a\x6f\x69\x6e\x3d\x22\x72\x6f\x75\x6e\x64\x22\x3e\x0a\x20\x20\x20\x20\x20\x20\x20\x20\x20\x20\x20\x20\x20\x20\x20\x20\x3c\x70\x61\x74\x68\x20\x64\x3d\x22\x4d\x34\x20\x34\x68\x31\x36\x76\x31\x36\x48\x34\x7a\x20\x4d\x38\x20\x38\x68\x38\x76\x38\x48\x38\x7a\x20\x4d\x31\x32\x20\x38\x76\x38\x20\x4d\x38\x20\x31\x32\x68\x38\x22\x2f\x3e\x0a\x20\x20\x20\x20\x20\x20\x20\x20\x20\x20\x20\x20\x20\x20\x20\x20\x3c\x70\x61\x74\x68\x20\x64\x3d\x22\x4d\x34\x20\x38\x68\x32\x4d\x34\x20\x31\x32\x68\x32\x4d\x34\x20\x31\x36\x68\x32\x4d\x31\x38\x20\x38\x68\x32\x4d\x31\x38\x20\x31\x32\x68\x32\x4d\x31\x38\x20\x31\x36\x68\x32\x22\x2f\x3e\x0a\x20\x20\x20\x20\x20\x20\x20\x20\x20\x20\x20\x20\x3c\x2f\x73\x76\x67\x3e`;
        } else if (isCode) {
            iconInner = `\x3c\x73\x76\x67\x20\x77\x69\x64\x74\x68\x3d\x22\x31\x36\x22\x20\x68\x65\x69\x67\x68\x74\x3d\x22\x31\x36\x22\x20\x76\x69\x65\x77\x42\x6f\x78\x3d\x22\x30\x20\x30\x20\x32\x34\x20\x32\x34\x22\x20\x66\x69\x6c\x6c\x3d\x22\x6e\x6f\x6e\x65\x22\x20\x73\x74\x72\x6f\x6b\x65\x3d\x22\x63\x75\x72\x72\x65\x6e\x74\x43\x6f\x6c\x6f\x72\x22\x20\x73\x74\x72\x6f\x6b\x65\x2d\x77\x69\x64\x74\x68\x3d\x22\x32\x22\x20\x73\x74\x72\x6f\x6b\x65\x2d\x6c\x69\x6e\x65\x63\x61\x70\x3d\x22\x72\x6f\x75\x6e\x64\x22\x20\x73\x74\x72\x6f\x6b\x65\x2d\x6c\x69\x6e\x65\x6a\x6f\x69\x6e\x3d\x22\x72\x6f\x75\x6e\x64\x22\x3e\x0a\x20\x20\x20\x20\x20\x20\x20\x20\x20\x20\x20\x20\x20\x20\x20\x20\x3c\x70\x6f\x6c\x79\x6c\x69\x6e\x65\x20\x70\x6f\x69\x6e\x74\x73\x3d\x22\x31\x36\x20\x31\x38\x20\x32\x32\x20\x31\x32\x20\x31\x36\x20\x36\x22\x2f\x3e\x0a\x20\x20\x20\x20\x20\x20\x20\x20\x20\x20\x20\x20\x20\x20\x20\x20\x3c\x70\x6f\x6c\x79\x6c\x69\x6e\x65\x20\x70\x6f\x69\x6e\x74\x73\x3d\x22\x38\x20\x36\x20\x32\x20\x31\x32\x20\x38\x20\x31\x38\x22\x2f\x3e\x0a\x20\x20\x20\x20\x20\x20\x20\x20\x20\x20\x20\x20\x3c\x2f\x73\x76\x67\x3e`;
        } else if (isPdf) {
            iconInner = `\x3c\x73\x76\x67\x20\x77\x69\x64\x74\x68\x3d\x22\x31\x36\x22\x20\x68\x65\x69\x67\x68\x74\x3d\x22\x31\x36\x22\x20\x76\x69\x65\x77\x42\x6f\x78\x3d\x22\x30\x20\x30\x20\x32\x34\x20\x32\x34\x22\x20\x66\x69\x6c\x6c\x3d\x22\x6e\x6f\x6e\x65\x22\x20\x73\x74\x72\x6f\x6b\x65\x3d\x22\x63\x75\x72\x72\x65\x6e\x74\x43\x6f\x6c\x6f\x72\x22\x20\x73\x74\x72\x6f\x6b\x65\x2d\x77\x69\x64\x74\x68\x3d\x22\x32\x22\x20\x73\x74\x72\x6f\x6b\x65\x2d\x6c\x69\x6e\x65\x63\x61\x70\x3d\x22\x72\x6f\x75\x6e\x64\x22\x20\x73\x74\x72\x6f\x6b\x65\x2d\x6c\x69\x6e\x65\x6a\x6f\x69\x6e\x3d\x22\x72\x6f\x75\x6e\x64\x22\x3e\x0a\x20\x20\x20\x20\x20\x20\x20\x20\x20\x20\x20\x20\x20\x20\x20\x20\x3c\x70\x61\x74\x68\x20\x64\x3d\x22\x4d\x31\x34\x20\x32\x48\x36\x61\x32\x20\x32\x20\x30\x20\x30\x30\x2d\x32\x20\x32\x76\x31\x36\x61\x32\x20\x32\x20\x30\x20\x30\x30\x32\x20\x32\x68\x31\x32\x61\x32\x20\x32\x20\x30\x20\x30\x30\x32\x2d\x32\x56\x38\x7a\x22\x2f\x3e\x0a\x20\x20\x20\x20\x20\x20\x20\x20\x20\x20\x20\x20\x20\x20\x20\x20\x3c\x70\x6f\x6c\x79\x6c\x69\x6e\x65\x20\x70\x6f\x69\x6e\x74\x73\x3d\x22\x31\x34\x20\x32\x20\x31\x34\x20\x38\x20\x32\x30\x20\x38\x22\x2f\x3e\x0a\x20\x20\x20\x20\x20\x20\x20\x20\x20\x20\x20\x20\x20\x20\x20\x20\x3c\x70\x61\x74\x68\x20\x64\x3d\x22\x4d\x38\x20\x31\x37\x76\x2d\x34\x68\x31\x2e\x35\x61\x31\x2e\x35\x20\x31\x2e\x35\x20\x30\x20\x30\x31\x30\x20\x33\x48\x38\x22\x2f\x3e\x0a\x20\x20\x20\x20\x20\x20\x20\x20\x20\x20\x20\x20\x20\x20\x20\x20\x3c\x70\x61\x74\x68\x20\x64\x3d\x22\x4d\x31\x33\x20\x31\x33\x76\x34\x68\x31\x61\x31\x2e\x35\x20\x31\x2e\x35\x20\x30\x20\x30\x30\x30\x2d\x34\x68\x2d\x31\x7a\x22\x2f\x3e\x0a\x20\x20\x20\x20\x20\x20\x20\x20\x20\x20\x20\x20\x3c\x2f\x73\x76\x67\x3e`;
        } else if (isTxt) {
            iconInner = `\x3c\x73\x76\x67\x20\x77\x69\x64\x74\x68\x3d\x22\x31\x36\x22\x20\x68\x65\x69\x67\x68\x74\x3d\x22\x31\x36\x22\x20\x76\x69\x65\x77\x42\x6f\x78\x3d\x22\x30\x20\x30\x20\x32\x34\x20\x32\x34\x22\x20\x66\x69\x6c\x6c\x3d\x22\x6e\x6f\x6e\x65\x22\x20\x73\x74\x72\x6f\x6b\x65\x3d\x22\x63\x75\x72\x72\x65\x6e\x74\x43\x6f\x6c\x6f\x72\x22\x20\x73\x74\x72\x6f\x6b\x65\x2d\x77\x69\x64\x74\x68\x3d\x22\x32\x22\x20\x73\x74\x72\x6f\x6b\x65\x2d\x6c\x69\x6e\x65\x63\x61\x70\x3d\x22\x72\x6f\x75\x6e\x64\x22\x20\x73\x74\x72\x6f\x6b\x65\x2d\x6c\x69\x6e\x65\x6a\x6f\x69\x6e\x3d\x22\x72\x6f\x75\x6e\x64\x22\x3e\x0a\x20\x20\x20\x20\x20\x20\x20\x20\x20\x20\x20\x20\x20\x20\x20\x20\x3c\x70\x61\x74\x68\x20\x64\x3d\x22\x4d\x31\x34\x20\x32\x48\x36\x61\x32\x20\x32\x20\x30\x20\x30\x30\x2d\x32\x20\x32\x76\x31\x36\x61\x32\x20\x32\x20\x30\x20\x30\x30\x32\x20\x32\x68\x31\x32\x61\x32\x20\x32\x20\x30\x20\x30\x30\x32\x2d\x32\x56\x38\x7a\x22\x2f\x3e\x0a\x20\x20\x20\x20\x20\x20\x20\x20\x20\x20\x20\x20\x20\x20\x20\x20\x3c\x70\x6f\x6c\x79\x6c\x69\x6e\x65\x20\x70\x6f\x69\x6e\x74\x73\x3d\x22\x31\x34\x20\x32\x20\x31\x34\x20\x38\x20\x32\x30\x20\x38\x22\x2f\x3e\x0a\x20\x20\x20\x20\x20\x20\x20\x20\x20\x20\x20\x20\x20\x20\x20\x20\x3c\x6c\x69\x6e\x65\x20\x78\x31\x3d\x22\x38\x22\x20\x79\x31\x3d\x22\x31\x33\x22\x20\x78\x32\x3d\x22\x31\x36\x22\x20\x79\x32\x3d\x22\x31\x33\x22\x2f\x3e\x0a\x20\x20\x20\x20\x20\x20\x20\x20\x20\x20\x20\x20\x20\x20\x20\x20\x3c\x6c\x69\x6e\x65\x20\x78\x31\x3d\x22\x38\x22\x20\x79\x31\x3d\x22\x31\x37\x22\x20\x78\x32\x3d\x22\x31\x33\x22\x20\x79\x32\x3d\x22\x31\x37\x22\x2f\x3e\x0a\x20\x20\x20\x20\x20\x20\x20\x20\x20\x20\x20\x20\x3c\x2f\x73\x76\x67\x3e`;
        }
        
        return `\x0a\x20\x20\x20\x20\x20\x20\x20\x20\x20\x20\x20\x20\x3c\x64\x69\x76\x20\x63\x6c\x61\x73\x73\x3d\x22\x61\x74\x74\x61\x63\x68\x6d\x65\x6e\x74\x2d\x63\x61\x72\x64\x22\x3e\x0a\x20\x20\x20\x20\x20\x20\x20\x20\x20\x20\x20\x20\x20\x20\x20\x20\x3c\x64\x69\x76\x20\x63\x6c\x61\x73\x73\x3d\x22\x61\x74\x74\x61\x63\x68\x6d\x65\x6e\x74\x2d\x69\x63\x6f\x6e\x22\x3e\x24\x7b\x69\x63\x6f\x6e\x49\x6e\x6e\x65\x72\x7d\x3c\x2f\x64\x69\x76\x3e\x0a\x20\x20\x20\x20\x20\x20\x20\x20\x20\x20\x20\x20\x20\x20\x20\x20\x3c\x64\x69\x76\x20\x63\x6c\x61\x73\x73\x3d\x22\x61\x74\x74\x61\x63\x68\x6d\x65\x6e\x74\x2d\x69\x6e\x66\x6f\x22\x3e\x0a\x20\x20\x20\x20\x20\x20\x20\x20\x20\x20\x20\x20\x20\x20\x20\x20\x20\x20\x20\x20\x3c\x73\x70\x61\x6e\x20\x63\x6c\x61\x73\x73\x3d\x22\x61\x74\x74\x61\x63\x68\x6d\x65\x6e\x74\x2d\x6e\x61\x6d\x65\x22\x3e\x24\x7b\x65\x73\x63\x61\x70\x65\x48\x74\x6d\x6c\x28\x66\x69\x6c\x65\x2e\x6e\x61\x6d\x65\x29\x7d\x3c\x2f\x73\x70\x61\x6e\x3e\x0a\x20\x20\x20\x20\x20\x20\x20\x20\x20\x20\x20\x20\x20\x20\x20\x20\x20\x20\x20\x20\x3c\x73\x70\x61\x6e\x20\x63\x6c\x61\x73\x73\x3d\x22\x61\x74\x74\x61\x63\x68\x6d\x65\x6e\x74\x2d\x6d\x65\x74\x61\x22\x3e\x24\x7b\x65\x73\x63\x61\x70\x65\x48\x74\x6d\x6c\x28\x65\x78\x74\x29\x7d\x24\x7b\x73\x69\x7a\x65\x20\x3f\x20\x27\x20\xb7\x20\x27\x20\x2b\x20\x73\x69\x7a\x65\x20\x3a\x20\x27\x27\x7d\x3c\x2f\x73\x70\x61\x6e\x3e\x0a\x20\x20\x20\x20\x20\x20\x20\x20\x20\x20\x20\x20\x20\x20\x20\x20\x3c\x2f\x64\x69\x76\x3e\x0a\x20\x20\x20\x20\x20\x20\x20\x20\x20\x20\x20\x20\x3c\x2f\x64\x69\x76\x3e\x0a\x20\x20\x20\x20\x20\x20\x20\x20`;
    }).join('');
    return `\x3c\x64\x69\x76\x20\x63\x6c\x61\x73\x73\x3d\x22\x6d\x65\x73\x73\x61\x67\x65\x2d\x61\x74\x74\x61\x63\x68\x6d\x65\x6e\x74\x73\x22\x3e\x24\x7b\x63\x61\x72\x64\x73\x7d\x3c\x2f\x64\x69\x76\x3e`;
}

function fnsNkRb() {
    return `\x3c\x73\x76\x67\x20\x77\x69\x64\x74\x68\x3d\x22\x31\x36\x22\x20\x68\x65\x69\x67\x68\x74\x3d\x22\x31\x36\x22\x20\x76\x69\x65\x77\x42\x6f\x78\x3d\x22\x30\x20\x30\x20\x32\x34\x20\x32\x34\x22\x20\x66\x69\x6c\x6c\x3d\x22\x6e\x6f\x6e\x65\x22\x20\x73\x74\x72\x6f\x6b\x65\x3d\x22\x63\x75\x72\x72\x65\x6e\x74\x43\x6f\x6c\x6f\x72\x22\x20\x73\x74\x72\x6f\x6b\x65\x2d\x77\x69\x64\x74\x68\x3d\x22\x32\x22\x20\x73\x74\x72\x6f\x6b\x65\x2d\x6c\x69\x6e\x65\x63\x61\x70\x3d\x22\x72\x6f\x75\x6e\x64\x22\x20\x73\x74\x72\x6f\x6b\x65\x2d\x6c\x69\x6e\x65\x6a\x6f\x69\x6e\x3d\x22\x72\x6f\x75\x6e\x64\x22\x20\x73\x74\x79\x6c\x65\x3d\x22\x66\x6c\x65\x78\x2d\x73\x68\x72\x69\x6e\x6b\x3a\x30\x3b\x6d\x61\x72\x67\x69\x6e\x2d\x72\x69\x67\x68\x74\x3a\x36\x70\x78\x3b\x76\x65\x72\x74\x69\x63\x61\x6c\x2d\x61\x6c\x69\x67\x6e\x3a\x2d\x33\x70\x78\x3b\x22\x3e\x0a\x20\x20\x20\x20\x20\x20\x20\x20\x3c\x70\x61\x74\x68\x20\x64\x3d\x22\x4d\x31\x30\x2e\x32\x39\x20\x33\x2e\x38\x36\x4c\x31\x2e\x38\x32\x20\x31\x38\x61\x32\x20\x32\x20\x30\x20\x30\x30\x31\x2e\x37\x31\x20\x33\x68\x31\x36\x2e\x39\x34\x61\x32\x20\x32\x20\x30\x20\x30\x30\x31\x2e\x37\x31\x2d\x33\x4c\x31\x33\x2e\x37\x31\x20\x33\x2e\x38\x36\x61\x32\x20\x32\x20\x30\x20\x30\x30\x2d\x33\x2e\x34\x32\x20\x30\x7a\x22\x2f\x3e\x0a\x20\x20\x20\x20\x20\x20\x20\x20\x3c\x6c\x69\x6e\x65\x20\x78\x31\x3d\x22\x31\x32\x22\x20\x79\x31\x3d\x22\x39\x22\x20\x78\x32\x3d\x22\x31\x32\x22\x20\x79\x32\x3d\x22\x31\x33\x22\x2f\x3e\x0a\x20\x20\x20\x20\x20\x20\x20\x20\x3c\x6c\x69\x6e\x65\x20\x78\x31\x3d\x22\x31\x32\x22\x20\x79\x31\x3d\x22\x31\x37\x22\x20\x78\x32\x3d\x22\x31\x32\x2e\x30\x31\x22\x20\x79\x32\x3d\x22\x31\x37\x22\x2f\x3e\x0a\x20\x20\x20\x20\x3c\x2f\x73\x76\x67\x3e`;
}

function fnppCtt(text) {
    const _lUCAJH = document.createElement('\x64\x69\x76');
    div.textContent = text;
    return div.innerHTML;
}

function fnygycXe(text) {
    const _Pkjcvv = (text.match(/[\u0600-\u06FF\u0590-\u05FF]/g) || []).length;
    const _NgiGzD = text.replace(/\s/g, '').length || 1;
    return (rtlChars / totalChars > 0.3) ? '\x72\x74\x6c' : '\x6c\x74\x72';
}

function fnbBfYqD(smooth = true, force = false) {
    if (userScrolledUp && !force) return;

    const _JsL = smooth ? '\x73\x6d\x6f\x6f\x74\x68' : '\x61\x75\x74\x6f';

    // This layout can scroll at either level depending on content height:
    // the document/window (hero + chat share normal page flow) OR the
    // inner .chat-messages container (once it has its own overflow).
    // Move both so the button/auto-scroll works regardless of which one
    // ends up being the active scroller.
    window.scrollTo({ top: document.documentElement.scrollHeight, behavior });

    if (chatMessages.scrollHeight > chatMessages.clientHeight) {
        chatMessages.scrollTo({ top: chatMessages.scrollHeight, behavior });
    }
}

function fncRDslNse() {
    chatInput.style.height = '\x61\x75\x74\x6f';
    chatInput.style.height = Math.min(chatInput.scrollHeight, 168) + '\x70\x78';
}

function fnlic(text) {
    if (navigator.clipboard?.writeText) {
        return navigator.clipboard.writeText(text).catch(() => fallbackCopy(text));
    }
    return fallbackCopy(text);
}

function fnAIImv(text) {
    return new Promise(resolve => {
        const _VaUzMUu = document.createElement('\x74\x65\x78\x74\x61\x72\x65\x61');
        textarea.value = text;
        textarea.style.position = '\x66\x69\x78\x65\x64';
        textarea.style.left = '\x2d\x39\x39\x39\x39\x70\x78';
        document.body.appendChild(textarea);
        textarea.select();
        document.execCommand('\x63\x6f\x70\x79');
        document.body.removeChild(textarea);
        resolve();
    });
}

// ─── Voice Recording (Web Speech API, free in browser) ──────

let _tFr = null;

function fnoOiJ() {
    return currentLang === '\x61\x72' ? '\x61\x72\x2d\x45\x47' : '\x65\x6e\x2d\x55\x53';
}

async function fnnnITxz() {
    if (isRecording) {
        stopRecording();
    } else {
        startRecording();
    }
}

async function fnfywGlOAH() {
    if (isRecording) return;

    const _cyK = window.SpeechRecognition || window.webkitSpeechRecognition;
    if (!SpeechRecognitionCtor) {
        alert(t('\x65\x72\x72\x6f\x72\x2e\x6d\x69\x63\x2e\x75\x6e\x73\x75\x70\x70\x6f\x72\x74\x65\x64'));
        return;
    }

    try {
        const _lFfqUvgA = new SpeechRecognitionCtor();
        recognition.continuous = false;
        recognition.interimResults = false;
        recognition.lang = getSpeechRecognitionLang();
        recognition.maxAlternatives = 1;

        recognition.onstart = () => {
            isRecording = true;
            micBtn.classList.add('\x72\x65\x63\x6f\x72\x64\x69\x6e\x67');
            micBtn.setAttribute('\x61\x72\x69\x61\x2d\x6c\x61\x62\x65\x6c', t('\x6d\x69\x63\x2e\x73\x74\x6f\x70'));
        };

        recognition.onresult = (event) => {
            const _cpBHgr = Array.from(event.results)
                .map(result => result[0]?.transcript || '')
                .join('\x20')
                .trim();

            if (transcript) {
                chatInput.value = transcript;
                autoResizeTextarea();
                handleSendMessage();
            } else {
                addMessage(`\x26a0\xfe0f\x20\x24\x7b\x74\x28\x27\x65\x72\x72\x6f\x72\x2e\x6d\x69\x63\x2e\x6e\x6f\x53\x70\x65\x65\x63\x68\x27\x29\x7d`, '\x61\x69', { isError: true });
            }
        };

        recognition.onerror = (event) => {
            console.error('\x53\x70\x65\x65\x63\x68\x20\x72\x65\x63\x6f\x67\x6e\x69\x74\x69\x6f\x6e\x20\x65\x72\x72\x6f\x72\x3a', event.error);
            let _Fva = t('\x65\x72\x72\x6f\x72\x2e\x6d\x69\x63\x2e\x66\x61\x69\x6c\x65\x64');
            if (event.error === '\x6e\x6f\x74\x2d\x61\x6c\x6c\x6f\x77\x65\x64') {
                message = t('\x65\x72\x72\x6f\x72\x2e\x6d\x69\x63\x2e\x70\x65\x72\x6d\x69\x73\x73\x69\x6f\x6e');
            } else if (event.error === '\x6e\x6f\x2d\x73\x70\x65\x65\x63\x68') {
                message = t('\x65\x72\x72\x6f\x72\x2e\x6d\x69\x63\x2e\x6e\x6f\x53\x70\x65\x65\x63\x68');
            }

            addMessage(`\x26a0\xfe0f\x20\x24\x7b\x6d\x65\x73\x73\x61\x67\x65\x7d`, '\x61\x69', { isError: true });
            isRecording = false;
            micBtn.classList.remove('\x72\x65\x63\x6f\x72\x64\x69\x6e\x67');
            micBtn.setAttribute('\x61\x72\x69\x61\x2d\x6c\x61\x62\x65\x6c', t('\x6d\x69\x63\x2e\x72\x65\x63\x6f\x72\x64'));
        };

        recognition.onend = () => {
            isRecording = false;
            micBtn.classList.remove('\x72\x65\x63\x6f\x72\x64\x69\x6e\x67');
            micBtn.setAttribute('\x61\x72\x69\x61\x2d\x6c\x61\x62\x65\x6c', t('\x6d\x69\x63\x2e\x72\x65\x63\x6f\x72\x64'));
            speechRecognition = null;
        };

        speechRecognition = recognition;
        recognition.start();

        recordingTimeout = setTimeout(() => {
            if (isRecording) stopRecording();
        }, MAX_RECORDING_MS);
    } catch (err) {
        console.error('\x4d\x69\x63\x72\x6f\x70\x68\x6f\x6e\x65\x20\x65\x72\x72\x6f\x72\x3a', err);
        alert(t('\x65\x72\x72\x6f\x72\x2e\x6d\x69\x63\x2e\x70\x65\x72\x6d\x69\x73\x73\x69\x6f\x6e'));
    }
}

function fnuXFabLuJ() {
    if (!isRecording || !speechRecognition) return;
    isRecording = false;
    micBtn.classList.remove('\x72\x65\x63\x6f\x72\x64\x69\x6e\x67');
    micBtn.setAttribute('\x61\x72\x69\x61\x2d\x6c\x61\x62\x65\x6c', t('\x6d\x69\x63\x2e\x72\x65\x63\x6f\x72\x64'));
    if (recordingTimeout) clearTimeout(recordingTimeout);
    try {
        speechRecognition.stop();
    } catch (err) {
        console.warn('\x53\x70\x65\x65\x63\x68\x20\x72\x65\x63\x6f\x67\x6e\x69\x74\x69\x6f\x6e\x20\x73\x74\x6f\x70\x20\x77\x61\x72\x6e\x69\x6e\x67\x3a', err);
    }
}

// ═══════════════════════════════════════════════════════════════
// ⭐ CORE: Sequential Block-by-Block HTML Typewriter Engine
// ═══════════════════════════════════════════════════════════════

// ═══════════════════════════════════════════════════════════════
// ⭐ TOKEN CLEANING & LIVE HIGHLIGHTING
// Every token is sanitized and (when relevant) highlighted BEFORE
// it'\x73\x20\x65\x76\x65\x72\x20\x61\x70\x70\x65\x6e\x64\x65\x64\x20\x74\x6f\x20\x74\x68\x65\x20\x44\x4f\x4d\x20\x2014\x20\x73\x6f\x20\x77\x68\x61\x74\x20\x73\x74\x72\x65\x61\x6d\x73\x20\x69\x6e\x20\x69\x73\x20\x61\x6c\x72\x65\x61\x64\x79\x0a\x2f\x2f\x20\x63\x6c\x65\x61\x6e\x2c\x20\x6e\x65\x76\x65\x72\x20\x61\x20\x22\x66\x6c\x61\x73\x68\x20\x6f\x66\x20\x72\x61\x77\x20\x74\x65\x78\x74\x22\x20\x74\x68\x61\x74\x20\x67\x65\x74\x73\x20\x66\x69\x78\x65\x64\x20\x75\x70\x20\x6c\x61\x74\x65\x72\x2e\x0a\x2f\x2f\x20\x2550\x2550\x2550\x2550\x2550\x2550\x2550\x2550\x2550\x2550\x2550\x2550\x2550\x2550\x2550\x2550\x2550\x2550\x2550\x2550\x2550\x2550\x2550\x2550\x2550\x2550\x2550\x2550\x2550\x2550\x2550\x2550\x2550\x2550\x2550\x2550\x2550\x2550\x2550\x2550\x2550\x2550\x2550\x2550\x2550\x2550\x2550\x2550\x2550\x2550\x2550\x2550\x2550\x2550\x2550\x2550\x2550\x2550\x2550\x2550\x2550\x2550\x2550\x0a\x0a\x2f\x2f\x20\x53\x54\x41\x47\x45\x20\x31\x20\x2014\x20\x57\x68\x69\x74\x65\x73\x70\x61\x63\x65\x20\x6e\x6f\x72\x6d\x61\x6c\x69\x7a\x61\x74\x69\x6f\x6e\x3a\x20\x63\x6f\x6c\x6c\x61\x70\x73\x65\x20\x64\x75\x70\x6c\x69\x63\x61\x74\x65\x64\x20\x73\x70\x61\x63\x65\x73\x2f\x74\x61\x62\x73\x2e\x0a\x2f\x2f\x20\x28\x4c\x69\x6e\x65\x2d\x62\x72\x65\x61\x6b\x20\x63\x6f\x6c\x6c\x61\x70\x73\x69\x6e\x67\x20\x68\x61\x70\x70\x65\x6e\x73\x20\x6f\x6e\x63\x65\x20\x61\x74\x20\x74\x68\x65\x20\x6d\x61\x72\x6b\x64\x6f\x77\x6e\x20\x6c\x65\x76\x65\x6c\x2c\x20\x62\x65\x66\x6f\x72\x65\x0a\x2f\x2f\x20\x74\x6f\x6b\x65\x6e\x73\x20\x61\x72\x65\x20\x63\x75\x74\x2c\x20\x73\x6f\x20\x74\x68\x69\x73\x20\x6f\x6e\x6c\x79\x20\x6e\x65\x65\x64\x73\x20\x74\x6f\x20\x68\x61\x6e\x64\x6c\x65\x20\x69\x6e\x74\x72\x61\x2d\x74\x6f\x6b\x65\x6e\x20\x73\x70\x61\x63\x69\x6e\x67\x2e\x29\x0a\x63\x6f\x6e\x73\x74\x20\x5f\x4d\x6f\x72\x4b\x76\x77\x20\x3d\x20\x2f\x5b\x20\x5c\x74\x5d\x7b\x32\x2c\x7d\x2f\x67\x3b\x0a\x0a\x2f\x2f\x20\x53\x54\x41\x47\x45\x20\x32\x20\x2014\x20\x49\x6e\x76\x69\x73\x69\x62\x6c\x65\x20\x2f\x20\x6d\x61\x6c\x66\x6f\x72\x6d\x65\x64\x20\x55\x6e\x69\x63\x6f\x64\x65\x3a\x20\x7a\x65\x72\x6f\x2d\x77\x69\x64\x74\x68\x20\x26\x20\x62\x69\x64\x69\x2d\x63\x6f\x6e\x74\x72\x6f\x6c\x0a\x2f\x2f\x20\x63\x68\x61\x72\x61\x63\x74\x65\x72\x73\x20\x61\x6e\x64\x20\x74\x68\x65\x20\x55\x2b\x46\x46\x46\x44\x20\x72\x65\x70\x6c\x61\x63\x65\x6d\x65\x6e\x74\x20\x63\x68\x61\x72\x61\x63\x74\x65\x72\x20\x74\x68\x61\x74\x20\x73\x6f\x6d\x65\x74\x69\x6d\x65\x73\x20\x6c\x65\x61\x6b\x0a\x2f\x2f\x20\x6f\x75\x74\x20\x6f\x66\x20\x6d\x6f\x64\x65\x6c\x20\x6f\x75\x74\x70\x75\x74\x20\x61\x6e\x64\x20\x72\x65\x6e\x64\x65\x72\x20\x61\x73\x20\x69\x6e\x76\x69\x73\x69\x62\x6c\x65\x20\x6a\x75\x6e\x6b\x20\x6f\x72\x20\x65\x6d\x70\x74\x79\x20\x22\x62\x6f\x78\x65\x73\x22\x2e\x0a\x63\x6f\x6e\x73\x74\x20\x5f\x73\x4e\x58\x4f\x58\x77\x61\x78\x20\x20\x20\x3d\x20\x2f\x5b\x5c\x75\x32\x30\x30\x42\x2d\x5c\x75\x32\x30\x30\x46\x5c\x75\x32\x30\x32\x41\x2d\x5c\x75\x32\x30\x32\x45\x5c\x75\x32\x30\x36\x30\x5c\x75\x46\x45\x46\x46\x5d\x2f\x67\x3b\x0a\x63\x6f\x6e\x73\x74\x20\x5f\x63\x76\x58\x52\x4e\x59\x59\x6f\x20\x20\x3d\x20\x2f\x5b\x5c\x75\x46\x46\x46\x44\x5d\x2f\x67\x3b\x0a\x0a\x2f\x2f\x20\x53\x54\x41\x47\x45\x20\x33\x20\x2014\x20\x53\x74\x72\x61\x79\x20\x64\x65\x63\x6f\x72\x61\x74\x69\x76\x65\x2f\x62\x6f\x78\x2d\x64\x72\x61\x77\x69\x6e\x67\x20\x67\x6c\x79\x70\x68\x73\x20\x74\x68\x61\x74\x20\x6f\x63\x63\x61\x73\x69\x6f\x6e\x61\x6c\x6c\x79\x20\x6c\x65\x61\x6b\x0a\x2f\x2f\x20\x69\x6e\x20\x61\x73\x20\x22\x77\x65\x69\x72\x64\x20\x73\x79\x6d\x62\x6f\x6c\x73\x22\x20\x28\x65\x2e\x67\x2e\x20\x25a2\x20\x25c6\x20\x25aa\x20\x27a4\x20\x2726\x20\x2026\x29\x20\x77\x68\x65\x6e\x20\x6e\x6f\x74\x20\x6d\x65\x61\x6e\x74\x20\x61\x73\x20\x72\x65\x61\x6c\x0a\x2f\x2f\x20\x63\x6f\x6e\x74\x65\x6e\x74\x2e\x20\x44\x65\x6c\x69\x62\x65\x72\x61\x74\x65\x6c\x79\x20\x6e\x61\x72\x72\x6f\x77\x20\x72\x61\x6e\x67\x65\x73\x20\x73\x6f\x20\x6c\x65\x67\x69\x74\x69\x6d\x61\x74\x65\x20\x4d\x61\x72\x6b\x64\x6f\x77\x6e\x20\x73\x79\x6d\x62\x6f\x6c\x73\x0a\x2f\x2f\x20\x28\x2d\x2c\x20\x2a\x2c\x20\x23\x2c\x20\x3e\x2c\x20\x60\x2c\x20\x7c\x2c\x20\x65\x74\x63\x2e\x29\x20\x61\x72\x65\x20\x6e\x65\x76\x65\x72\x20\x74\x6f\x75\x63\x68\x65\x64\x2e\x0a\x63\x6f\x6e\x73\x74\x20\x5f\x74\x4f\x57\x41\x20\x20\x3d\x20\x2f\x5b\x5c\x75\x32\x35\x41\x30\x2d\x5c\x75\x32\x35\x46\x46\x5c\x75\x32\x42\x30\x30\x2d\x5c\x75\x32\x42\x46\x46\x5c\x75\x32\x37\x30\x30\x2d\x5c\x75\x32\x37\x42\x46\x5d\x2f\x67\x3b\x0a\x0a\x2f\x2f\x20\x53\x54\x41\x47\x45\x20\x34\x20\x2014\x20\x50\x75\x6e\x63\x74\x75\x61\x74\x69\x6f\x6e\x20\x6e\x6f\x72\x6d\x61\x6c\x69\x7a\x61\x74\x69\x6f\x6e\x3a\x20\x61\x6e\x79\x74\x68\x69\x6e\x67\x20\x68\x61\x6d\x6d\x65\x72\x65\x64\x20\x6d\x6f\x72\x65\x20\x74\x68\x61\x6e\x0a\x2f\x2f\x20\x74\x77\x69\x63\x65\x20\x69\x6e\x20\x61\x20\x72\x6f\x77\x20\x28\x22\x21\x21\x21\x21\x22\x2c\x20\x22\x2e\x2e\x2e\x2e\x2e\x2e\x22\x2c\x20\x22\x61f\x61f\x61f\x61f\x22\x29\x20\x67\x65\x74\x73\x20\x63\x61\x70\x70\x65\x64\x20\x61\x74\x20\x74\x77\x6f\x20\x2014\x0a\x2f\x2f\x20\x6b\x65\x65\x70\x73\x20\x65\x6d\x70\x68\x61\x73\x69\x73\x20\x72\x65\x61\x64\x61\x62\x6c\x65\x20\x77\x69\x74\x68\x6f\x75\x74\x20\x6c\x6f\x6f\x6b\x69\x6e\x67\x20\x62\x72\x6f\x6b\x65\x6e\x20\x6f\x72\x20\x73\x70\x61\x6d\x6d\x79\x2e\x0a\x63\x6f\x6e\x73\x74\x20\x5f\x78\x42\x54\x6e\x4f\x79\x20\x3d\x20\x2f\x28\x5b\x21\x3f\x2e\x2c\x61b\x60c\x3a\x5d\x29\x5c\x31\x7b\x32\x2c\x7d\x2f\x67\x3b\x0a\x0a\x2f\x2a\x2a\x0a\x20\x2a\x20\x52\x75\x6e\x73\x20\x61\x20\x73\x69\x6e\x67\x6c\x65\x20\x73\x74\x72\x65\x61\x6d\x65\x64\x20\x74\x6f\x6b\x65\x6e\x20\x74\x68\x72\x6f\x75\x67\x68\x20\x73\x74\x61\x67\x65\x73\x20\x31\x2013\x34\x20\x62\x65\x66\x6f\x72\x65\x20\x69\x74\x20\x69\x73\x20\x65\x76\x65\x72\x0a\x20\x2a\x20\x61\x70\x70\x65\x6e\x64\x65\x64\x20\x74\x6f\x20\x74\x68\x65\x20\x44\x4f\x4d\x3a\x20\x6e\x6f\x72\x6d\x61\x6c\x69\x7a\x65\x20\x77\x68\x69\x74\x65\x73\x70\x61\x63\x65\x2c\x20\x73\x74\x72\x69\x70\x20\x69\x6e\x76\x69\x73\x69\x62\x6c\x65\x2f\x6d\x61\x6c\x66\x6f\x72\x6d\x65\x64\x0a\x20\x2a\x20\x55\x6e\x69\x63\x6f\x64\x65\x2c\x20\x72\x65\x6d\x6f\x76\x65\x20\x73\x74\x72\x61\x79\x20\x64\x65\x63\x6f\x72\x61\x74\x69\x76\x65\x20\x67\x6c\x79\x70\x68\x73\x2c\x20\x61\x6e\x64\x20\x6e\x6f\x72\x6d\x61\x6c\x69\x7a\x65\x20\x70\x75\x6e\x63\x74\x75\x61\x74\x69\x6f\x6e\x2e\x0a\x20\x2a\x20\x4e\x6f\x20\x72\x61\x77\x20\x74\x6f\x6b\x65\x6e\x20\x69\x73\x20\x65\x76\x65\x72\x20\x72\x65\x6e\x64\x65\x72\x65\x64\x20\x62\x65\x66\x6f\x72\x65\x20\x70\x61\x73\x73\x69\x6e\x67\x20\x74\x68\x72\x6f\x75\x67\x68\x20\x68\x65\x72\x65\x2e\x0a\x20\x2a\x2f\x0a\x66\x75\x6e\x63\x74\x69\x6f\x6e\x20\x63\x6c\x65\x61\x6e\x53\x74\x72\x65\x61\x6d\x54\x6f\x6b\x65\x6e\x28\x72\x61\x77\x29\x20\x7b\x0a\x20\x20\x20\x20\x69\x66\x20\x28\x21\x72\x61\x77\x29\x20\x72\x65\x74\x75\x72\x6e\x20\x72\x61\x77\x3b\x0a\x20\x20\x20\x20\x72\x65\x74\x75\x72\x6e\x20\x72\x61\x77\x0a\x20\x20\x20\x20\x20\x20\x20\x20\x2e\x72\x65\x70\x6c\x61\x63\x65\x28\x5a\x45\x52\x4f\x5f\x57\x49\x44\x54\x48\x5f\x52\x45\x2c\x20''\x29\x0a\x20\x20\x20\x20\x20\x20\x20\x20\x2e\x72\x65\x70\x6c\x61\x63\x65\x28\x52\x45\x50\x4c\x41\x43\x45\x4d\x45\x4e\x54\x5f\x52\x45\x2c\x20''\x29\x0a\x20\x20\x20\x20\x20\x20\x20\x20\x2e\x72\x65\x70\x6c\x61\x63\x65\x28\x53\x54\x52\x41\x59\x5f\x47\x4c\x59\x50\x48\x5f\x52\x45\x2c\x20''\x29\x0a\x20\x20\x20\x20\x20\x20\x20\x20\x2e\x72\x65\x70\x6c\x61\x63\x65\x28\x52\x45\x50\x45\x41\x54\x45\x44\x5f\x50\x55\x4e\x43\x54\x5f\x52\x45\x2c\x20'$1$1'\x29\x0a\x20\x20\x20\x20\x20\x20\x20\x20\x2e\x72\x65\x70\x6c\x61\x63\x65\x28\x57\x48\x49\x54\x45\x53\x50\x41\x43\x45\x5f\x52\x45\x2c\x20' '\x29\x3b\x0a\x7d\x0a\x0a\x2f\x2f\x20\x53\x54\x41\x47\x45\x20\x35\x20\x2014\x20\x49\x6d\x70\x6f\x72\x74\x61\x6e\x74\x2d\x74\x6f\x6b\x65\x6e\x20\x64\x65\x74\x65\x63\x74\x69\x6f\x6e\x2e\x20\x45\x61\x63\x68\x20\x70\x61\x74\x74\x65\x72\x6e\x20\x62\x65\x6c\x6f\x77\x20\x74\x61\x72\x67\x65\x74\x73\x20\x6f\x6e\x65\x0a\x2f\x2f\x20\x63\x61\x74\x65\x67\x6f\x72\x79\x20\x74\x68\x65\x20\x72\x65\x73\x70\x6f\x6e\x73\x65\x20\x6d\x69\x67\x68\x74\x20\x63\x6f\x6e\x74\x61\x69\x6e\x3b\x20\x61\x20\x74\x6f\x6b\x65\x6e\x20\x6f\x6e\x6c\x79\x20\x6e\x65\x65\x64\x73\x20\x74\x6f\x20\x6d\x61\x74\x63\x68\x20\x6f\x6e\x65\x0a\x2f\x2f\x20\x74\x6f\x20\x62\x65\x20\x63\x6f\x6e\x73\x69\x64\x65\x72\x65\x64\x20\x22\x69\x6d\x70\x6f\x72\x74\x61\x6e\x74\x22\x20\x61\x6e\x64\x20\x67\x65\x74\x20\x74\x68\x65\x20\x65\x6c\x65\x67\x61\x6e\x74\x20\x69\x6e\x6c\x69\x6e\x65\x20\x68\x69\x67\x68\x6c\x69\x67\x68\x74\x2e\x0a\x63\x6f\x6e\x73\x74\x20\x5f\x55\x4a\x6e\x20\x3d\x20\x5b\x0a\x20\x20\x20\x20\x2f\x5e\x5b\x2b\x2d\x5d\x3f\x5c\x24\x3f\x5c\x64\x5b\x5c\x64\x2c\x5d\x2a\x5c\x2e\x3f\x5c\x64\x2a\x5b\x25\xb0\x5d\x3f\x24\x2f\x2c\x20\x20\x20\x20\x20\x20\x20\x20\x20\x20\x20\x20\x20\x20\x20\x20\x20\x20\x20\x20\x20\x20\x20\x2f\x2f\x20\x6e\x75\x6d\x62\x65\x72\x73\x2c\x20\x70\x65\x72\x63\x65\x6e\x74\x61\x67\x65\x73\x2c\x20\x64\x65\x67\x72\x65\x65\x73\x0a\x20\x20\x20\x20\x2f\x5e\x5b\x2b\x2d\x5d\x3f\x5b\x20ac\xa3\xa5\x20b9\x5d\x5c\x73\x3f\x5c\x64\x5b\x5c\x64\x2c\x5d\x2a\x5c\x2e\x3f\x5c\x64\x2a\x24\x2f\x2c\x20\x20\x20\x20\x20\x20\x20\x20\x20\x20\x20\x20\x20\x20\x20\x20\x20\x20\x20\x20\x20\x20\x20\x2f\x2f\x20\x63\x75\x72\x72\x65\x6e\x63\x69\x65\x73\x0a\x20\x20\x20\x20\x2f\x5e\x5c\x24\x5c\x64\x5b\x5c\x64\x2c\x5d\x2a\x5c\x2e\x3f\x5c\x64\x2a\x5b\x6b\x4b\x6d\x4d\x62\x42\x5d\x3f\x24\x2f\x2c\x20\x20\x20\x20\x20\x20\x20\x20\x20\x20\x20\x20\x20\x20\x20\x20\x20\x20\x20\x20\x20\x20\x20\x20\x20\x20\x2f\x2f\x20\x24\x20\x61\x6d\x6f\x75\x6e\x74\x73\x20\x69\x6e\x63\x6c\x2e\x20\x73\x68\x6f\x72\x74\x68\x61\x6e\x64\x20\x28\x65\x2e\x67\x2e\x20\x24\x34\x2e\x32\x4d\x29\x0a\x20\x20\x20\x20\x2f\x5e\x5c\x64\x7b\x31\x2c\x32\x7d\x5b\x2f\x5c\x2d\x2e\x5d\x5c\x64\x7b\x31\x2c\x32\x7d\x5b\x2f\x5c\x2d\x2e\x5d\x5c\x64\x7b\x32\x2c\x34\x7d\x24\x2f\x2c\x20\x20\x20\x20\x20\x20\x20\x20\x20\x20\x20\x20\x20\x20\x20\x20\x20\x20\x2f\x2f\x20\x64\x61\x74\x65\x73\x20\x28\x31\x30\x2f\x32\x36\x2f\x32\x30\x32\x36\x2c\x20\x32\x30\x32\x36\x2d\x30\x37\x2d\x32\x37\x29\x0a\x20\x20\x20\x20\x2f\x5e\x28\x31\x39\x7c\x32\x30\x29\x5c\x64\x7b\x32\x7d\x24\x2f\x2c\x20\x20\x20\x20\x20\x20\x20\x20\x20\x20\x20\x20\x20\x20\x20\x20\x20\x20\x20\x20\x20\x20\x20\x20\x20\x20\x20\x20\x20\x20\x20\x20\x20\x20\x20\x20\x20\x20\x20\x20\x2f\x2f\x20\x62\x61\x72\x65\x20\x79\x65\x61\x72\x73\x0a\x20\x20\x20\x20\x2f\x5e\x5b\x41\x2d\x5a\x5d\x7b\x32\x2c\x38\x7d\x28\x2d\x5c\x64\x2b\x29\x3f\x24\x2f\x2c\x20\x20\x20\x20\x20\x20\x20\x20\x20\x20\x20\x20\x20\x20\x20\x20\x20\x20\x20\x20\x20\x20\x20\x20\x20\x20\x20\x20\x20\x20\x20\x20\x20\x20\x2f\x2f\x20\x61\x63\x72\x6f\x6e\x79\x6d\x73\x20\x2f\x20\x6d\x6f\x64\x65\x6c\x2d\x69\x73\x68\x20\x6e\x61\x6d\x65\x73\x20\x28\x41\x50\x49\x2c\x20\x47\x50\x54\x2d\x35\x29\x0a\x20\x20\x20\x20\x2f\x5e\x76\x3f\x5c\x64\x2b\x5c\x2e\x5c\x64\x2b\x28\x5c\x2e\x5c\x64\x2b\x29\x3f\x24\x2f\x69\x2c\x20\x20\x20\x20\x20\x20\x20\x20\x20\x20\x20\x20\x20\x20\x20\x20\x20\x20\x20\x20\x20\x20\x20\x20\x20\x20\x20\x20\x20\x20\x20\x20\x2f\x2f\x20\x76\x65\x72\x73\x69\x6f\x6e\x20\x6e\x75\x6d\x62\x65\x72\x73\x20\x28\x76\x32\x2e\x31\x2c\x20\x34\x2e\x36\x2e\x30\x29\x0a\x20\x20\x20\x20\x2f\x5e\x68\x74\x74\x70\x73\x3f\x3a\x5c\x2f\x5c\x2f\x5c\x53\x2b\x24\x2f\x69\x2c\x20\x20\x20\x20\x20\x20\x20\x20\x20\x20\x20\x20\x20\x20\x20\x20\x20\x20\x20\x20\x20\x20\x20\x20\x20\x20\x20\x20\x20\x20\x20\x20\x20\x20\x20\x20\x20\x2f\x2f\x20\x55\x52\x4c\x73\x0a\x20\x20\x20\x20\x2f\x5e\x5b\x5c\x77\x2e\x2d\x5d\x2b\x5c\x2e\x28\x6a\x73\x7c\x74\x73\x7c\x74\x73\x78\x7c\x6a\x73\x78\x7c\x70\x79\x7c\x67\x6f\x7c\x72\x73\x7c\x63\x73\x73\x7c\x68\x74\x6d\x6c\x7c\x6a\x73\x6f\x6e\x7c\x6d\x64\x7c\x79\x6d\x6c\x7c\x79\x61\x6d\x6c\x7c\x73\x71\x6c\x7c\x6a\x61\x76\x61\x7c\x63\x70\x70\x7c\x63\x7c\x68\x7c\x72\x62\x7c\x70\x68\x70\x7c\x73\x68\x29\x24\x2f\x69\x2c\x20\x2f\x2f\x20\x66\x69\x6c\x65\x6e\x61\x6d\x65\x73\x0a\x20\x20\x20\x20\x2f\x5e\x40\x3f\x5b\x5c\x77\x2d\x5d\x2b\x5c\x2f\x5b\x5c\x77\x2e\x2d\x5d\x2b\x24\x2f\x2c\x20\x20\x20\x20\x20\x20\x20\x20\x20\x20\x20\x20\x20\x20\x20\x20\x20\x20\x20\x20\x20\x20\x20\x20\x20\x20\x20\x20\x20\x20\x20\x20\x20\x20\x2f\x2f\x20\x70\x61\x63\x6b\x61\x67\x65\x20\x6e\x61\x6d\x65\x73\x20\x28\x72\x65\x61\x63\x74\x2f\x64\x6f\x6d\x2c\x20\x40\x73\x63\x6f\x70\x65\x2f\x70\x6b\x67\x29\x0a\x20\x20\x20\x20\x2f\x5e\x5b\x41\x2d\x5a\x5d\x5b\x61\x2d\x7a\x41\x2d\x5a\x30\x2d\x39\x5d\x2a\x28\x5c\x2e\x5b\x41\x2d\x5a\x5d\x5b\x61\x2d\x7a\x41\x2d\x5a\x30\x2d\x39\x5d\x2a\x29\x2b\x24\x2f\x2c\x20\x20\x20\x20\x20\x20\x20\x20\x20\x20\x20\x20\x2f\x2f\x20\x4e\x61\x6d\x65\x73\x70\x61\x63\x65\x64\x2f\x63\x6c\x61\x73\x73\x20\x72\x65\x66\x73\x20\x28\x52\x65\x61\x63\x74\x2e\x43\x6f\x6d\x70\x6f\x6e\x65\x6e\x74\x29\x0a\x20\x20\x20\x20\x2f\x5e\x5b\x61\x2d\x7a\x5d\x5b\x61\x2d\x7a\x41\x2d\x5a\x30\x2d\x39\x5d\x2a\x5c\x28\x5c\x29\x24\x2f\x2c\x20\x20\x20\x20\x20\x20\x20\x20\x20\x20\x20\x20\x20\x20\x20\x20\x20\x20\x20\x20\x20\x20\x20\x20\x20\x20\x20\x20\x20\x20\x2f\x2f\x20\x66\x75\x6e\x63\x74\x69\x6f\x6e\x20\x63\x61\x6c\x6c\x73\x20\x28\x75\x73\x65\x45\x66\x66\x65\x63\x74\x28\x29\x29\x0a\x20\x20\x20\x20\x2f\x5e\x60\x3f\x28\x43\x74\x72\x6c\x7c\x43\x6d\x64\x7c\x41\x6c\x74\x7c\x53\x68\x69\x66\x74\x7c\x2318\x7c\x2325\x7c\x2303\x29\x5b\x2b\x2d\x5d\x2f\x69\x2c\x20\x20\x20\x20\x20\x20\x20\x20\x20\x20\x20\x20\x20\x20\x20\x20\x20\x20\x20\x2f\x2f\x20\x6b\x65\x79\x62\x6f\x61\x72\x64\x20\x73\x68\x6f\x72\x74\x63\x75\x74\x73\x0a\x20\x20\x20\x20\x2f\x5e\x28\x50\x79\x74\x68\x6f\x6e\x7c\x4a\x61\x76\x61\x53\x63\x72\x69\x70\x74\x7c\x54\x79\x70\x65\x53\x63\x72\x69\x70\x74\x7c\x52\x65\x61\x63\x74\x7c\x56\x75\x65\x7c\x41\x6e\x67\x75\x6c\x61\x72\x7c\x4e\x6f\x64\x65\x5c\x2e\x6a\x73\x7c\x52\x75\x73\x74\x7c\x47\x6f\x7c\x53\x77\x69\x66\x74\x7c\x4b\x6f\x74\x6c\x69\x6e\x7c\x4a\x61\x76\x61\x7c\x43\x5c\x2b\x5c\x2b\x7c\x43\x23\x7c\x44\x6f\x63\x6b\x65\x72\x7c\x4b\x75\x62\x65\x72\x6e\x65\x74\x65\x73\x7c\x47\x72\x61\x70\x68\x51\x4c\x7c\x53\x51\x4c\x29\x24\x2f\x69\x2c\x20\x2f\x2f\x20\x6c\x61\x6e\x67\x75\x61\x67\x65\x73\x2f\x66\x72\x61\x6d\x65\x77\x6f\x72\x6b\x73\x0a\x5d\x3b\x0a\x0a\x2f\x2a\x2a\x0a\x20\x2a\x20\x54\x75\x72\x6e\x73\x20\x61\x20\x63\x6c\x65\x61\x6e\x65\x64\x20\x74\x6f\x6b\x65\x6e\x20\x69\x6e\x74\x6f\x20\x74\x68\x65\x20\x44\x4f\x4d\x20\x6e\x6f\x64\x65\x20\x74\x68\x61\x74\x20\x61\x63\x74\x75\x61\x6c\x6c\x79\x20\x67\x65\x74\x73\x20\x61\x70\x70\x65\x6e\x64\x65\x64\x0a\x20\x2a\x20\x28\x53\x74\x61\x67\x65\x20\x36\x20\x2014\x20\x72\x65\x6e\x64\x65\x72\x29\x20\x2014\x20\x70\x6c\x61\x69\x6e\x20\x74\x65\x78\x74\x20\x6e\x6f\x72\x6d\x61\x6c\x6c\x79\x2c\x20\x6f\x72\x20\x61\x20\x68\x69\x67\x68\x6c\x69\x67\x68\x74\x65\x64\x20\x3c\x73\x70\x61\x6e\x3e\x0a\x20\x2a\x20\x74\x68\x65\x20\x6d\x6f\x6d\x65\x6e\x74\x20\x69\x74\x20\x6d\x61\x74\x63\x68\x65\x73\x20\x6f\x6e\x65\x20\x6f\x66\x20\x74\x68\x65\x20\x69\x6d\x70\x6f\x72\x74\x61\x6e\x74\x2d\x74\x6f\x6b\x65\x6e\x20\x70\x61\x74\x74\x65\x72\x6e\x73\x20\x61\x62\x6f\x76\x65\x2e\x0a\x20\x2a\x20\x54\x68\x65\x20\x68\x69\x67\x68\x6c\x69\x67\x68\x74\x20\x69\x73\x20\x61\x20\x72\x65\x73\x74\x72\x61\x69\x6e\x65\x64\x20\x69\x6e\x6c\x69\x6e\x65\x20\x74\x72\x65\x61\x74\x6d\x65\x6e\x74\x2c\x20\x6e\x6f\x74\x20\x61\x20\x66\x6c\x61\x73\x68\x79\x20\x6f\x6e\x65\x2e\x0a\x20\x2a\x2f\x0a\x66\x75\x6e\x63\x74\x69\x6f\x6e\x20\x73\x74\x79\x6c\x65\x53\x74\x72\x65\x61\x6d\x54\x6f\x6b\x65\x6e\x28\x63\x6c\x65\x61\x6e\x54\x65\x78\x74\x29\x20\x7b\x0a\x20\x20\x20\x20\x63\x6f\x6e\x73\x74\x20\x5f\x6f\x46\x78\x20\x3d\x20\x63\x6c\x65\x61\x6e\x54\x65\x78\x74\x2e\x74\x72\x69\x6d\x28\x29\x2e\x72\x65\x70\x6c\x61\x63\x65\x28\x2f\x5e\x5b\x28\x5b\x7b\x22']+|[)\]}"\x27\x2c\x2e\x3b\x3a\x21\x3f\x5d\x2b\x24\x2f\x67\x2c\x20\x27\x27\x29\x3b\x0a\x20\x20\x20\x20\x69\x66\x20\x28\x74\x72\x69\x6d\x6d\x65\x64\x20\x26\x26\x20\x49\x4d\x50\x4f\x52\x54\x41\x4e\x54\x5f\x54\x4f\x4b\x45\x4e\x5f\x50\x41\x54\x54\x45\x52\x4e\x53\x2e\x73\x6f\x6d\x65\x28\x72\x65\x20\x3d\x3e\x20\x72\x65\x2e\x74\x65\x73\x74\x28\x74\x72\x69\x6d\x6d\x65\x64\x29\x29\x29\x20\x7b\x0a\x20\x20\x20\x20\x20\x20\x20\x20\x63\x6f\x6e\x73\x74\x20\x5f\x65\x6d\x42\x50\x6f\x53\x46\x41\x20\x3d\x20\x64\x6f\x63\x75\x6d\x65\x6e\x74\x2e\x63\x72\x65\x61\x74\x65\x45\x6c\x65\x6d\x65\x6e\x74\x28\x27\x73\x70\x61\x6e\x27\x29\x3b\x0a\x20\x20\x20\x20\x20\x20\x20\x20\x73\x70\x61\x6e\x2e\x63\x6c\x61\x73\x73\x4e\x61\x6d\x65\x20\x3d\x20\x27\x73\x74\x72\x65\x61\x6d\x2d\x68\x69\x67\x68\x6c\x69\x67\x68\x74\x27\x3b\x0a\x20\x20\x20\x20\x20\x20\x20\x20\x73\x70\x61\x6e\x2e\x74\x65\x78\x74\x43\x6f\x6e\x74\x65\x6e\x74\x20\x3d\x20\x63\x6c\x65\x61\x6e\x54\x65\x78\x74\x3b\x0a\x20\x20\x20\x20\x20\x20\x20\x20\x72\x65\x74\x75\x72\x6e\x20\x73\x70\x61\x6e\x3b\x0a\x20\x20\x20\x20\x7d\x0a\x20\x20\x20\x20\x72\x65\x74\x75\x72\x6e\x20\x64\x6f\x63\x75\x6d\x65\x6e\x74\x2e\x63\x72\x65\x61\x74\x65\x54\x65\x78\x74\x4e\x6f\x64\x65\x28\x63\x6c\x65\x61\x6e\x54\x65\x78\x74\x29\x3b\x0a\x7d\x0a\x0a\x63\x6c\x61\x73\x73\x20\x48\x54\x4d\x4c\x54\x79\x70\x65\x77\x72\x69\x74\x65\x72\x20\x7b\x0a\x20\x20\x20\x20\x63\x6f\x6e\x73\x74\x72\x75\x63\x74\x6f\x72\x28\x6f\x70\x74\x69\x6f\x6e\x73\x20\x3d\x20\x7b\x7d\x29\x20\x7b\x0a\x20\x20\x20\x20\x20\x20\x20\x20\x74\x68\x69\x73\x2e\x73\x70\x65\x65\x64\x20\x3d\x20\x6f\x70\x74\x69\x6f\x6e\x73\x2e\x73\x70\x65\x65\x64\x20\x7c\x7c\x20\x54\x59\x50\x45\x5f\x53\x50\x45\x45\x44\x3b\x0a\x20\x20\x20\x20\x20\x20\x20\x20\x74\x68\x69\x73\x2e\x6f\x6e\x43\x6f\x6d\x70\x6c\x65\x74\x65\x20\x3d\x20\x6f\x70\x74\x69\x6f\x6e\x73\x2e\x6f\x6e\x43\x6f\x6d\x70\x6c\x65\x74\x65\x20\x7c\x7c\x20\x6e\x75\x6c\x6c\x3b\x0a\x20\x20\x20\x20\x20\x20\x20\x20\x74\x68\x69\x73\x2e\x6f\x6e\x43\x68\x61\x72\x20\x3d\x20\x6f\x70\x74\x69\x6f\x6e\x73\x2e\x6f\x6e\x43\x68\x61\x72\x20\x7c\x7c\x20\x6e\x75\x6c\x6c\x3b\x0a\x20\x20\x20\x20\x20\x20\x20\x20\x74\x68\x69\x73\x2e\x63\x6f\x6e\x74\x61\x69\x6e\x65\x72\x20\x3d\x20\x6e\x75\x6c\x6c\x3b\x0a\x20\x20\x20\x20\x20\x20\x20\x20\x74\x68\x69\x73\x2e\x66\x75\x6c\x6c\x48\x54\x4d\x4c\x20\x3d\x20\x27\x27\x3b\x0a\x20\x20\x20\x20\x20\x20\x20\x20\x74\x68\x69\x73\x2e\x69\x73\x52\x75\x6e\x6e\x69\x6e\x67\x20\x3d\x20\x66\x61\x6c\x73\x65\x3b\x0a\x20\x20\x20\x20\x20\x20\x20\x20\x74\x68\x69\x73\x2e\x74\x69\x6d\x65\x72\x20\x3d\x20\x6e\x75\x6c\x6c\x3b\x0a\x20\x20\x20\x20\x7d\x0a\x0a\x20\x20\x20\x20\x61\x73\x79\x6e\x63\x20\x72\x65\x6e\x64\x65\x72\x28\x6d\x61\x72\x6b\x64\x6f\x77\x6e\x2c\x20\x63\x6f\x6e\x74\x61\x69\x6e\x65\x72\x29\x20\x7b\x0a\x20\x20\x20\x20\x20\x20\x20\x20\x74\x68\x69\x73\x2e\x63\x6f\x6e\x74\x61\x69\x6e\x65\x72\x20\x3d\x20\x63\x6f\x6e\x74\x61\x69\x6e\x65\x72\x3b\x0a\x20\x20\x20\x20\x20\x20\x20\x20\x74\x68\x69\x73\x2e\x66\x75\x6c\x6c\x48\x54\x4d\x4c\x20\x3d\x20\x72\x65\x6e\x64\x65\x72\x4d\x61\x72\x6b\x64\x6f\x77\x6e\x28\x6d\x61\x72\x6b\x64\x6f\x77\x6e\x29\x3b\x0a\x20\x20\x20\x20\x20\x20\x20\x20\x74\x68\x69\x73\x2e\x63\x6f\x6e\x74\x61\x69\x6e\x65\x72\x2e\x69\x6e\x6e\x65\x72\x48\x54\x4d\x4c\x20\x3d\x20\x27\x27\x3b\x0a\x20\x20\x20\x20\x20\x20\x20\x20\x74\x68\x69\x73\x2e\x69\x73\x52\x75\x6e\x6e\x69\x6e\x67\x20\x3d\x20\x74\x72\x75\x65\x3b\x0a\x0a\x20\x20\x20\x20\x20\x20\x20\x20\x63\x6f\x6e\x73\x74\x20\x5f\x72\x74\x6d\x74\x20\x3d\x20\x64\x6f\x63\x75\x6d\x65\x6e\x74\x2e\x63\x72\x65\x61\x74\x65\x45\x6c\x65\x6d\x65\x6e\x74\x28\x27\x64\x69\x76\x27\x29\x3b\x0a\x20\x20\x20\x20\x20\x20\x20\x20\x74\x65\x6d\x70\x2e\x69\x6e\x6e\x65\x72\x48\x54\x4d\x4c\x20\x3d\x20\x74\x68\x69\x73\x2e\x66\x75\x6c\x6c\x48\x54\x4d\x4c\x3b\x0a\x0a\x20\x20\x20\x20\x20\x20\x20\x20\x2f\x2f\x20\x50\x72\x6f\x63\x65\x73\x73\x20\x74\x6f\x70\x2d\x6c\x65\x76\x65\x6c\x20\x62\x6c\x6f\x63\x6b\x20\x65\x6c\x65\x6d\x65\x6e\x74\x73\x20\x73\x65\x71\x75\x65\x6e\x74\x69\x61\x6c\x6c\x79\x20\x28\x68\x31\x2d\x68\x36\x2c\x20\x70\x2c\x20\x75\x6c\x2c\x20\x6f\x6c\x2c\x20\x62\x6c\x6f\x63\x6b\x71\x75\x6f\x74\x65\x2c\x20\x63\x6f\x64\x65\x2d\x62\x6c\x6f\x63\x6b\x2c\x20\x68\x72\x29\x0a\x20\x20\x20\x20\x20\x20\x20\x20\x63\x6f\x6e\x73\x74\x20\x5f\x57\x6e\x6f\x20\x3d\x20\x41\x72\x72\x61\x79\x2e\x66\x72\x6f\x6d\x28\x74\x65\x6d\x70\x2e\x63\x68\x69\x6c\x64\x4e\x6f\x64\x65\x73\x29\x3b\x0a\x0a\x20\x20\x20\x20\x20\x20\x20\x20\x66\x6f\x72\x20\x28\x63\x6f\x6e\x73\x74\x20\x5f\x58\x43\x76\x4e\x20\x6f\x66\x20\x62\x6c\x6f\x63\x6b\x73\x29\x20\x7b\x0a\x20\x20\x20\x20\x20\x20\x20\x20\x20\x20\x20\x20\x69\x66\x20\x28\x21\x74\x68\x69\x73\x2e\x69\x73\x52\x75\x6e\x6e\x69\x6e\x67\x29\x20\x62\x72\x65\x61\x6b\x3b\x0a\x20\x20\x20\x20\x20\x20\x20\x20\x20\x20\x20\x20\x61\x77\x61\x69\x74\x20\x74\x68\x69\x73\x2e\x74\x79\x70\x65\x42\x6c\x6f\x63\x6b\x4e\x6f\x64\x65\x28\x62\x6c\x6f\x63\x6b\x4e\x6f\x64\x65\x2c\x20\x74\x68\x69\x73\x2e\x63\x6f\x6e\x74\x61\x69\x6e\x65\x72\x29\x3b\x0a\x20\x20\x20\x20\x20\x20\x20\x20\x7d\x0a\x0a\x20\x20\x20\x20\x20\x20\x20\x20\x74\x68\x69\x73\x2e\x66\x69\x6e\x69\x73\x68\x28\x29\x3b\x0a\x20\x20\x20\x20\x7d\x0a\x0a\x20\x20\x20\x20\x74\x79\x70\x65\x42\x6c\x6f\x63\x6b\x4e\x6f\x64\x65\x28\x6e\x6f\x64\x65\x2c\x20\x70\x61\x72\x65\x6e\x74\x54\x61\x72\x67\x65\x74\x29\x20\x7b\x0a\x20\x20\x20\x20\x20\x20\x20\x20\x72\x65\x74\x75\x72\x6e\x20\x6e\x65\x77\x20\x50\x72\x6f\x6d\x69\x73\x65\x28\x28\x72\x65\x73\x6f\x6c\x76\x65\x29\x20\x3d\x3e\x20\x7b\x0a\x20\x20\x20\x20\x20\x20\x20\x20\x20\x20\x20\x20\x69\x66\x20\x28\x6e\x6f\x64\x65\x2e\x6e\x6f\x64\x65\x54\x79\x70\x65\x20\x3d\x3d\x3d\x20\x4e\x6f\x64\x65\x2e\x54\x45\x58\x54\x5f\x4e\x4f\x44\x45\x29\x20\x7b\x0a\x20\x20\x20\x20\x20\x20\x20\x20\x20\x20\x20\x20\x20\x20\x20\x20\x63\x6f\x6e\x73\x74\x20\x5f\x67\x58\x6d\x20\x3d\x20\x6e\x6f\x64\x65\x2e\x74\x65\x78\x74\x43\x6f\x6e\x74\x65\x6e\x74\x3b\x0a\x20\x20\x20\x20\x20\x20\x20\x20\x20\x20\x20\x20\x20\x20\x20\x20\x69\x66\x20\x28\x21\x74\x65\x78\x74\x2e\x74\x72\x69\x6d\x28\x29\x29\x20\x7b\x0a\x20\x20\x20\x20\x20\x20\x20\x20\x20\x20\x20\x20\x20\x20\x20\x20\x20\x20\x20\x20\x72\x65\x73\x6f\x6c\x76\x65\x28\x29\x3b\x0a\x20\x20\x20\x20\x20\x20\x20\x20\x20\x20\x20\x20\x20\x20\x20\x20\x20\x20\x20\x20\x72\x65\x74\x75\x72\x6e\x3b\x0a\x20\x20\x20\x20\x20\x20\x20\x20\x20\x20\x20\x20\x20\x20\x20\x20\x7d\x0a\x20\x20\x20\x20\x20\x20\x20\x20\x20\x20\x20\x20\x20\x20\x20\x20\x74\x68\x69\x73\x2e\x74\x79\x70\x65\x54\x65\x78\x74\x4e\x6f\x64\x65\x28\x74\x65\x78\x74\x2c\x20\x70\x61\x72\x65\x6e\x74\x54\x61\x72\x67\x65\x74\x2c\x20\x72\x65\x73\x6f\x6c\x76\x65\x29\x3b\x0a\x20\x20\x20\x20\x20\x20\x20\x20\x20\x20\x20\x20\x20\x20\x20\x20\x72\x65\x74\x75\x72\x6e\x3b\x0a\x20\x20\x20\x20\x20\x20\x20\x20\x20\x20\x20\x20\x7d\x0a\x0a\x20\x20\x20\x20\x20\x20\x20\x20\x20\x20\x20\x20\x69\x66\x20\x28\x6e\x6f\x64\x65\x2e\x6e\x6f\x64\x65\x54\x79\x70\x65\x20\x21\x3d\x3d\x20\x4e\x6f\x64\x65\x2e\x45\x4c\x45\x4d\x45\x4e\x54\x5f\x4e\x4f\x44\x45\x29\x20\x7b\x0a\x20\x20\x20\x20\x20\x20\x20\x20\x20\x20\x20\x20\x20\x20\x20\x20\x72\x65\x73\x6f\x6c\x76\x65\x28\x29\x3b\x0a\x20\x20\x20\x20\x20\x20\x20\x20\x20\x20\x20\x20\x20\x20\x20\x20\x72\x65\x74\x75\x72\x6e\x3b\x0a\x20\x20\x20\x20\x20\x20\x20\x20\x20\x20\x20\x20\x7d\x0a\x0a\x20\x20\x20\x20\x20\x20\x20\x20\x20\x20\x20\x20\x63\x6f\x6e\x73\x74\x20\x5f\x6d\x6e\x78\x6a\x72\x7a\x20\x3d\x20\x6e\x6f\x64\x65\x2e\x74\x61\x67\x4e\x61\x6d\x65\x2e\x74\x6f\x4c\x6f\x77\x65\x72\x43\x61\x73\x65\x28\x29\x3b\x0a\x20\x20\x20\x20\x20\x20\x20\x20\x20\x20\x20\x20\x63\x6f\x6e\x73\x74\x20\x5f\x6d\x76\x64\x20\x3d\x20\x6e\x6f\x64\x65\x2e\x63\x6c\x61\x73\x73\x4c\x69\x73\x74\x2e\x63\x6f\x6e\x74\x61\x69\x6e\x73\x28\x27\x63\x6f\x64\x65\x2d\x62\x6c\x6f\x63\x6b\x27\x29\x20\x7c\x7c\x20\x74\x61\x67\x4e\x61\x6d\x65\x20\x3d\x3d\x3d\x20\x27\x70\x72\x65\x27\x3b\x0a\x0a\x20\x20\x20\x20\x20\x20\x20\x20\x20\x20\x20\x20\x2f\x2f\x20\x46\x6f\x72\x20\x63\x6f\x64\x65\x20\x62\x6c\x6f\x63\x6b\x73\x3a\x20\x74\x79\x70\x65\x20\x74\x68\x65\x20\x63\x6f\x64\x65\x20\x69\x74\x73\x65\x6c\x66\x20\x6f\x75\x74\x20\x63\x68\x61\x72\x61\x63\x74\x65\x72\x20\x62\x79\x20\x63\x68\x61\x72\x61\x63\x74\x65\x72\x0a\x20\x20\x20\x20\x20\x20\x20\x20\x20\x20\x20\x20\x2f\x2f\x20\x28\x70\x6c\x61\x69\x6e\x20\x74\x65\x78\x74\x2c\x20\x6e\x6f\x20\x68\x69\x67\x68\x6c\x69\x67\x68\x74\x69\x6e\x67\x20\x79\x65\x74\x29\x20\x73\x6f\x20\x69\x74\x20\x61\x70\x70\x65\x61\x72\x73\x20\x70\x72\x6f\x67\x72\x65\x73\x73\x69\x76\x65\x6c\x79\x0a\x20\x20\x20\x20\x20\x20\x20\x20\x20\x20\x20\x20\x2f\x2f\x20\x6c\x69\x6b\x65\x20\x74\x68\x65\x20\x72\x65\x73\x74\x20\x6f\x66\x20\x74\x68\x65\x20\x61\x6e\x73\x77\x65\x72\x2c\x20\x74\x68\x65\x6e\x20\x73\x79\x6e\x74\x61\x78\x2d\x68\x69\x67\x68\x6c\x69\x67\x68\x74\x20\x6f\x6e\x63\x65\x20\x64\x6f\x6e\x65\x2e\x0a\x20\x20\x20\x20\x20\x20\x20\x20\x20\x20\x20\x20\x69\x66\x20\x28\x69\x73\x43\x6f\x64\x65\x42\x6c\x6f\x63\x6b\x29\x20\x7b\x0a\x20\x20\x20\x20\x20\x20\x20\x20\x20\x20\x20\x20\x20\x20\x20\x20\x63\x6f\x6e\x73\x74\x20\x5f\x67\x58\x77\x59\x6a\x71\x57\x68\x20\x3d\x20\x6e\x6f\x64\x65\x2e\x63\x6c\x6f\x6e\x65\x4e\x6f\x64\x65\x28\x74\x72\x75\x65\x29\x3b\x0a\x20\x20\x20\x20\x20\x20\x20\x20\x20\x20\x20\x20\x20\x20\x20\x20\x70\x61\x72\x65\x6e\x74\x54\x61\x72\x67\x65\x74\x2e\x61\x70\x70\x65\x6e\x64\x43\x68\x69\x6c\x64\x28\x63\x6c\x6f\x6e\x65\x29\x3b\x0a\x0a\x20\x20\x20\x20\x20\x20\x20\x20\x20\x20\x20\x20\x20\x20\x20\x20\x63\x6f\x6e\x73\x74\x20\x5f\x78\x4b\x45\x48\x6f\x55\x54\x20\x3d\x20\x63\x6c\x6f\x6e\x65\x2e\x71\x75\x65\x72\x79\x53\x65\x6c\x65\x63\x74\x6f\x72\x28\x27\x63\x6f\x64\x65\x27\x29\x3b\x0a\x20\x20\x20\x20\x20\x20\x20\x20\x20\x20\x20\x20\x20\x20\x20\x20\x63\x6f\x6e\x73\x74\x20\x5f\x66\x63\x48\x20\x3d\x20\x63\x6f\x64\x65\x45\x6c\x20\x3f\x20\x63\x6f\x64\x65\x45\x6c\x2e\x74\x65\x78\x74\x43\x6f\x6e\x74\x65\x6e\x74\x20\x3a\x20\x27\x27\x3b\x0a\x0a\x20\x20\x20\x20\x20\x20\x20\x20\x20\x20\x20\x20\x20\x20\x20\x20\x69\x66\x20\x28\x21\x63\x6f\x64\x65\x45\x6c\x20\x7c\x7c\x20\x21\x66\x75\x6c\x6c\x43\x6f\x64\x65\x54\x65\x78\x74\x29\x20\x7b\x0a\x20\x20\x20\x20\x20\x20\x20\x20\x20\x20\x20\x20\x20\x20\x20\x20\x20\x20\x20\x20\x69\x66\x20\x28\x74\x68\x69\x73\x2e\x6f\x6e\x43\x68\x61\x72\x29\x20\x74\x68\x69\x73\x2e\x6f\x6e\x43\x68\x61\x72\x28\x29\x3b\x0a\x20\x20\x20\x20\x20\x20\x20\x20\x20\x20\x20\x20\x20\x20\x20\x20\x20\x20\x20\x20\x73\x65\x74\x54\x69\x6d\x65\x6f\x75\x74\x28\x72\x65\x73\x6f\x6c\x76\x65\x2c\x20\x33\x30\x29\x3b\x0a\x20\x20\x20\x20\x20\x20\x20\x20\x20\x20\x20\x20\x20\x20\x20\x20\x20\x20\x20\x20\x72\x65\x74\x75\x72\x6e\x3b\x0a\x20\x20\x20\x20\x20\x20\x20\x20\x20\x20\x20\x20\x20\x20\x20\x20\x7d\x0a\x0a\x20\x20\x20\x20\x20\x20\x20\x20\x20\x20\x20\x20\x20\x20\x20\x20\x63\x6f\x64\x65\x45\x6c\x2e\x74\x65\x78\x74\x43\x6f\x6e\x74\x65\x6e\x74\x20\x3d\x20\x27\x27\x3b\x0a\x20\x20\x20\x20\x20\x20\x20\x20\x20\x20\x20\x20\x20\x20\x20\x20\x2f\x2f\x20\x43\x6f\x64\x65\x20\x73\x74\x72\x65\x61\x6d\x73\x20\x61\x20\x62\x69\x74\x20\x66\x61\x73\x74\x65\x72\x20\x74\x68\x61\x6e\x20\x70\x72\x6f\x73\x65\x20\x2014\x20\x6c\x6f\x6e\x67\x20\x62\x6c\x6f\x63\x6b\x73\x0a\x20\x20\x20\x20\x20\x20\x20\x20\x20\x20\x20\x20\x20\x20\x20\x20\x2f\x2f\x20\x73\x68\x6f\x75\x6c\x64\x6e\x27\x74\x20\x74\x61\x6b\x65\x20\x66\x6f\x72\x65\x76\x65\x72\x20\x74\x6f\x20"write out"\x2e\x0a\x20\x20\x20\x20\x20\x20\x20\x20\x20\x20\x20\x20\x20\x20\x20\x20\x63\x6f\x6e\x73\x74\x20\x5f\x6d\x59\x7a\x66\x55\x67\x20\x3d\x20\x4d\x61\x74\x68\x2e\x6d\x61\x78\x28\x32\x2c\x20\x74\x68\x69\x73\x2e\x73\x70\x65\x65\x64\x20\x2a\x20\x30\x2e\x33\x29\x3b\x0a\x20\x20\x20\x20\x20\x20\x20\x20\x20\x20\x20\x20\x20\x20\x20\x20\x6c\x65\x74\x20\x5f\x4b\x65\x43\x4d\x43\x45\x67\x79\x20\x3d\x20\x30\x3b\x0a\x0a\x20\x20\x20\x20\x20\x20\x20\x20\x20\x20\x20\x20\x20\x20\x20\x20\x63\x6f\x6e\x73\x74\x20\x5f\x6e\x4e\x46\x7a\x4b\x49\x67\x47\x20\x3d\x20\x28\x29\x20\x3d\x3e\x20\x7b\x0a\x20\x20\x20\x20\x20\x20\x20\x20\x20\x20\x20\x20\x20\x20\x20\x20\x20\x20\x20\x20\x69\x66\x20\x28\x21\x74\x68\x69\x73\x2e\x69\x73\x52\x75\x6e\x6e\x69\x6e\x67\x29\x20\x7b\x20\x72\x65\x73\x6f\x6c\x76\x65\x28\x29\x3b\x20\x72\x65\x74\x75\x72\x6e\x3b\x20\x7d\x0a\x20\x20\x20\x20\x20\x20\x20\x20\x20\x20\x20\x20\x20\x20\x20\x20\x20\x20\x20\x20\x69\x66\x20\x28\x63\x69\x20\x3e\x3d\x20\x66\x75\x6c\x6c\x43\x6f\x64\x65\x54\x65\x78\x74\x2e\x6c\x65\x6e\x67\x74\x68\x29\x20\x7b\x0a\x20\x20\x20\x20\x20\x20\x20\x20\x20\x20\x20\x20\x20\x20\x20\x20\x20\x20\x20\x20\x20\x20\x20\x20\x69\x66\x20\x28\x77\x69\x6e\x64\x6f\x77\x2e\x68\x6c\x6a\x73\x29\x20\x7b\x0a\x20\x20\x20\x20\x20\x20\x20\x20\x20\x20\x20\x20\x20\x20\x20\x20\x20\x20\x20\x20\x20\x20\x20\x20\x20\x20\x20\x20\x74\x72\x79\x20\x7b\x20\x77\x69\x6e\x64\x6f\x77\x2e\x68\x6c\x6a\x73\x2e\x68\x69\x67\x68\x6c\x69\x67\x68\x74\x45\x6c\x65\x6d\x65\x6e\x74\x28\x63\x6f\x64\x65\x45\x6c\x29\x3b\x20\x7d\x20\x63\x61\x74\x63\x68\x20\x28\x65\x29\x20\x7b\x7d\x0a\x20\x20\x20\x20\x20\x20\x20\x20\x20\x20\x20\x20\x20\x20\x20\x20\x20\x20\x20\x20\x20\x20\x20\x20\x7d\x0a\x20\x20\x20\x20\x20\x20\x20\x20\x20\x20\x20\x20\x20\x20\x20\x20\x20\x20\x20\x20\x20\x20\x20\x20\x77\x69\x72\x65\x43\x6f\x64\x65\x42\x6c\x6f\x63\x6b\x43\x6f\x70\x79\x42\x75\x74\x74\x6f\x6e\x28\x63\x6c\x6f\x6e\x65\x29\x3b\x0a\x20\x20\x20\x20\x20\x20\x20\x20\x20\x20\x20\x20\x20\x20\x20\x20\x20\x20\x20\x20\x20\x20\x20\x20\x72\x65\x73\x6f\x6c\x76\x65\x28\x29\x3b\x0a\x20\x20\x20\x20\x20\x20\x20\x20\x20\x20\x20\x20\x20\x20\x20\x20\x20\x20\x20\x20\x20\x20\x20\x20\x72\x65\x74\x75\x72\x6e\x3b\x0a\x20\x20\x20\x20\x20\x20\x20\x20\x20\x20\x20\x20\x20\x20\x20\x20\x20\x20\x20\x20\x7d\x0a\x20\x20\x20\x20\x20\x20\x20\x20\x20\x20\x20\x20\x20\x20\x20\x20\x20\x20\x20\x20\x63\x6f\x64\x65\x45\x6c\x2e\x61\x70\x70\x65\x6e\x64\x43\x68\x69\x6c\x64\x28\x64\x6f\x63\x75\x6d\x65\x6e\x74\x2e\x63\x72\x65\x61\x74\x65\x54\x65\x78\x74\x4e\x6f\x64\x65\x28\x66\x75\x6c\x6c\x43\x6f\x64\x65\x54\x65\x78\x74\x5b\x63\x69\x2b\x2b\x5d\x29\x29\x3b\x0a\x20\x20\x20\x20\x20\x20\x20\x20\x20\x20\x20\x20\x20\x20\x20\x20\x20\x20\x20\x20\x69\x66\x20\x28\x74\x68\x69\x73\x2e\x6f\x6e\x43\x68\x61\x72\x29\x20\x74\x68\x69\x73\x2e\x6f\x6e\x43\x68\x61\x72\x28\x29\x3b\x0a\x20\x20\x20\x20\x20\x20\x20\x20\x20\x20\x20\x20\x20\x20\x20\x20\x20\x20\x20\x20\x74\x68\x69\x73\x2e\x74\x69\x6d\x65\x72\x20\x3d\x20\x73\x65\x74\x54\x69\x6d\x65\x6f\x75\x74\x28\x74\x79\x70\x65\x43\x6f\x64\x65\x43\x68\x61\x72\x2c\x20\x63\x6f\x64\x65\x43\x68\x61\x72\x44\x65\x6c\x61\x79\x29\x3b\x0a\x20\x20\x20\x20\x20\x20\x20\x20\x20\x20\x20\x20\x20\x20\x20\x20\x7d\x3b\x0a\x20\x20\x20\x20\x20\x20\x20\x20\x20\x20\x20\x20\x20\x20\x20\x20\x74\x79\x70\x65\x43\x6f\x64\x65\x43\x68\x61\x72\x28\x29\x3b\x0a\x20\x20\x20\x20\x20\x20\x20\x20\x20\x20\x20\x20\x20\x20\x20\x20\x72\x65\x74\x75\x72\x6e\x3b\x0a\x20\x20\x20\x20\x20\x20\x20\x20\x20\x20\x20\x20\x7d\x0a\x0a\x20\x20\x20\x20\x20\x20\x20\x20\x20\x20\x20\x20\x2f\x2f\x20\x48\x52\x73\x3a\x20\x72\x65\x6e\x64\x65\x72\x20\x69\x6d\x6d\x65\x64\x69\x61\x74\x65\x6c\x79\x2c\x20\x6e\x6f\x20\x63\x68\x61\x72\x61\x63\x74\x65\x72\x20\x64\x65\x6c\x61\x79\x0a\x20\x20\x20\x20\x20\x20\x20\x20\x20\x20\x20\x20\x69\x66\x20\x28\x74\x61\x67\x4e\x61\x6d\x65\x20\x3d\x3d\x3d\x20\x27\x68\x72\x27\x29\x20\x7b\x0a\x20\x20\x20\x20\x20\x20\x20\x20\x20\x20\x20\x20\x20\x20\x20\x20\x63\x6f\x6e\x73\x74\x20\x5f\x67\x58\x77\x59\x6a\x71\x57\x68\x20\x3d\x20\x6e\x6f\x64\x65\x2e\x63\x6c\x6f\x6e\x65\x4e\x6f\x64\x65\x28\x74\x72\x75\x65\x29\x3b\x0a\x20\x20\x20\x20\x20\x20\x20\x20\x20\x20\x20\x20\x20\x20\x20\x20\x70\x61\x72\x65\x6e\x74\x54\x61\x72\x67\x65\x74\x2e\x61\x70\x70\x65\x6e\x64\x43\x68\x69\x6c\x64\x28\x63\x6c\x6f\x6e\x65\x29\x3b\x0a\x20\x20\x20\x20\x20\x20\x20\x20\x20\x20\x20\x20\x20\x20\x20\x20\x69\x66\x20\x28\x74\x68\x69\x73\x2e\x6f\x6e\x43\x68\x61\x72\x29\x20\x74\x68\x69\x73\x2e\x6f\x6e\x43\x68\x61\x72\x28\x29\x3b\x0a\x20\x20\x20\x20\x20\x20\x20\x20\x20\x20\x20\x20\x20\x20\x20\x20\x73\x65\x74\x54\x69\x6d\x65\x6f\x75\x74\x28\x72\x65\x73\x6f\x6c\x76\x65\x2c\x20\x33\x30\x29\x3b\x0a\x20\x20\x20\x20\x20\x20\x20\x20\x20\x20\x20\x20\x20\x20\x20\x20\x72\x65\x74\x75\x72\x6e\x3b\x0a\x20\x20\x20\x20\x20\x20\x20\x20\x20\x20\x20\x20\x7d\x0a\x0a\x20\x20\x20\x20\x20\x20\x20\x20\x20\x20\x20\x20\x2f\x2f\x20\x46\x6f\x72\x20\x4c\x69\x73\x74\x20\x43\x6f\x6e\x74\x61\x69\x6e\x65\x72\x73\x20\x28\x3c\x75\x6c\x3e\x20\x2f\x20\x3c\x6f\x6c\x3e\x29\x3a\x20\x63\x72\x65\x61\x74\x65\x20\x6c\x69\x73\x74\x20\x73\x68\x65\x6c\x6c\x2c\x20\x74\x68\x65\x6e\x20\x70\x72\x6f\x63\x65\x73\x73\x20\x3c\x6c\x69\x3e\x20\x63\x68\x69\x6c\x64\x72\x65\x6e\x20\x73\x65\x71\x75\x65\x6e\x74\x69\x61\x6c\x6c\x79\x21\x0a\x20\x20\x20\x20\x20\x20\x20\x20\x20\x20\x20\x20\x69\x66\x20\x28\x74\x61\x67\x4e\x61\x6d\x65\x20\x3d\x3d\x3d\x20\x27\x75\x6c\x27\x20\x7c\x7c\x20\x74\x61\x67\x4e\x61\x6d\x65\x20\x3d\x3d\x3d\x20\x27\x6f\x6c\x27\x29\x20\x7b\x0a\x20\x20\x20\x20\x20\x20\x20\x20\x20\x20\x20\x20\x20\x20\x20\x20\x63\x6f\x6e\x73\x74\x20\x5f\x51\x5a\x72\x71\x20\x3d\x20\x64\x6f\x63\x75\x6d\x65\x6e\x74\x2e\x63\x72\x65\x61\x74\x65\x45\x6c\x65\x6d\x65\x6e\x74\x28\x74\x61\x67\x4e\x61\x6d\x65\x29\x3b\x0a\x20\x20\x20\x20\x20\x20\x20\x20\x20\x20\x20\x20\x20\x20\x20\x20\x6c\x69\x73\x74\x45\x6c\x2e\x63\x6c\x61\x73\x73\x4e\x61\x6d\x65\x20\x3d\x20\x6e\x6f\x64\x65\x2e\x63\x6c\x61\x73\x73\x4e\x61\x6d\x65\x3b\x0a\x20\x20\x20\x20\x20\x20\x20\x20\x20\x20\x20\x20\x20\x20\x20\x20\x70\x61\x72\x65\x6e\x74\x54\x61\x72\x67\x65\x74\x2e\x61\x70\x70\x65\x6e\x64\x43\x68\x69\x6c\x64\x28\x6c\x69\x73\x74\x45\x6c\x29\x3b\x0a\x0a\x20\x20\x20\x20\x20\x20\x20\x20\x20\x20\x20\x20\x20\x20\x20\x20\x63\x6f\x6e\x73\x74\x20\x5f\x65\x44\x4a\x45\x76\x42\x20\x3d\x20\x41\x72\x72\x61\x79\x2e\x66\x72\x6f\x6d\x28\x6e\x6f\x64\x65\x2e\x63\x68\x69\x6c\x64\x72\x65\x6e\x29\x3b\x0a\x20\x20\x20\x20\x20\x20\x20\x20\x20\x20\x20\x20\x20\x20\x20\x20\x6c\x65\x74\x20\x5f\x71\x73\x6c\x54\x20\x3d\x20\x30\x3b\x0a\x0a\x20\x20\x20\x20\x20\x20\x20\x20\x20\x20\x20\x20\x20\x20\x20\x20\x63\x6f\x6e\x73\x74\x20\x5f\x44\x6b\x73\x4a\x72\x75\x61\x78\x20\x3d\x20\x61\x73\x79\x6e\x63\x20\x28\x29\x20\x3d\x3e\x20\x7b\x0a\x20\x20\x20\x20\x20\x20\x20\x20\x20\x20\x20\x20\x20\x20\x20\x20\x20\x20\x20\x20\x69\x66\x20\x28\x69\x64\x78\x20\x3e\x3d\x20\x69\x74\x65\x6d\x73\x2e\x6c\x65\x6e\x67\x74\x68\x20\x7c\x7c\x20\x21\x74\x68\x69\x73\x2e\x69\x73\x52\x75\x6e\x6e\x69\x6e\x67\x29\x20\x7b\x0a\x20\x20\x20\x20\x20\x20\x20\x20\x20\x20\x20\x20\x20\x20\x20\x20\x20\x20\x20\x20\x20\x20\x20\x20\x72\x65\x73\x6f\x6c\x76\x65\x28\x29\x3b\x0a\x20\x20\x20\x20\x20\x20\x20\x20\x20\x20\x20\x20\x20\x20\x20\x20\x20\x20\x20\x20\x20\x20\x20\x20\x72\x65\x74\x75\x72\x6e\x3b\x0a\x20\x20\x20\x20\x20\x20\x20\x20\x20\x20\x20\x20\x20\x20\x20\x20\x20\x20\x20\x20\x7d\x0a\x20\x20\x20\x20\x20\x20\x20\x20\x20\x20\x20\x20\x20\x20\x20\x20\x20\x20\x20\x20\x63\x6f\x6e\x73\x74\x20\x5f\x4c\x70\x54\x20\x3d\x20\x69\x74\x65\x6d\x73\x5b\x69\x64\x78\x2b\x2b\x5d\x3b\x0a\x20\x20\x20\x20\x20\x20\x20\x20\x20\x20\x20\x20\x20\x20\x20\x20\x20\x20\x20\x20\x61\x77\x61\x69\x74\x20\x74\x68\x69\x73\x2e\x74\x79\x70\x65\x42\x6c\x6f\x63\x6b\x4e\x6f\x64\x65\x28\x69\x74\x65\x6d\x4e\x6f\x64\x65\x2c\x20\x6c\x69\x73\x74\x45\x6c\x29\x3b\x0a\x20\x20\x20\x20\x20\x20\x20\x20\x20\x20\x20\x20\x20\x20\x20\x20\x20\x20\x20\x20\x70\x72\x6f\x63\x65\x73\x73\x4e\x65\x78\x74\x49\x74\x65\x6d\x28\x29\x3b\x0a\x20\x20\x20\x20\x20\x20\x20\x20\x20\x20\x20\x20\x20\x20\x20\x20\x7d\x3b\x0a\x0a\x20\x20\x20\x20\x20\x20\x20\x20\x20\x20\x20\x20\x20\x20\x20\x20\x70\x72\x6f\x63\x65\x73\x73\x4e\x65\x78\x74\x49\x74\x65\x6d\x28\x29\x3b\x0a\x20\x20\x20\x20\x20\x20\x20\x20\x20\x20\x20\x20\x20\x20\x20\x20\x72\x65\x74\x75\x72\x6e\x3b\x0a\x20\x20\x20\x20\x20\x20\x20\x20\x20\x20\x20\x20\x7d\x0a\x0a\x20\x20\x20\x20\x20\x20\x20\x20\x20\x20\x20\x20\x2f\x2f\x20\x46\x6f\x72\x20\x42\x6c\x6f\x63\x6b\x20\x43\x6f\x6e\x74\x61\x69\x6e\x65\x72\x73\x20\x28\x70\x2c\x20\x68\x31\x2d\x68\x33\x2c\x20\x6c\x69\x2c\x20\x62\x6c\x6f\x63\x6b\x71\x75\x6f\x74\x65\x29\x3a\x20\x63\x72\x65\x61\x74\x65\x20\x65\x6c\x65\x6d\x65\x6e\x74\x20\x73\x68\x65\x6c\x6c\x20\x65\x6d\x70\x74\x79\x2c\x20\x74\x68\x65\x6e\x20\x74\x79\x70\x65\x20\x69\x6e\x6c\x69\x6e\x65\x20\x63\x68\x69\x6c\x64\x72\x65\x6e\x21\x0a\x20\x20\x20\x20\x20\x20\x20\x20\x20\x20\x20\x20\x63\x6f\x6e\x73\x74\x20\x5f\x41\x7a\x6f\x42\x57\x51\x20\x3d\x20\x64\x6f\x63\x75\x6d\x65\x6e\x74\x2e\x63\x72\x65\x61\x74\x65\x45\x6c\x65\x6d\x65\x6e\x74\x28\x74\x61\x67\x4e\x61\x6d\x65\x29\x3b\x0a\x20\x20\x20\x20\x20\x20\x20\x20\x20\x20\x20\x20\x65\x6c\x65\x6d\x65\x6e\x74\x45\x6c\x2e\x63\x6c\x61\x73\x73\x4e\x61\x6d\x65\x20\x3d\x20\x6e\x6f\x64\x65\x2e\x63\x6c\x61\x73\x73\x4e\x61\x6d\x65\x3b\x0a\x0a\x20\x20\x20\x20\x20\x20\x20\x20\x20\x20\x20\x20\x2f\x2f\x20\x43\x6f\x70\x79\x20\x61\x74\x74\x72\x69\x62\x75\x74\x65\x73\x20\x28\x68\x72\x65\x66\x2c\x20\x74\x61\x72\x67\x65\x74\x2c\x20\x65\x74\x63\x2e\x29\x0a\x20\x20\x20\x20\x20\x20\x20\x20\x20\x20\x20\x20\x66\x6f\x72\x20\x28\x6c\x65\x74\x20\x5f\x53\x70\x52\x42\x20\x3d\x20\x30\x3b\x20\x69\x20\x3c\x20\x6e\x6f\x64\x65\x2e\x61\x74\x74\x72\x69\x62\x75\x74\x65\x73\x2e\x6c\x65\x6e\x67\x74\x68\x3b\x20\x69\x2b\x2b\x29\x20\x7b\x0a\x20\x20\x20\x20\x20\x20\x20\x20\x20\x20\x20\x20\x20\x20\x20\x20\x63\x6f\x6e\x73\x74\x20\x5f\x78\x56\x58\x69\x7a\x45\x20\x3d\x20\x6e\x6f\x64\x65\x2e\x61\x74\x74\x72\x69\x62\x75\x74\x65\x73\x5b\x69\x5d\x3b\x0a\x20\x20\x20\x20\x20\x20\x20\x20\x20\x20\x20\x20\x20\x20\x20\x20\x69\x66\x20\x28\x61\x74\x74\x72\x2e\x6e\x61\x6d\x65\x20\x21\x3d\x3d\x20\x27\x63\x6c\x61\x73\x73\x27\x29\x20\x65\x6c\x65\x6d\x65\x6e\x74\x45\x6c\x2e\x73\x65\x74\x41\x74\x74\x72\x69\x62\x75\x74\x65\x28\x61\x74\x74\x72\x2e\x6e\x61\x6d\x65\x2c\x20\x61\x74\x74\x72\x2e\x76\x61\x6c\x75\x65\x29\x3b\x0a\x20\x20\x20\x20\x20\x20\x20\x20\x20\x20\x20\x20\x7d\x0a\x0a\x20\x20\x20\x20\x20\x20\x20\x20\x20\x20\x20\x20\x70\x61\x72\x65\x6e\x74\x54\x61\x72\x67\x65\x74\x2e\x61\x70\x70\x65\x6e\x64\x43\x68\x69\x6c\x64\x28\x65\x6c\x65\x6d\x65\x6e\x74\x45\x6c\x29\x3b\x0a\x0a\x20\x20\x20\x20\x20\x20\x20\x20\x20\x20\x20\x20\x2f\x2f\x20\x53\x74\x72\x65\x61\x6d\x20\x69\x6e\x6c\x69\x6e\x65\x20\x63\x6f\x6e\x74\x65\x6e\x74\x73\x20\x28\x74\x65\x78\x74\x2c\x20\x73\x74\x72\x6f\x6e\x67\x2c\x20\x65\x6d\x2c\x20\x63\x6f\x64\x65\x2c\x20\x61\x29\x20\x69\x6e\x73\x69\x64\x65\x20\x74\x68\x69\x73\x20\x65\x6c\x65\x6d\x65\x6e\x74\x0a\x20\x20\x20\x20\x20\x20\x20\x20\x20\x20\x20\x20\x63\x6f\x6e\x73\x74\x20\x5f\x51\x4b\x54\x70\x61\x4b\x63\x4e\x20\x3d\x20\x41\x72\x72\x61\x79\x2e\x66\x72\x6f\x6d\x28\x6e\x6f\x64\x65\x2e\x63\x68\x69\x6c\x64\x4e\x6f\x64\x65\x73\x29\x3b\x0a\x20\x20\x20\x20\x20\x20\x20\x20\x20\x20\x20\x20\x6c\x65\x74\x20\x5f\x5a\x47\x61\x48\x53\x44\x70\x20\x3d\x20\x30\x3b\x0a\x0a\x20\x20\x20\x20\x20\x20\x20\x20\x20\x20\x20\x20\x63\x6f\x6e\x73\x74\x20\x5f\x61\x72\x55\x51\x75\x20\x3d\x20\x61\x73\x79\x6e\x63\x20\x28\x29\x20\x3d\x3e\x20\x7b\x0a\x20\x20\x20\x20\x20\x20\x20\x20\x20\x20\x20\x20\x20\x20\x20\x20\x69\x66\x20\x28\x63\x68\x69\x6c\x64\x49\x64\x78\x20\x3e\x3d\x20\x63\x68\x69\x6c\x64\x72\x65\x6e\x2e\x6c\x65\x6e\x67\x74\x68\x20\x7c\x7c\x20\x21\x74\x68\x69\x73\x2e\x69\x73\x52\x75\x6e\x6e\x69\x6e\x67\x29\x20\x7b\x0a\x20\x20\x20\x20\x20\x20\x20\x20\x20\x20\x20\x20\x20\x20\x20\x20\x20\x20\x20\x20\x72\x65\x73\x6f\x6c\x76\x65\x28\x29\x3b\x0a\x20\x20\x20\x20\x20\x20\x20\x20\x20\x20\x20\x20\x20\x20\x20\x20\x20\x20\x20\x20\x72\x65\x74\x75\x72\x6e\x3b\x0a\x20\x20\x20\x20\x20\x20\x20\x20\x20\x20\x20\x20\x20\x20\x20\x20\x7d\x0a\x20\x20\x20\x20\x20\x20\x20\x20\x20\x20\x20\x20\x20\x20\x20\x20\x63\x6f\x6e\x73\x74\x20\x5f\x66\x61\x49\x58\x44\x6b\x73\x6e\x20\x3d\x20\x63\x68\x69\x6c\x64\x72\x65\x6e\x5b\x63\x68\x69\x6c\x64\x49\x64\x78\x2b\x2b\x5d\x3b\x0a\x20\x20\x20\x20\x20\x20\x20\x20\x20\x20\x20\x20\x20\x20\x20\x20\x61\x77\x61\x69\x74\x20\x74\x68\x69\x73\x2e\x74\x79\x70\x65\x49\x6e\x6c\x69\x6e\x65\x4e\x6f\x64\x65\x28\x63\x68\x69\x6c\x64\x4e\x6f\x64\x65\x2c\x20\x65\x6c\x65\x6d\x65\x6e\x74\x45\x6c\x29\x3b\x0a\x20\x20\x20\x20\x20\x20\x20\x20\x20\x20\x20\x20\x20\x20\x20\x20\x70\x72\x6f\x63\x65\x73\x73\x4e\x65\x78\x74\x49\x6e\x6c\x69\x6e\x65\x43\x68\x69\x6c\x64\x28\x29\x3b\x0a\x20\x20\x20\x20\x20\x20\x20\x20\x20\x20\x20\x20\x7d\x3b\x0a\x0a\x20\x20\x20\x20\x20\x20\x20\x20\x20\x20\x20\x20\x70\x72\x6f\x63\x65\x73\x73\x4e\x65\x78\x74\x49\x6e\x6c\x69\x6e\x65\x43\x68\x69\x6c\x64\x28\x29\x3b\x0a\x20\x20\x20\x20\x20\x20\x20\x20\x7d\x29\x3b\x0a\x20\x20\x20\x20\x7d\x0a\x0a\x20\x20\x20\x20\x74\x79\x70\x65\x49\x6e\x6c\x69\x6e\x65\x4e\x6f\x64\x65\x28\x6e\x6f\x64\x65\x2c\x20\x70\x61\x72\x65\x6e\x74\x54\x61\x72\x67\x65\x74\x29\x20\x7b\x0a\x20\x20\x20\x20\x20\x20\x20\x20\x72\x65\x74\x75\x72\x6e\x20\x6e\x65\x77\x20\x50\x72\x6f\x6d\x69\x73\x65\x28\x28\x72\x65\x73\x6f\x6c\x76\x65\x29\x20\x3d\x3e\x20\x7b\x0a\x20\x20\x20\x20\x20\x20\x20\x20\x20\x20\x20\x20\x69\x66\x20\x28\x6e\x6f\x64\x65\x2e\x6e\x6f\x64\x65\x54\x79\x70\x65\x20\x3d\x3d\x3d\x20\x4e\x6f\x64\x65\x2e\x54\x45\x58\x54\x5f\x4e\x4f\x44\x45\x29\x20\x7b\x0a\x20\x20\x20\x20\x20\x20\x20\x20\x20\x20\x20\x20\x20\x20\x20\x20\x74\x68\x69\x73\x2e\x74\x79\x70\x65\x54\x65\x78\x74\x4e\x6f\x64\x65\x28\x6e\x6f\x64\x65\x2e\x74\x65\x78\x74\x43\x6f\x6e\x74\x65\x6e\x74\x2c\x20\x70\x61\x72\x65\x6e\x74\x54\x61\x72\x67\x65\x74\x2c\x20\x72\x65\x73\x6f\x6c\x76\x65\x29\x3b\x0a\x20\x20\x20\x20\x20\x20\x20\x20\x20\x20\x20\x20\x20\x20\x20\x20\x72\x65\x74\x75\x72\x6e\x3b\x0a\x20\x20\x20\x20\x20\x20\x20\x20\x20\x20\x20\x20\x7d\x0a\x0a\x20\x20\x20\x20\x20\x20\x20\x20\x20\x20\x20\x20\x69\x66\x20\x28\x6e\x6f\x64\x65\x2e\x6e\x6f\x64\x65\x54\x79\x70\x65\x20\x3d\x3d\x3d\x20\x4e\x6f\x64\x65\x2e\x45\x4c\x45\x4d\x45\x4e\x54\x5f\x4e\x4f\x44\x45\x29\x20\x7b\x0a\x20\x20\x20\x20\x20\x20\x20\x20\x20\x20\x20\x20\x20\x20\x20\x20\x63\x6f\x6e\x73\x74\x20\x5f\x48\x73\x52\x57\x20\x3d\x20\x6e\x6f\x64\x65\x2e\x74\x61\x67\x4e\x61\x6d\x65\x2e\x74\x6f\x4c\x6f\x77\x65\x72\x43\x61\x73\x65\x28\x29\x3b\x0a\x20\x20\x20\x20\x20\x20\x20\x20\x20\x20\x20\x20\x20\x20\x20\x20\x63\x6f\x6e\x73\x74\x20\x5f\x6f\x5a\x46\x6e\x4e\x4e\x58\x67\x20\x3d\x20\x64\x6f\x63\x75\x6d\x65\x6e\x74\x2e\x63\x72\x65\x61\x74\x65\x45\x6c\x65\x6d\x65\x6e\x74\x28\x74\x61\x67\x29\x3b\x0a\x20\x20\x20\x20\x20\x20\x20\x20\x20\x20\x20\x20\x20\x20\x20\x20\x69\x6e\x6c\x69\x6e\x65\x45\x6c\x2e\x63\x6c\x61\x73\x73\x4e\x61\x6d\x65\x20\x3d\x20\x6e\x6f\x64\x65\x2e\x63\x6c\x61\x73\x73\x4e\x61\x6d\x65\x3b\x0a\x20\x20\x20\x20\x20\x20\x20\x20\x20\x20\x20\x20\x20\x20\x20\x20\x66\x6f\x72\x20\x28\x6c\x65\x74\x20\x5f\x53\x70\x52\x42\x20\x3d\x20\x30\x3b\x20\x69\x20\x3c\x20\x6e\x6f\x64\x65\x2e\x61\x74\x74\x72\x69\x62\x75\x74\x65\x73\x2e\x6c\x65\x6e\x67\x74\x68\x3b\x20\x69\x2b\x2b\x29\x20\x7b\x0a\x20\x20\x20\x20\x20\x20\x20\x20\x20\x20\x20\x20\x20\x20\x20\x20\x20\x20\x20\x20\x63\x6f\x6e\x73\x74\x20\x5f\x78\x56\x58\x69\x7a\x45\x20\x3d\x20\x6e\x6f\x64\x65\x2e\x61\x74\x74\x72\x69\x62\x75\x74\x65\x73\x5b\x69\x5d\x3b\x0a\x20\x20\x20\x20\x20\x20\x20\x20\x20\x20\x20\x20\x20\x20\x20\x20\x20\x20\x20\x20\x69\x66\x20\x28\x61\x74\x74\x72\x2e\x6e\x61\x6d\x65\x20\x21\x3d\x3d\x20\x27\x63\x6c\x61\x73\x73\x27\x29\x20\x69\x6e\x6c\x69\x6e\x65\x45\x6c\x2e\x73\x65\x74\x41\x74\x74\x72\x69\x62\x75\x74\x65\x28\x61\x74\x74\x72\x2e\x6e\x61\x6d\x65\x2c\x20\x61\x74\x74\x72\x2e\x76\x61\x6c\x75\x65\x29\x3b\x0a\x20\x20\x20\x20\x20\x20\x20\x20\x20\x20\x20\x20\x20\x20\x20\x20\x7d\x0a\x20\x20\x20\x20\x20\x20\x20\x20\x20\x20\x20\x20\x20\x20\x20\x20\x70\x61\x72\x65\x6e\x74\x54\x61\x72\x67\x65\x74\x2e\x61\x70\x70\x65\x6e\x64\x43\x68\x69\x6c\x64\x28\x69\x6e\x6c\x69\x6e\x65\x45\x6c\x29\x3b\x0a\x0a\x20\x20\x20\x20\x20\x20\x20\x20\x20\x20\x20\x20\x20\x20\x20\x20\x63\x6f\x6e\x73\x74\x20\x5f\x67\x58\x6d\x20\x3d\x20\x6e\x6f\x64\x65\x2e\x74\x65\x78\x74\x43\x6f\x6e\x74\x65\x6e\x74\x3b\x0a\x20\x20\x20\x20\x20\x20\x20\x20\x20\x20\x20\x20\x20\x20\x20\x20\x74\x68\x69\x73\x2e\x74\x79\x70\x65\x54\x65\x78\x74\x4e\x6f\x64\x65\x28\x74\x65\x78\x74\x2c\x20\x69\x6e\x6c\x69\x6e\x65\x45\x6c\x2c\x20\x72\x65\x73\x6f\x6c\x76\x65\x29\x3b\x0a\x20\x20\x20\x20\x20\x20\x20\x20\x20\x20\x20\x20\x20\x20\x20\x20\x72\x65\x74\x75\x72\x6e\x3b\x0a\x20\x20\x20\x20\x20\x20\x20\x20\x20\x20\x20\x20\x7d\x0a\x0a\x20\x20\x20\x20\x20\x20\x20\x20\x20\x20\x20\x20\x72\x65\x73\x6f\x6c\x76\x65\x28\x29\x3b\x0a\x20\x20\x20\x20\x20\x20\x20\x20\x7d\x29\x3b\x0a\x20\x20\x20\x20\x7d\x0a\x0a\x20\x20\x20\x20\x2f\x2f\x20\x53\x74\x72\x65\x61\x6d\x73\x20\x54\x45\x58\x54\x20\x4f\x4e\x45\x20\x54\x4f\x4b\x45\x4e\x20\x41\x54\x20\x41\x20\x54\x49\x4d\x45\x20\x28\x77\x6f\x72\x64\x2d\x62\x79\x2d\x77\x6f\x72\x64\x2c\x20\x6e\x6f\x74\x20\x63\x68\x61\x72\x2d\x62\x79\x2d\x63\x68\x61\x72\x29\x2e\x0a\x20\x20\x20\x20\x2f\x2f\x20\x45\x61\x63\x68\x20\x72\x61\x77\x20\x74\x6f\x6b\x65\x6e\x20\x69\x73\x20\x72\x75\x6e\x20\x74\x68\x72\x6f\x75\x67\x68\x20\x63\x6c\x65\x61\x6e\x53\x74\x72\x65\x61\x6d\x54\x6f\x6b\x65\x6e\x28\x29\x20\x74\x6f\x20\x73\x74\x72\x69\x70\x20\x73\x74\x72\x61\x79\x0a\x20\x20\x20\x20\x2f\x2f\x20\x77\x68\x69\x74\x65\x73\x70\x61\x63\x65\x20\x2f\x20\x69\x6e\x76\x69\x73\x69\x62\x6c\x65\x20\x6a\x75\x6e\x6b\x20\x2f\x20\x77\x65\x69\x72\x64\x20\x73\x79\x6d\x62\x6f\x6c\x73\x2c\x20\x74\x68\x65\x6e\x20\x74\x68\x72\x6f\x75\x67\x68\x0a\x20\x20\x20\x20\x2f\x2f\x20\x73\x74\x79\x6c\x65\x53\x74\x72\x65\x61\x6d\x54\x6f\x6b\x65\x6e\x28\x29\x20\x74\x6f\x20\x68\x69\x67\x68\x6c\x69\x67\x68\x74\x20\x69\x74\x20\x69\x66\x20\x69\x74\x20\x6c\x6f\x6f\x6b\x73\x20\x69\x6d\x70\x6f\x72\x74\x61\x6e\x74\x20\x2014\x0a\x20\x20\x20\x20\x2f\x2f\x20\x62\x6f\x74\x68\x20\x42\x45\x46\x4f\x52\x45\x20\x69\x74\x27\x73\x20\x65\x76\x65\x72\x20\x61\x70\x70\x65\x6e\x64\x65\x64\x20\x74\x6f\x20\x74\x68\x65\x20\x44\x4f\x4d\x2e\x0a\x20\x20\x20\x20\x74\x79\x70\x65\x54\x65\x78\x74\x4e\x6f\x64\x65\x28\x74\x65\x78\x74\x2c\x20\x74\x61\x72\x67\x65\x74\x2c\x20\x6f\x6e\x44\x6f\x6e\x65\x29\x20\x7b\x0a\x20\x20\x20\x20\x20\x20\x20\x20\x2f\x2f\x20\x54\x6f\x6b\x65\x6e\x69\x7a\x65\x20\x69\x6e\x74\x6f\x20\x72\x75\x6e\x73\x20\x6f\x66\x20\x77\x68\x69\x74\x65\x73\x70\x61\x63\x65\x20\x61\x6e\x64\x20\x72\x75\x6e\x73\x20\x6f\x66\x20\x6e\x6f\x6e\x2d\x77\x68\x69\x74\x65\x73\x70\x61\x63\x65\x2e\x0a\x20\x20\x20\x20\x20\x20\x20\x20\x63\x6f\x6e\x73\x74\x20\x5f\x4c\x61\x63\x4e\x20\x3d\x20\x74\x65\x78\x74\x2e\x6d\x61\x74\x63\x68\x28\x2f\x5c\x73\x2b\x7c\x5c\x53\x2b\x2f\x67\x29\x20\x7c\x7c\x20\x5b\x5d\x3b\x0a\x20\x20\x20\x20\x20\x20\x20\x20\x6c\x65\x74\x20\x5f\x78\x59\x44\x59\x70\x70\x6f\x20\x3d\x20\x30\x3b\x0a\x0a\x20\x20\x20\x20\x20\x20\x20\x20\x63\x6f\x6e\x73\x74\x20\x5f\x50\x47\x57\x51\x51\x4c\x42\x6f\x20\x3d\x20\x28\x29\x20\x3d\x3e\x20\x7b\x0a\x20\x20\x20\x20\x20\x20\x20\x20\x20\x20\x20\x20\x69\x66\x20\x28\x21\x74\x68\x69\x73\x2e\x69\x73\x52\x75\x6e\x6e\x69\x6e\x67\x20\x7c\x7c\x20\x69\x6e\x64\x65\x78\x20\x3e\x3d\x20\x72\x61\x77\x54\x6f\x6b\x65\x6e\x73\x2e\x6c\x65\x6e\x67\x74\x68\x29\x20\x7b\x0a\x20\x20\x20\x20\x20\x20\x20\x20\x20\x20\x20\x20\x20\x20\x20\x20\x69\x66\x20\x28\x6f\x6e\x44\x6f\x6e\x65\x29\x20\x6f\x6e\x44\x6f\x6e\x65\x28\x29\x3b\x0a\x20\x20\x20\x20\x20\x20\x20\x20\x20\x20\x20\x20\x20\x20\x20\x20\x72\x65\x74\x75\x72\x6e\x3b\x0a\x20\x20\x20\x20\x20\x20\x20\x20\x20\x20\x20\x20\x7d\x0a\x0a\x20\x20\x20\x20\x20\x20\x20\x20\x20\x20\x20\x20\x63\x6f\x6e\x73\x74\x20\x5f\x71\x4d\x79\x20\x3d\x20\x72\x61\x77\x54\x6f\x6b\x65\x6e\x73\x5b\x69\x6e\x64\x65\x78\x2b\x2b\x5d\x3b\x0a\x20\x20\x20\x20\x20\x20\x20\x20\x20\x20\x20\x20\x63\x6f\x6e\x73\x74\x20\x5f\x7a\x57\x4d\x4c\x4b\x20\x3d\x20\x2f\x5e\x5c\x73\x2b\x24\x2f\x2e\x74\x65\x73\x74\x28\x72\x61\x77\x54\x6f\x6b\x65\x6e\x29\x3b\x0a\x20\x20\x20\x20\x20\x20\x20\x20\x20\x20\x20\x20\x63\x6f\x6e\x73\x74\x20\x5f\x51\x4e\x68\x77\x6d\x70\x43\x6c\x20\x3d\x20\x69\x73\x57\x68\x69\x74\x65\x73\x70\x61\x63\x65\x20\x3f\x20\x27\x20\x27\x20\x3a\x20\x63\x6c\x65\x61\x6e\x53\x74\x72\x65\x61\x6d\x54\x6f\x6b\x65\x6e\x28\x72\x61\x77\x54\x6f\x6b\x65\x6e\x29\x3b\x0a\x0a\x20\x20\x20\x20\x20\x20\x20\x20\x20\x20\x20\x20\x69\x66\x20\x28\x63\x6c\x65\x61\x6e\x54\x6f\x6b\x65\x6e\x29\x20\x7b\x0a\x20\x20\x20\x20\x20\x20\x20\x20\x20\x20\x20\x20\x20\x20\x20\x20\x74\x61\x72\x67\x65\x74\x2e\x61\x70\x70\x65\x6e\x64\x43\x68\x69\x6c\x64\x28\x69\x73\x57\x68\x69\x74\x65\x73\x70\x61\x63\x65\x0a\x20\x20\x20\x20\x20\x20\x20\x20\x20\x20\x20\x20\x20\x20\x20\x20\x20\x20\x20\x20\x3f\x20\x64\x6f\x63\x75\x6d\x65\x6e\x74\x2e\x63\x72\x65\x61\x74\x65\x54\x65\x78\x74\x4e\x6f\x64\x65\x28\x63\x6c\x65\x61\x6e\x54\x6f\x6b\x65\x6e\x29\x0a\x20\x20\x20\x20\x20\x20\x20\x20\x20\x20\x20\x20\x20\x20\x20\x20\x20\x20\x20\x20\x3a\x20\x73\x74\x79\x6c\x65\x53\x74\x72\x65\x61\x6d\x54\x6f\x6b\x65\x6e\x28\x63\x6c\x65\x61\x6e\x54\x6f\x6b\x65\x6e\x29\x29\x3b\x0a\x20\x20\x20\x20\x20\x20\x20\x20\x20\x20\x20\x20\x7d\x0a\x0a\x20\x20\x20\x20\x20\x20\x20\x20\x20\x20\x20\x20\x69\x66\x20\x28\x74\x68\x69\x73\x2e\x6f\x6e\x43\x68\x61\x72\x29\x20\x74\x68\x69\x73\x2e\x6f\x6e\x43\x68\x61\x72\x28\x29\x3b\x0a\x0a\x20\x20\x20\x20\x20\x20\x20\x20\x20\x20\x20\x20\x2f\x2f\x20\x50\x61\x63\x69\x6e\x67\x3a\x20\x77\x68\x69\x74\x65\x73\x70\x61\x63\x65\x20\x69\x73\x20\x6e\x65\x61\x72\x2d\x69\x6e\x73\x74\x61\x6e\x74\x2c\x20\x70\x75\x6e\x63\x74\x75\x61\x74\x69\x6f\x6e\x2d\x65\x6e\x64\x69\x6e\x67\x0a\x20\x20\x20\x20\x20\x20\x20\x20\x20\x20\x20\x20\x2f\x2f\x20\x74\x6f\x6b\x65\x6e\x73\x20\x67\x65\x74\x20\x61\x20\x62\x65\x61\x74\x20\x74\x6f\x20\x62\x72\x65\x61\x74\x68\x65\x2c\x20\x6c\x6f\x6e\x67\x65\x72\x20\x77\x6f\x72\x64\x73\x20\x74\x61\x6b\x65\x20\x61\x20\x68\x61\x69\x72\x0a\x20\x20\x20\x20\x20\x20\x20\x20\x20\x20\x20\x20\x2f\x2f\x20\x6c\x6f\x6e\x67\x65\x72\x20\x74\x68\x61\x6e\x20\x73\x68\x6f\x72\x74\x20\x6f\x6e\x65\x73\x20\x2014\x20\x62\x75\x74\x20\x69\x74\x27\x73\x20\x61\x6c\x6c\x20\x70\x65\x72\x2d\x54\x4f\x4b\x45\x4e\x2c\x20\x6e\x6f\x74\x20\x70\x65\x72\x0a\x20\x20\x20\x20\x20\x20\x20\x20\x20\x20\x20\x20\x2f\x2f\x20\x63\x68\x61\x72\x61\x63\x74\x65\x72\x2c\x20\x73\x6f\x20\x74\x68\x65\x20\x72\x65\x76\x65\x61\x6c\x20\x72\x65\x61\x64\x73\x20\x6c\x69\x6b\x65\x20\x72\x65\x61\x6c\x20\x6d\x6f\x64\x65\x6c\x20\x73\x74\x72\x65\x61\x6d\x69\x6e\x67\x2e\x0a\x20\x20\x20\x20\x20\x20\x20\x20\x20\x20\x20\x20\x6c\x65\x74\x20\x5f\x53\x6f\x4e\x61\x20\x3d\x20\x74\x68\x69\x73\x2e\x73\x70\x65\x65\x64\x3b\x0a\x20\x20\x20\x20\x20\x20\x20\x20\x20\x20\x20\x20\x69\x66\x20\x28\x69\x73\x57\x68\x69\x74\x65\x73\x70\x61\x63\x65\x29\x20\x7b\x0a\x20\x20\x20\x20\x20\x20\x20\x20\x20\x20\x20\x20\x20\x20\x20\x20\x64\x65\x6c\x61\x79\x20\x3d\x20\x74\x68\x69\x73\x2e\x73\x70\x65\x65\x64\x20\x2a\x20\x30\x2e\x32\x35\x3b\x0a\x20\x20\x20\x20\x20\x20\x20\x20\x20\x20\x20\x20\x7d\x20\x65\x6c\x73\x65\x20\x69\x66\x20\x28\x2f\x5b\x60c\x2e\x61b\x3a\x21\x3f\x5d\x24\x2f\x2e\x74\x65\x73\x74\x28\x63\x6c\x65\x61\x6e\x54\x6f\x6b\x65\x6e\x2e\x74\x72\x69\x6d\x28\x29\x29\x29\x20\x7b\x0a\x20\x20\x20\x20\x20\x20\x20\x20\x20\x20\x20\x20\x20\x20\x20\x20\x64\x65\x6c\x61\x79\x20\x3d\x20\x74\x68\x69\x73\x2e\x73\x70\x65\x65\x64\x20\x2a\x20\x32\x2e\x32\x3b\x0a\x20\x20\x20\x20\x20\x20\x20\x20\x20\x20\x20\x20\x7d\x20\x65\x6c\x73\x65\x20\x7b\x0a\x20\x20\x20\x20\x20\x20\x20\x20\x20\x20\x20\x20\x20\x20\x20\x20\x63\x6f\x6e\x73\x74\x20\x5f\x65\x44\x7a\x56\x71\x78\x68\x20\x3d\x20\x63\x6c\x65\x61\x6e\x54\x6f\x6b\x65\x6e\x2e\x74\x72\x69\x6d\x28\x29\x2e\x6c\x65\x6e\x67\x74\x68\x3b\x0a\x20\x20\x20\x20\x20\x20\x20\x20\x20\x20\x20\x20\x20\x20\x20\x20\x64\x65\x6c\x61\x79\x20\x3d\x20\x74\x68\x69\x73\x2e\x73\x70\x65\x65\x64\x20\x2a\x20\x28\x30\x2e\x35\x35\x20\x2b\x20\x4d\x61\x74\x68\x2e\x6d\x69\x6e\x28\x6c\x65\x6e\x2c\x20\x31\x30\x29\x20\x2a\x20\x30\x2e\x30\x36\x29\x3b\x0a\x20\x20\x20\x20\x20\x20\x20\x20\x20\x20\x20\x20\x7d\x0a\x0a\x20\x20\x20\x20\x20\x20\x20\x20\x20\x20\x20\x20\x74\x68\x69\x73\x2e\x74\x69\x6d\x65\x72\x20\x3d\x20\x73\x65\x74\x54\x69\x6d\x65\x6f\x75\x74\x28\x73\x74\x65\x70\x2c\x20\x64\x65\x6c\x61\x79\x29\x3b\x0a\x20\x20\x20\x20\x20\x20\x20\x20\x7d\x3b\x0a\x0a\x20\x20\x20\x20\x20\x20\x20\x20\x73\x74\x65\x70\x28\x29\x3b\x0a\x20\x20\x20\x20\x7d\x0a\x0a\x20\x20\x20\x20\x66\x69\x6e\x69\x73\x68\x28\x29\x20\x7b\x0a\x20\x20\x20\x20\x20\x20\x20\x20\x74\x68\x69\x73\x2e\x69\x73\x52\x75\x6e\x6e\x69\x6e\x67\x20\x3d\x20\x66\x61\x6c\x73\x65\x3b\x0a\x20\x20\x20\x20\x20\x20\x20\x20\x69\x66\x20\x28\x74\x68\x69\x73\x2e\x74\x69\x6d\x65\x72\x29\x20\x7b\x0a\x20\x20\x20\x20\x20\x20\x20\x20\x20\x20\x20\x20\x63\x6c\x65\x61\x72\x54\x69\x6d\x65\x6f\x75\x74\x28\x74\x68\x69\x73\x2e\x74\x69\x6d\x65\x72\x29\x3b\x0a\x20\x20\x20\x20\x20\x20\x20\x20\x20\x20\x20\x20\x74\x68\x69\x73\x2e\x74\x69\x6d\x65\x72\x20\x3d\x20\x6e\x75\x6c\x6c\x3b\x0a\x20\x20\x20\x20\x20\x20\x20\x20\x7d\x0a\x0a\x20\x20\x20\x20\x20\x20\x20\x20\x2f\x2f\x20\x52\x65\x6e\x64\x65\x72\x20\x63\x6c\x65\x61\x6e\x20\x66\x69\x6e\x61\x6c\x20\x48\x54\x4d\x4c\x20\x74\x6f\x20\x65\x6e\x73\x75\x72\x65\x20\x65\x78\x61\x63\x74\x20\x66\x6f\x72\x6d\x61\x74\x74\x69\x6e\x67\x2c\x20\x6c\x69\x6e\x6b\x73\x20\x26\x20\x63\x6f\x64\x65\x20\x68\x69\x67\x68\x6c\x69\x67\x68\x74\x69\x6e\x67\x0a\x20\x20\x20\x20\x20\x20\x20\x20\x74\x68\x69\x73\x2e\x63\x6f\x6e\x74\x61\x69\x6e\x65\x72\x2e\x69\x6e\x6e\x65\x72\x48\x54\x4d\x4c\x20\x3d\x20\x74\x68\x69\x73\x2e\x66\x75\x6c\x6c\x48\x54\x4d\x4c\x3b\x0a\x0a\x20\x20\x20\x20\x20\x20\x20\x20\x68\x69\x67\x68\x6c\x69\x67\x68\x74\x43\x6f\x64\x65\x42\x6c\x6f\x63\x6b\x73\x28\x74\x68\x69\x73\x2e\x63\x6f\x6e\x74\x61\x69\x6e\x65\x72\x29\x3b\x0a\x20\x20\x20\x20\x20\x20\x20\x20\x61\x64\x64\x43\x6f\x70\x79\x42\x75\x74\x74\x6f\x6e\x73\x54\x6f\x43\x6f\x64\x65\x42\x6c\x6f\x63\x6b\x73\x28\x74\x68\x69\x73\x2e\x63\x6f\x6e\x74\x61\x69\x6e\x65\x72\x29\x3b\x0a\x0a\x20\x20\x20\x20\x20\x20\x20\x20\x63\x6f\x6e\x73\x74\x20\x5f\x79\x57\x55\x54\x63\x20\x3d\x20\x74\x68\x69\x73\x2e\x63\x6f\x6e\x74\x61\x69\x6e\x65\x72\x2e\x63\x6c\x6f\x73\x65\x73\x74\x28\x27\x2e\x6d\x65\x73\x73\x61\x67\x65\x27\x29\x3b\x0a\x20\x20\x20\x20\x20\x20\x20\x20\x69\x66\x20\x28\x6d\x65\x73\x73\x61\x67\x65\x44\x69\x76\x20\x26\x26\x20\x21\x6d\x65\x73\x73\x61\x67\x65\x44\x69\x76\x2e\x71\x75\x65\x72\x79\x53\x65\x6c\x65\x63\x74\x6f\x72\x28\x27\x2e\x6d\x65\x73\x73\x61\x67\x65\x2d\x74\x6f\x6f\x6c\x62\x61\x72\x27\x29\x29\x20\x7b\x0a\x20\x20\x20\x20\x20\x20\x20\x20\x20\x20\x20\x20\x63\x6f\x6e\x73\x74\x20\x5f\x68\x71\x55\x58\x20\x3d\x20\x63\x72\x65\x61\x74\x65\x4d\x65\x73\x73\x61\x67\x65\x54\x6f\x6f\x6c\x62\x61\x72\x28\x74\x68\x69\x73\x2e\x66\x75\x6c\x6c\x48\x54\x4d\x4c\x2c\x20\x74\x68\x69\x73\x2e\x63\x6f\x6e\x74\x61\x69\x6e\x65\x72\x29\x3b\x0a\x20\x20\x20\x20\x20\x20\x20\x20\x20\x20\x20\x20\x6d\x65\x73\x73\x61\x67\x65\x44\x69\x76\x2e\x61\x70\x70\x65\x6e\x64\x43\x68\x69\x6c\x64\x28\x74\x6f\x6f\x6c\x62\x61\x72\x29\x3b\x0a\x20\x20\x20\x20\x20\x20\x20\x20\x7d\x0a\x0a\x20\x20\x20\x20\x20\x20\x20\x20\x69\x66\x20\x28\x74\x68\x69\x73\x2e\x6f\x6e\x43\x6f\x6d\x70\x6c\x65\x74\x65\x29\x20\x74\x68\x69\x73\x2e\x6f\x6e\x43\x6f\x6d\x70\x6c\x65\x74\x65\x28\x29\x3b\x0a\x20\x20\x20\x20\x20\x20\x20\x20\x73\x63\x72\x6f\x6c\x6c\x54\x6f\x42\x6f\x74\x74\x6f\x6d\x28\x74\x72\x75\x65\x29\x3b\x0a\x20\x20\x20\x20\x7d\x0a\x0a\x20\x20\x20\x20\x73\x74\x6f\x70\x28\x29\x20\x7b\x0a\x20\x20\x20\x20\x20\x20\x20\x20\x74\x68\x69\x73\x2e\x69\x73\x52\x75\x6e\x6e\x69\x6e\x67\x20\x3d\x20\x66\x61\x6c\x73\x65\x3b\x0a\x20\x20\x20\x20\x20\x20\x20\x20\x69\x66\x20\x28\x74\x68\x69\x73\x2e\x74\x69\x6d\x65\x72\x29\x20\x63\x6c\x65\x61\x72\x54\x69\x6d\x65\x6f\x75\x74\x28\x74\x68\x69\x73\x2e\x74\x69\x6d\x65\x72\x29\x3b\x0a\x20\x20\x20\x20\x7d\x0a\x7d\x0a\x0a\x2f\x2f\x20\x2550\x2550\x2550\x2550\x2550\x2550\x2550\x2550\x2550\x2550\x2550\x2550\x2550\x2550\x2550\x2550\x2550\x2550\x2550\x2550\x2550\x2550\x2550\x2550\x2550\x2550\x2550\x2550\x2550\x2550\x2550\x2550\x2550\x2550\x2550\x2550\x2550\x2550\x2550\x2550\x2550\x2550\x2550\x2550\x2550\x2550\x2550\x2550\x2550\x2550\x2550\x2550\x2550\x2550\x2550\x2550\x2550\x2550\x2550\x2550\x2550\x2550\x2550\x0a\x2f\x2f\x20\x2b50\x20\x4d\x45\x53\x53\x41\x47\x45\x20\x48\x41\x4e\x44\x4c\x49\x4e\x47\x20\x26\x20\x53\x54\x52\x45\x41\x4d\x49\x4e\x47\x0a\x2f\x2f\x20\x2550\x2550\x2550\x2550\x2550\x2550\x2550\x2550\x2550\x2550\x2550\x2550\x2550\x2550\x2550\x2550\x2550\x2550\x2550\x2550\x2550\x2550\x2550\x2550\x2550\x2550\x2550\x2550\x2550\x2550\x2550\x2550\x2550\x2550\x2550\x2550\x2550\x2550\x2550\x2550\x2550\x2550\x2550\x2550\x2550\x2550\x2550\x2550\x2550\x2550\x2550\x2550\x2550\x2550\x2550\x2550\x2550\x2550\x2550\x2550\x2550\x2550\x2550\x0a\x0a\x2f\x2f\x20\x46\x6f\x6c\x64\x73\x20\x74\x68\x65\x20\x68\x65\x72\x6f\x20\x61\x77\x61\x79\x20\x74\x68\x65\x20\x6d\x6f\x6d\x65\x6e\x74\x20\x74\x68\x65\x20\x66\x69\x72\x73\x74\x20\x6d\x65\x73\x73\x61\x67\x65\x20\x69\x73\x20\x73\x65\x6e\x74\x2c\x20\x73\x6f\x20\x74\x68\x65\x20\x63\x68\x61\x74\x0a\x2f\x2f\x20\x76\x69\x73\x69\x62\x6c\x79\x20\x74\x61\x6b\x65\x73\x20\x6f\x76\x65\x72\x20\x74\x68\x65\x20\x77\x6f\x72\x6b\x73\x70\x61\x63\x65\x20\x69\x6e\x73\x74\x65\x61\x64\x20\x6f\x66\x20\x6a\x75\x73\x74\x20\x61\x70\x70\x65\x61\x72\x69\x6e\x67\x20\x62\x65\x6c\x6f\x77\x20\x69\x74\x2e\x0a\x66\x75\x6e\x63\x74\x69\x6f\x6e\x20\x63\x6f\x6c\x6c\x61\x70\x73\x65\x48\x65\x72\x6f\x28\x29\x20\x7b\x0a\x20\x20\x20\x20\x63\x6f\x6e\x73\x74\x20\x5f\x63\x42\x61\x69\x53\x6e\x20\x3d\x20\x64\x6f\x63\x75\x6d\x65\x6e\x74\x2e\x71\x75\x65\x72\x79\x53\x65\x6c\x65\x63\x74\x6f\x72\x28\x27\x2e\x68\x65\x72\x6f\x27\x29\x3b\x0a\x20\x20\x20\x20\x69\x66\x20\x28\x21\x68\x65\x72\x6f\x20\x7c\x7c\x20\x68\x65\x72\x6f\x2e\x63\x6c\x61\x73\x73\x4c\x69\x73\x74\x2e\x63\x6f\x6e\x74\x61\x69\x6e\x73\x28\x27\x68\x65\x72\x6f\x2d\x68\x69\x64\x64\x65\x6e\x27\x29\x29\x20\x72\x65\x74\x75\x72\x6e\x3b\x0a\x20\x20\x20\x20\x63\x6f\x6e\x73\x74\x20\x5f\x61\x57\x67\x4d\x41\x20\x3d\x20\x68\x65\x72\x6f\x2e\x67\x65\x74\x42\x6f\x75\x6e\x64\x69\x6e\x67\x43\x6c\x69\x65\x6e\x74\x52\x65\x63\x74\x28\x29\x2e\x68\x65\x69\x67\x68\x74\x3b\x0a\x20\x20\x20\x20\x68\x65\x72\x6f\x2e\x73\x74\x79\x6c\x65\x2e\x6d\x61\x78\x48\x65\x69\x67\x68\x74\x20\x3d\x20\x63\x75\x72\x72\x65\x6e\x74\x48\x65\x69\x67\x68\x74\x20\x2b\x20\x27\x70\x78\x27\x3b\x0a\x20\x20\x20\x20\x2f\x2f\x20\x46\x6f\x72\x63\x65\x20\x61\x20\x72\x65\x66\x6c\x6f\x77\x20\x73\x6f\x20\x74\x68\x65\x20\x62\x72\x6f\x77\x73\x65\x72\x20\x72\x65\x67\x69\x73\x74\x65\x72\x73\x20\x74\x68\x65\x20\x65\x78\x70\x6c\x69\x63\x69\x74\x20\x6d\x61\x78\x2d\x68\x65\x69\x67\x68\x74\x0a\x20\x20\x20\x20\x2f\x2f\x20\x62\x65\x66\x6f\x72\x65\x20\x77\x65\x20\x66\x6c\x69\x70\x20\x69\x74\x20\x74\x6f\x20\x30\x20\x2014\x20\x6f\x74\x68\x65\x72\x77\x69\x73\x65\x20\x74\x68\x65\x72\x65\x27\x73\x20\x6e\x6f\x74\x68\x69\x6e\x67\x20\x74\x6f\x20\x74\x72\x61\x6e\x73\x69\x74\x69\x6f\x6e\x20\x66\x72\x6f\x6d\x2e\x0a\x20\x20\x20\x20\x76\x6f\x69\x64\x20\x68\x65\x72\x6f\x2e\x6f\x66\x66\x73\x65\x74\x48\x65\x69\x67\x68\x74\x3b\x0a\x20\x20\x20\x20\x68\x65\x72\x6f\x2e\x63\x6c\x61\x73\x73\x4c\x69\x73\x74\x2e\x61\x64\x64\x28\x27\x68\x65\x72\x6f\x2d\x68\x69\x64\x64\x65\x6e\x27\x29\x3b\x0a\x7d\x0a\x0a\x61\x73\x79\x6e\x63\x20\x66\x75\x6e\x63\x74\x69\x6f\x6e\x20\x68\x61\x6e\x64\x6c\x65\x53\x65\x6e\x64\x4d\x65\x73\x73\x61\x67\x65\x28\x29\x20\x7b\x0a\x20\x20\x20\x20\x63\x6f\x6e\x73\x74\x20\x5f\x46\x76\x61\x20\x3d\x20\x63\x68\x61\x74\x49\x6e\x70\x75\x74\x2e\x76\x61\x6c\x75\x65\x2e\x74\x72\x69\x6d\x28\x29\x3b\x0a\x20\x20\x20\x20\x63\x6f\x6e\x73\x74\x20\x5f\x41\x41\x49\x71\x74\x45\x20\x3d\x20\x73\x65\x6c\x65\x63\x74\x65\x64\x46\x69\x6c\x65\x73\x2e\x6c\x65\x6e\x67\x74\x68\x20\x3e\x20\x30\x3b\x0a\x20\x20\x20\x20\x69\x66\x20\x28\x28\x21\x6d\x65\x73\x73\x61\x67\x65\x20\x26\x26\x20\x21\x68\x61\x73\x46\x69\x6c\x65\x73\x29\x20\x7c\x7c\x20\x69\x73\x50\x72\x6f\x63\x65\x73\x73\x69\x6e\x67\x29\x20\x72\x65\x74\x75\x72\x6e\x3b\x0a\x0a\x20\x20\x20\x20\x63\x6f\x6c\x6c\x61\x70\x73\x65\x48\x65\x72\x6f\x28\x29\x3b\x0a\x0a\x20\x20\x20\x20\x69\x66\x20\x28\x61\x62\x6f\x72\x74\x43\x6f\x6e\x74\x72\x6f\x6c\x6c\x65\x72\x29\x20\x7b\x0a\x20\x20\x20\x20\x20\x20\x20\x20\x61\x62\x6f\x72\x74\x43\x6f\x6e\x74\x72\x6f\x6c\x6c\x65\x72\x2e\x61\x62\x6f\x72\x74\x28\x29\x3b\x0a\x20\x20\x20\x20\x20\x20\x20\x20\x61\x62\x6f\x72\x74\x43\x6f\x6e\x74\x72\x6f\x6c\x6c\x65\x72\x20\x3d\x20\x6e\x75\x6c\x6c\x3b\x0a\x20\x20\x20\x20\x7d\x0a\x0a\x20\x20\x20\x20\x73\x65\x74\x50\x72\x6f\x63\x65\x73\x73\x69\x6e\x67\x53\x74\x61\x74\x65\x28\x74\x72\x75\x65\x29\x3b\x0a\x20\x20\x20\x20\x6c\x65\x74\x20\x5f\x4d\x5a\x75\x61\x52\x4b\x43\x4e\x20\x3d\x20\x6e\x75\x6c\x6c\x3b\x0a\x0a\x20\x20\x20\x20\x74\x72\x79\x20\x7b\x0a\x20\x20\x20\x20\x20\x20\x20\x20\x63\x6f\x6e\x73\x74\x20\x5f\x5a\x57\x65\x42\x4b\x53\x59\x20\x3d\x20\x68\x61\x73\x46\x69\x6c\x65\x73\x20\x3f\x20\x5b\x2e\x2e\x2e\x73\x65\x6c\x65\x63\x74\x65\x64\x46\x69\x6c\x65\x73\x5d\x20\x3a\x20\x5b\x5d\x3b\x0a\x0a\x20\x20\x20\x20\x20\x20\x20\x20\x61\x64\x64\x4d\x65\x73\x73\x61\x67\x65\x28\x6d\x65\x73\x73\x61\x67\x65\x2c\x20\x27\x75\x73\x65\x72\x27\x2c\x20\x7b\x20\x61\x74\x74\x61\x63\x68\x6d\x65\x6e\x74\x73\x3a\x20\x61\x74\x74\x61\x63\x68\x6d\x65\x6e\x74\x73\x46\x6f\x72\x44\x69\x73\x70\x6c\x61\x79\x20\x7d\x29\x3b\x0a\x20\x20\x20\x20\x20\x20\x20\x20\x63\x68\x61\x74\x49\x6e\x70\x75\x74\x2e\x76\x61\x6c\x75\x65\x20\x3d\x20\x27\x27\x3b\x0a\x20\x20\x20\x20\x20\x20\x20\x20\x61\x75\x74\x6f\x52\x65\x73\x69\x7a\x65\x54\x65\x78\x74\x61\x72\x65\x61\x28\x29\x3b\x0a\x0a\x20\x20\x20\x20\x20\x20\x20\x20\x74\x68\x69\x6e\x6b\x69\x6e\x67\x44\x69\x76\x20\x3d\x20\x63\x72\x65\x61\x74\x65\x54\x68\x69\x6e\x6b\x69\x6e\x67\x4d\x65\x73\x73\x61\x67\x65\x28\x29\x3b\x0a\x20\x20\x20\x20\x20\x20\x20\x20\x61\x62\x6f\x72\x74\x43\x6f\x6e\x74\x72\x6f\x6c\x6c\x65\x72\x20\x3d\x20\x6e\x65\x77\x20\x41\x62\x6f\x72\x74\x43\x6f\x6e\x74\x72\x6f\x6c\x6c\x65\x72\x28\x29\x3b\x0a\x0a\x20\x20\x20\x20\x20\x20\x20\x20\x6c\x65\x74\x20\x5f\x74\x4c\x48\x71\x64\x4a\x4a\x54\x3b\x0a\x20\x20\x20\x20\x20\x20\x20\x20\x69\x66\x20\x28\x68\x61\x73\x46\x69\x6c\x65\x73\x29\x20\x7b\x0a\x20\x20\x20\x20\x20\x20\x20\x20\x20\x20\x20\x20\x63\x6f\x6e\x73\x74\x20\x5f\x68\x46\x4b\x79\x74\x4d\x6f\x59\x20\x3d\x20\x6e\x65\x77\x20\x46\x6f\x72\x6d\x44\x61\x74\x61\x28\x29\x3b\x0a\x20\x20\x20\x20\x20\x20\x20\x20\x20\x20\x20\x20\x66\x6f\x72\x6d\x44\x61\x74\x61\x2e\x61\x70\x70\x65\x6e\x64\x28\x27\x6d\x65\x73\x73\x61\x67\x65\x27\x2c\x20\x6d\x65\x73\x73\x61\x67\x65\x20\x7c\x7c\x20\x27\x27\x29\x3b\x0a\x20\x20\x20\x20\x20\x20\x20\x20\x20\x20\x20\x20\x66\x6f\x72\x6d\x44\x61\x74\x61\x2e\x61\x70\x70\x65\x6e\x64\x28\x27\x73\x65\x73\x73\x69\x6f\x6e\x49\x64\x27\x2c\x20\x73\x65\x73\x73\x69\x6f\x6e\x49\x64\x29\x3b\x0a\x20\x20\x20\x20\x20\x20\x20\x20\x20\x20\x20\x20\x66\x6f\x72\x20\x28\x63\x6f\x6e\x73\x74\x20\x5f\x4f\x78\x51\x4e\x20\x6f\x66\x20\x73\x65\x6c\x65\x63\x74\x65\x64\x46\x69\x6c\x65\x73\x29\x20\x7b\x0a\x20\x20\x20\x20\x20\x20\x20\x20\x20\x20\x20\x20\x20\x20\x20\x20\x66\x6f\x72\x6d\x44\x61\x74\x61\x2e\x61\x70\x70\x65\x6e\x64\x28\x27\x66\x69\x6c\x65\x73\x27\x2c\x20\x66\x69\x6c\x65\x29\x3b\x0a\x20\x20\x20\x20\x20\x20\x20\x20\x20\x20\x20\x20\x7d\x0a\x20\x20\x20\x20\x20\x20\x20\x20\x20\x20\x20\x20\x72\x65\x73\x70\x6f\x6e\x73\x65\x20\x3d\x20\x61\x77\x61\x69\x74\x20\x66\x65\x74\x63\x68\x28\x60\x24\x7b\x41\x50\x49\x5f\x42\x41\x53\x45\x5f\x55\x52\x4c\x7d\x2f\x63\x68\x61\x74\x60\x2c\x20\x7b\x0a\x20\x20\x20\x20\x20\x20\x20\x20\x20\x20\x20\x20\x20\x20\x20\x20\x6d\x65\x74\x68\x6f\x64\x3a\x20\x27\x50\x4f\x53\x54\x27\x2c\x0a\x20\x20\x20\x20\x20\x20\x20\x20\x20\x20\x20\x20\x20\x20\x20\x20\x62\x6f\x64\x79\x3a\x20\x66\x6f\x72\x6d\x44\x61\x74\x61\x2c\x0a\x20\x20\x20\x20\x20\x20\x20\x20\x20\x20\x20\x20\x20\x20\x20\x20\x73\x69\x67\x6e\x61\x6c\x3a\x20\x61\x62\x6f\x72\x74\x43\x6f\x6e\x74\x72\x6f\x6c\x6c\x65\x72\x2e\x73\x69\x67\x6e\x61\x6c\x0a\x20\x20\x20\x20\x20\x20\x20\x20\x20\x20\x20\x20\x7d\x29\x3b\x0a\x20\x20\x20\x20\x20\x20\x20\x20\x7d\x20\x65\x6c\x73\x65\x20\x7b\x0a\x20\x20\x20\x20\x20\x20\x20\x20\x20\x20\x20\x20\x72\x65\x73\x70\x6f\x6e\x73\x65\x20\x3d\x20\x61\x77\x61\x69\x74\x20\x66\x65\x74\x63\x68\x28\x60\x24\x7b\x41\x50\x49\x5f\x42\x41\x53\x45\x5f\x55\x52\x4c\x7d\x2f\x63\x68\x61\x74\x60\x2c\x20\x7b\x0a\x20\x20\x20\x20\x20\x20\x20\x20\x20\x20\x20\x20\x20\x20\x20\x20\x6d\x65\x74\x68\x6f\x64\x3a\x20\x27\x50\x4f\x53\x54\x27\x2c\x0a\x20\x20\x20\x20\x20\x20\x20\x20\x20\x20\x20\x20\x20\x20\x20\x20\x68\x65\x61\x64\x65\x72\x73\x3a\x20\x7b\x20\x27\x43\x6f\x6e\x74\x65\x6e\x74\x2d\x54\x79\x70\x65\x27\x3a\x20\x27\x61\x70\x70\x6c\x69\x63\x61\x74\x69\x6f\x6e\x2f\x6a\x73\x6f\x6e\x27\x20\x7d\x2c\x0a\x20\x20\x20\x20\x20\x20\x20\x20\x20\x20\x20\x20\x20\x20\x20\x20\x62\x6f\x64\x79\x3a\x20\x4a\x53\x4f\x4e\x2e\x73\x74\x72\x69\x6e\x67\x69\x66\x79\x28\x7b\x20\x6d\x65\x73\x73\x61\x67\x65\x2c\x20\x73\x65\x73\x73\x69\x6f\x6e\x49\x64\x20\x7d\x29\x2c\x0a\x20\x20\x20\x20\x20\x20\x20\x20\x20\x20\x20\x20\x20\x20\x20\x20\x73\x69\x67\x6e\x61\x6c\x3a\x20\x61\x62\x6f\x72\x74\x43\x6f\x6e\x74\x72\x6f\x6c\x6c\x65\x72\x2e\x73\x69\x67\x6e\x61\x6c\x0a\x20\x20\x20\x20\x20\x20\x20\x20\x20\x20\x20\x20\x7d\x29\x3b\x0a\x20\x20\x20\x20\x20\x20\x20\x20\x7d\x0a\x0a\x20\x20\x20\x20\x20\x20\x20\x20\x63\x6c\x65\x61\x72\x53\x65\x6c\x65\x63\x74\x65\x64\x46\x69\x6c\x65\x73\x28\x29\x3b\x0a\x0a\x20\x20\x20\x20\x20\x20\x20\x20\x63\x6f\x6e\x73\x74\x20\x5f\x73\x63\x69\x53\x4b\x53\x20\x3d\x20\x61\x77\x61\x69\x74\x20\x72\x65\x73\x70\x6f\x6e\x73\x65\x2e\x6a\x73\x6f\x6e\x28\x29\x3b\x0a\x0a\x20\x20\x20\x20\x20\x20\x20\x20\x69\x66\x20\x28\x74\x68\x69\x6e\x6b\x69\x6e\x67\x44\x69\x76\x20\x26\x26\x20\x74\x68\x69\x6e\x6b\x69\x6e\x67\x44\x69\x76\x2e\x69\x73\x43\x6f\x6e\x6e\x65\x63\x74\x65\x64\x29\x20\x7b\x0a\x20\x20\x20\x20\x20\x20\x20\x20\x20\x20\x20\x20\x64\x69\x73\x6d\x69\x73\x73\x54\x68\x69\x6e\x6b\x69\x6e\x67\x53\x74\x61\x74\x65\x28\x74\x68\x69\x6e\x6b\x69\x6e\x67\x44\x69\x76\x29\x3b\x0a\x20\x20\x20\x20\x20\x20\x20\x20\x7d\x0a\x0a\x20\x20\x20\x20\x20\x20\x20\x20\x69\x66\x20\x28\x21\x72\x65\x73\x70\x6f\x6e\x73\x65\x2e\x6f\x6b\x20\x7c\x7c\x20\x21\x72\x65\x73\x75\x6c\x74\x2e\x73\x75\x63\x63\x65\x73\x73\x29\x20\x7b\x0a\x20\x20\x20\x20\x20\x20\x20\x20\x20\x20\x20\x20\x74\x68\x72\x6f\x77\x20\x6e\x65\x77\x20\x45\x72\x72\x6f\x72\x28\x72\x65\x73\x75\x6c\x74\x2e\x6d\x65\x73\x73\x61\x67\x65\x20\x7c\x7c\x20\x72\x65\x73\x75\x6c\x74\x2e\x65\x72\x72\x6f\x72\x20\x7c\x7c\x20\x74\x28\x27\x65\x72\x72\x6f\x72\x2e\x67\x65\x6e\x65\x72\x69\x63\x27\x29\x29\x3b\x0a\x20\x20\x20\x20\x20\x20\x20\x20\x7d\x0a\x0a\x20\x20\x20\x20\x20\x20\x20\x20\x63\x6f\x6e\x73\x74\x20\x5f\x46\x72\x5a\x71\x4b\x69\x41\x52\x20\x3d\x20\x72\x65\x73\x75\x6c\x74\x2e\x64\x61\x74\x61\x3f\x2e\x72\x65\x73\x70\x6f\x6e\x73\x65\x20\x7c\x7c\x20\x27\x27\x3b\x0a\x20\x20\x20\x20\x20\x20\x20\x20\x69\x66\x20\x28\x21\x66\x75\x6c\x6c\x52\x65\x73\x70\x6f\x6e\x73\x65\x29\x20\x7b\x0a\x20\x20\x20\x20\x20\x20\x20\x20\x20\x20\x20\x20\x74\x68\x72\x6f\x77\x20\x6e\x65\x77\x20\x45\x72\x72\x6f\x72\x28\x74\x28\x27\x65\x72\x72\x6f\x72\x2e\x67\x65\x6e\x65\x72\x69\x63\x27\x29\x29\x3b\x0a\x20\x20\x20\x20\x20\x20\x20\x20\x7d\x0a\x0a\x20\x20\x20\x20\x20\x20\x20\x20\x61\x77\x61\x69\x74\x20\x74\x79\x70\x65\x48\x54\x4d\x4c\x28\x66\x75\x6c\x6c\x52\x65\x73\x70\x6f\x6e\x73\x65\x29\x3b\x0a\x0a\x20\x20\x20\x20\x7d\x20\x63\x61\x74\x63\x68\x20\x28\x65\x72\x72\x6f\x72\x29\x20\x7b\x0a\x20\x20\x20\x20\x20\x20\x20\x20\x63\x6f\x6e\x73\x6f\x6c\x65\x2e\x65\x72\x72\x6f\x72\x28\x27\x45\x72\x72\x6f\x72\x20\x73\x65\x6e\x64\x69\x6e\x67\x20\x6d\x65\x73\x73\x61\x67\x65\x3a\x27\x2c\x20\x65\x72\x72\x6f\x72\x29\x3b\x0a\x20\x20\x20\x20\x20\x20\x20\x20\x69\x66\x20\x28\x74\x68\x69\x6e\x6b\x69\x6e\x67\x44\x69\x76\x20\x26\x26\x20\x74\x68\x69\x6e\x6b\x69\x6e\x67\x44\x69\x76\x2e\x69\x73\x43\x6f\x6e\x6e\x65\x63\x74\x65\x64\x29\x20\x7b\x0a\x20\x20\x20\x20\x20\x20\x20\x20\x20\x20\x20\x20\x64\x69\x73\x6d\x69\x73\x73\x54\x68\x69\x6e\x6b\x69\x6e\x67\x53\x74\x61\x74\x65\x28\x74\x68\x69\x6e\x6b\x69\x6e\x67\x44\x69\x76\x29\x3b\x0a\x20\x20\x20\x20\x20\x20\x20\x20\x7d\x0a\x0a\x20\x20\x20\x20\x20\x20\x20\x20\x6c\x65\x74\x20\x5f\x6c\x4f\x72\x20\x3d\x20\x74\x28\x27\x65\x72\x72\x6f\x72\x2e\x67\x65\x6e\x65\x72\x69\x63\x27\x29\x3b\x0a\x20\x20\x20\x20\x20\x20\x20\x20\x69\x66\x20\x28\x65\x72\x72\x6f\x72\x2e\x6e\x61\x6d\x65\x20\x3d\x3d\x3d\x20\x27\x41\x62\x6f\x72\x74\x45\x72\x72\x6f\x72\x27\x29\x20\x7b\x0a\x20\x20\x20\x20\x20\x20\x20\x20\x20\x20\x20\x20\x65\x72\x72\x6f\x72\x4d\x73\x67\x20\x3d\x20\x27\x52\x65\x71\x75\x65\x73\x74\x20\x77\x61\x73\x20\x63\x61\x6e\x63\x65\x6c\x6c\x65\x64\x2e\x27\x3b\x0a\x20\x20\x20\x20\x20\x20\x20\x20\x7d\x20\x65\x6c\x73\x65\x20\x69\x66\x20\x28\x65\x72\x72\x6f\x72\x2e\x6d\x65\x73\x73\x61\x67\x65\x3f\x2e\x69\x6e\x63\x6c\x75\x64\x65\x73\x28\x27\x52\x65\x73\x6f\x75\x72\x63\x65\x45\x78\x68\x61\x75\x73\x74\x65\x64\x27\x29\x29\x20\x7b\x0a\x20\x20\x20\x20\x20\x20\x20\x20\x20\x20\x20\x20\x65\x72\x72\x6f\x72\x4d\x73\x67\x20\x3d\x20\x27\x54\x68\x65\x20\x41\x49\x20\x6d\x6f\x64\x65\x6c\x20\x69\x73\x20\x63\x75\x72\x72\x65\x6e\x74\x6c\x79\x20\x62\x75\x73\x79\x2e\x20\x50\x6c\x65\x61\x73\x65\x20\x74\x72\x79\x20\x61\x67\x61\x69\x6e\x20\x69\x6e\x20\x61\x20\x6d\x6f\x6d\x65\x6e\x74\x2e\x27\x3b\x0a\x20\x20\x20\x20\x20\x20\x20\x20\x7d\x20\x65\x6c\x73\x65\x20\x69\x66\x20\x28\x65\x72\x72\x6f\x72\x2e\x6d\x65\x73\x73\x61\x67\x65\x29\x20\x7b\x0a\x20\x20\x20\x20\x20\x20\x20\x20\x20\x20\x20\x20\x65\x72\x72\x6f\x72\x4d\x73\x67\x20\x3d\x20\x65\x72\x72\x6f\x72\x2e\x6d\x65\x73\x73\x61\x67\x65\x3b\x0a\x20\x20\x20\x20\x20\x20\x20\x20\x7d\x0a\x0a\x20\x20\x20\x20\x20\x20\x20\x20\x61\x64\x64\x4d\x65\x73\x73\x61\x67\x65\x28\x65\x72\x72\x6f\x72\x4d\x73\x67\x2c\x20\x27\x61\x69\x27\x2c\x20\x7b\x20\x69\x73\x45\x72\x72\x6f\x72\x3a\x20\x74\x72\x75\x65\x20\x7d\x29\x3b\x0a\x20\x20\x20\x20\x7d\x20\x66\x69\x6e\x61\x6c\x6c\x79\x20\x7b\x0a\x20\x20\x20\x20\x20\x20\x20\x20\x61\x62\x6f\x72\x74\x43\x6f\x6e\x74\x72\x6f\x6c\x6c\x65\x72\x20\x3d\x20\x6e\x75\x6c\x6c\x3b\x0a\x20\x20\x20\x20\x20\x20\x20\x20\x73\x65\x74\x50\x72\x6f\x63\x65\x73\x73\x69\x6e\x67\x53\x74\x61\x74\x65\x28\x66\x61\x6c\x73\x65\x29\x3b\x0a\x20\x20\x20\x20\x20\x20\x20\x20\x63\x68\x61\x74\x49\x6e\x70\x75\x74\x2e\x66\x6f\x63\x75\x73\x28\x29\x3b\x0a\x20\x20\x20\x20\x7d\x0a\x7d\x0a\x0a\x2f\x2f\x20\x2500\x2500\x20\x46\x69\x6c\x65\x20\x55\x70\x6c\x6f\x61\x64\x20\x48\x61\x6e\x64\x6c\x69\x6e\x67\x20\x2500\x2500\x2500\x2500\x2500\x2500\x2500\x2500\x2500\x2500\x2500\x2500\x2500\x2500\x2500\x2500\x2500\x2500\x2500\x2500\x2500\x2500\x2500\x2500\x2500\x2500\x2500\x2500\x2500\x2500\x2500\x2500\x2500\x2500\x2500\x2500\x0a\x0a\x66\x75\x6e\x63\x74\x69\x6f\x6e\x20\x68\x61\x6e\x64\x6c\x65\x46\x69\x6c\x65\x53\x65\x6c\x65\x63\x74\x28\x65\x29\x20\x7b\x0a\x20\x20\x20\x20\x63\x6f\x6e\x73\x74\x20\x5f\x61\x4e\x6d\x52\x20\x3d\x20\x41\x72\x72\x61\x79\x2e\x66\x72\x6f\x6d\x28\x65\x2e\x74\x61\x72\x67\x65\x74\x2e\x66\x69\x6c\x65\x73\x20\x7c\x7c\x20\x5b\x5d\x29\x3b\x0a\x20\x20\x20\x20\x69\x66\x20\x28\x66\x69\x6c\x65\x73\x2e\x6c\x65\x6e\x67\x74\x68\x20\x3d\x3d\x3d\x20\x30\x29\x20\x72\x65\x74\x75\x72\x6e\x3b\x0a\x0a\x20\x20\x20\x20\x2f\x2f\x20\x627\x644\x62a\x62d\x642\x642\x20\x645\x646\x20\x627\x644\x62d\x62f\x20\x627\x644\x623\x642\x635\x649\x20\x644\x644\x645\x644\x641\x627\x62a\x0a\x20\x20\x20\x20\x63\x6f\x6e\x73\x74\x20\x5f\x43\x43\x61\x51\x72\x42\x20\x3d\x20\x35\x20\x2d\x20\x73\x65\x6c\x65\x63\x74\x65\x64\x46\x69\x6c\x65\x73\x2e\x6c\x65\x6e\x67\x74\x68\x3b\x0a\x20\x20\x20\x20\x69\x66\x20\x28\x72\x65\x6d\x61\x69\x6e\x69\x6e\x67\x20\x3c\x3d\x20\x30\x29\x20\x7b\x0a\x20\x20\x20\x20\x20\x20\x20\x20\x61\x6c\x65\x72\x74\x28\x74\x28\x27\x65\x72\x72\x6f\x72\x2e\x66\x69\x6c\x65\x2e\x74\x6f\x6f\x4d\x61\x6e\x79\x27\x29\x29\x3b\x0a\x20\x20\x20\x20\x20\x20\x20\x20\x66\x69\x6c\x65\x49\x6e\x70\x75\x74\x2e\x76\x61\x6c\x75\x65\x20\x3d\x20\x27\x27\x3b\x0a\x20\x20\x20\x20\x20\x20\x20\x20\x72\x65\x74\x75\x72\x6e\x3b\x0a\x20\x20\x20\x20\x7d\x0a\x0a\x20\x20\x20\x20\x63\x6f\x6e\x73\x74\x20\x5f\x7a\x46\x53\x74\x20\x3d\x20\x5b\x5d\x3b\x0a\x20\x20\x20\x20\x63\x6f\x6e\x73\x74\x20\x5f\x57\x55\x67\x55\x68\x6e\x70\x65\x20\x3d\x20\x5b\x5d\x3b\x0a\x0a\x20\x20\x20\x20\x66\x6f\x72\x20\x28\x63\x6f\x6e\x73\x74\x20\x5f\x4f\x78\x51\x4e\x20\x6f\x66\x20\x66\x69\x6c\x65\x73\x29\x20\x7b\x0a\x20\x20\x20\x20\x20\x20\x20\x20\x2f\x2f\x20\x627\x644\x62a\x62d\x642\x642\x20\x645\x646\x20\x62d\x62c\x645\x20\x627\x644\x645\x644\x641\x20\x28\x32\x35\x4d\x42\x20\x643\x62d\x62f\x20\x623\x642\x635\x649\x29\x0a\x20\x20\x20\x20\x20\x20\x20\x20\x69\x66\x20\x28\x66\x69\x6c\x65\x2e\x73\x69\x7a\x65\x20\x3e\x20\x32\x35\x20\x2a\x20\x31\x30\x32\x34\x20\x2a\x20\x31\x30\x32\x34\x29\x20\x7b\x0a\x20\x20\x20\x20\x20\x20\x20\x20\x20\x20\x20\x20\x69\x6e\x76\x61\x6c\x69\x64\x46\x69\x6c\x65\x73\x2e\x70\x75\x73\x68\x28\x60\x24\x7b\x66\x69\x6c\x65\x2e\x6e\x61\x6d\x65\x7d\x20\x28\x24\x7b\x66\x6f\x72\x6d\x61\x74\x46\x69\x6c\x65\x53\x69\x7a\x65\x28\x66\x69\x6c\x65\x2e\x73\x69\x7a\x65\x29\x7d\x29\x60\x29\x3b\x0a\x20\x20\x20\x20\x20\x20\x20\x20\x20\x20\x20\x20\x63\x6f\x6e\x74\x69\x6e\x75\x65\x3b\x0a\x20\x20\x20\x20\x20\x20\x20\x20\x7d\x0a\x20\x20\x20\x20\x20\x20\x20\x20\x76\x61\x6c\x69\x64\x46\x69\x6c\x65\x73\x2e\x70\x75\x73\x68\x28\x66\x69\x6c\x65\x29\x3b\x0a\x20\x20\x20\x20\x7d\x0a\x0a\x20\x20\x20\x20\x69\x66\x20\x28\x69\x6e\x76\x61\x6c\x69\x64\x46\x69\x6c\x65\x73\x2e\x6c\x65\x6e\x67\x74\x68\x20\x3e\x20\x30\x29\x20\x7b\x0a\x20\x20\x20\x20\x20\x20\x20\x20\x61\x6c\x65\x72\x74\x28\x60\x26a0\xfe0f\x20\x24\x7b\x74\x28\x27\x65\x72\x72\x6f\x72\x2e\x66\x69\x6c\x65\x2e\x74\x6f\x6f\x4c\x61\x72\x67\x65\x27\x29\x7d\x5c\x6e\x24\x7b\x69\x6e\x76\x61\x6c\x69\x64\x46\x69\x6c\x65\x73\x2e\x6a\x6f\x69\x6e\x28\x27\x5c\x6e\x27\x29\x7d\x60\x29\x3b\x0a\x20\x20\x20\x20\x7d\x0a\x0a\x20\x20\x20\x20\x63\x6f\x6e\x73\x74\x20\x5f\x4c\x70\x50\x4b\x72\x47\x45\x20\x3d\x20\x76\x61\x6c\x69\x64\x46\x69\x6c\x65\x73\x2e\x73\x6c\x69\x63\x65\x28\x30\x2c\x20\x72\x65\x6d\x61\x69\x6e\x69\x6e\x67\x29\x3b\x0a\x20\x20\x20\x20\x73\x65\x6c\x65\x63\x74\x65\x64\x46\x69\x6c\x65\x73\x2e\x70\x75\x73\x68\x28\x2e\x2e\x2e\x6e\x65\x77\x46\x69\x6c\x65\x73\x29\x3b\x0a\x20\x20\x20\x20\x75\x70\x64\x61\x74\x65\x46\x69\x6c\x65\x50\x72\x65\x76\x69\x65\x77\x28\x29\x3b\x0a\x20\x20\x20\x20\x66\x69\x6c\x65\x49\x6e\x70\x75\x74\x2e\x76\x61\x6c\x75\x65\x20\x3d\x20\x27\x27\x3b\x0a\x7d\x0a\x0a\x66\x75\x6e\x63\x74\x69\x6f\x6e\x20\x75\x70\x64\x61\x74\x65\x46\x69\x6c\x65\x50\x72\x65\x76\x69\x65\x77\x28\x29\x20\x7b\x0a\x20\x20\x20\x20\x66\x69\x6c\x65\x50\x72\x65\x76\x69\x65\x77\x43\x6f\x6e\x74\x61\x69\x6e\x65\x72\x2e\x69\x6e\x6e\x65\x72\x48\x54\x4d\x4c\x20\x3d\x20\x27\x27\x3b\x0a\x0a\x20\x20\x20\x20\x69\x66\x20\x28\x73\x65\x6c\x65\x63\x74\x65\x64\x46\x69\x6c\x65\x73\x2e\x6c\x65\x6e\x67\x74\x68\x20\x3d\x3d\x3d\x20\x30\x29\x20\x7b\x0a\x20\x20\x20\x20\x20\x20\x20\x20\x66\x69\x6c\x65\x50\x72\x65\x76\x69\x65\x77\x43\x6f\x6e\x74\x61\x69\x6e\x65\x72\x2e\x73\x74\x79\x6c\x65\x2e\x64\x69\x73\x70\x6c\x61\x79\x20\x3d\x20\x27\x6e\x6f\x6e\x65\x27\x3b\x0a\x20\x20\x20\x20\x20\x20\x20\x20\x66\x69\x6c\x65\x42\x74\x6e\x2e\x63\x6c\x61\x73\x73\x4c\x69\x73\x74\x2e\x72\x65\x6d\x6f\x76\x65\x28\x27\x68\x61\x73\x2d\x66\x69\x6c\x65\x73\x27\x29\x3b\x0a\x20\x20\x20\x20\x20\x20\x20\x20\x66\x69\x6c\x65\x42\x74\x6e\x2e\x72\x65\x6d\x6f\x76\x65\x41\x74\x74\x72\x69\x62\x75\x74\x65\x28\x27\x64\x61\x74\x61\x2d\x63\x6f\x75\x6e\x74\x27\x29\x3b\x0a\x20\x20\x20\x20\x20\x20\x20\x20\x72\x65\x74\x75\x72\x6e\x3b\x0a\x20\x20\x20\x20\x7d\x0a\x0a\x20\x20\x20\x20\x66\x69\x6c\x65\x50\x72\x65\x76\x69\x65\x77\x43\x6f\x6e\x74\x61\x69\x6e\x65\x72\x2e\x73\x74\x79\x6c\x65\x2e\x64\x69\x73\x70\x6c\x61\x79\x20\x3d\x20\x27\x66\x6c\x65\x78\x27\x3b\x0a\x20\x20\x20\x20\x66\x69\x6c\x65\x42\x74\x6e\x2e\x63\x6c\x61\x73\x73\x4c\x69\x73\x74\x2e\x61\x64\x64\x28\x27\x68\x61\x73\x2d\x66\x69\x6c\x65\x73\x27\x29\x3b\x0a\x20\x20\x20\x20\x66\x69\x6c\x65\x42\x74\x6e\x2e\x73\x65\x74\x41\x74\x74\x72\x69\x62\x75\x74\x65\x28\x27\x64\x61\x74\x61\x2d\x63\x6f\x75\x6e\x74\x27\x2c\x20\x73\x65\x6c\x65\x63\x74\x65\x64\x46\x69\x6c\x65\x73\x2e\x6c\x65\x6e\x67\x74\x68\x29\x3b\x0a\x0a\x20\x20\x20\x20\x73\x65\x6c\x65\x63\x74\x65\x64\x46\x69\x6c\x65\x73\x2e\x66\x6f\x72\x45\x61\x63\x68\x28\x28\x66\x69\x6c\x65\x2c\x20\x69\x6e\x64\x65\x78\x29\x20\x3d\x3e\x20\x7b\x0a\x20\x20\x20\x20\x20\x20\x20\x20\x63\x6f\x6e\x73\x74\x20\x5f\x49\x69\x4d\x6e\x79\x49\x57\x20\x3d\x20\x64\x6f\x63\x75\x6d\x65\x6e\x74\x2e\x63\x72\x65\x61\x74\x65\x45\x6c\x65\x6d\x65\x6e\x74\x28\x27\x64\x69\x76\x27\x29\x3b\x0a\x20\x20\x20\x20\x20\x20\x20\x20\x69\x74\x65\x6d\x2e\x63\x6c\x61\x73\x73\x4e\x61\x6d\x65\x20\x3d\x20\x27\x66\x69\x6c\x65\x2d\x70\x72\x65\x76\x69\x65\x77\x2d\x69\x74\x65\x6d\x27\x3b\x0a\x0a\x20\x20\x20\x20\x20\x20\x20\x20\x69\x66\x20\x28\x66\x69\x6c\x65\x2e\x74\x79\x70\x65\x2e\x73\x74\x61\x72\x74\x73\x57\x69\x74\x68\x28\x27\x69\x6d\x61\x67\x65\x2f\x27\x29\x29\x20\x7b\x0a\x20\x20\x20\x20\x20\x20\x20\x20\x20\x20\x20\x20\x63\x6f\x6e\x73\x74\x20\x5f\x5a\x6c\x51\x48\x71\x20\x3d\x20\x64\x6f\x63\x75\x6d\x65\x6e\x74\x2e\x63\x72\x65\x61\x74\x65\x45\x6c\x65\x6d\x65\x6e\x74\x28\x27\x69\x6d\x67\x27\x29\x3b\x0a\x20\x20\x20\x20\x20\x20\x20\x20\x20\x20\x20\x20\x69\x6d\x67\x2e\x63\x6c\x61\x73\x73\x4e\x61\x6d\x65\x20\x3d\x20\x27\x66\x69\x6c\x65\x2d\x70\x72\x65\x76\x69\x65\x77\x2d\x74\x68\x75\x6d\x62\x27\x3b\x0a\x20\x20\x20\x20\x20\x20\x20\x20\x20\x20\x20\x20\x69\x6d\x67\x2e\x61\x6c\x74\x20\x3d\x20\x66\x69\x6c\x65\x2e\x6e\x61\x6d\x65\x3b\x0a\x20\x20\x20\x20\x20\x20\x20\x20\x20\x20\x20\x20\x63\x6f\x6e\x73\x74\x20\x5f\x49\x59\x72\x59\x20\x3d\x20\x6e\x65\x77\x20\x46\x69\x6c\x65\x52\x65\x61\x64\x65\x72\x28\x29\x3b\x0a\x20\x20\x20\x20\x20\x20\x20\x20\x20\x20\x20\x20\x72\x65\x61\x64\x65\x72\x2e\x6f\x6e\x6c\x6f\x61\x64\x20\x3d\x20\x28\x65\x29\x20\x3d\x3e\x20\x7b\x0a\x20\x20\x20\x20\x20\x20\x20\x20\x20\x20\x20\x20\x20\x20\x20\x20\x69\x6d\x67\x2e\x73\x72\x63\x20\x3d\x20\x65\x2e\x74\x61\x72\x67\x65\x74\x2e\x72\x65\x73\x75\x6c\x74\x3b\x0a\x20\x20\x20\x20\x20\x20\x20\x20\x20\x20\x20\x20\x20\x20\x20\x20\x66\x69\x6c\x65\x2e\x5f\x70\x72\x65\x76\x69\x65\x77\x55\x72\x6c\x20\x3d\x20\x65\x2e\x74\x61\x72\x67\x65\x74\x2e\x72\x65\x73\x75\x6c\x74\x3b\x0a\x20\x20\x20\x20\x20\x20\x20\x20\x20\x20\x20\x20\x7d\x3b\x0a\x20\x20\x20\x20\x20\x20\x20\x20\x20\x20\x20\x20\x72\x65\x61\x64\x65\x72\x2e\x72\x65\x61\x64\x41\x73\x44\x61\x74\x61\x55\x52\x4c\x28\x66\x69\x6c\x65\x29\x3b\x0a\x20\x20\x20\x20\x20\x20\x20\x20\x20\x20\x20\x20\x69\x74\x65\x6d\x2e\x61\x70\x70\x65\x6e\x64\x43\x68\x69\x6c\x64\x28\x69\x6d\x67\x29\x3b\x0a\x20\x20\x20\x20\x20\x20\x20\x20\x7d\x20\x65\x6c\x73\x65\x20\x7b\x0a\x20\x20\x20\x20\x20\x20\x20\x20\x20\x20\x20\x20\x63\x6f\x6e\x73\x74\x20\x5f\x63\x69\x4a\x41\x77\x4b\x20\x3d\x20\x66\x69\x6c\x65\x2e\x6e\x61\x6d\x65\x2e\x73\x70\x6c\x69\x74\x28\x27\x2e\x27\x29\x2e\x70\x6f\x70\x28\x29\x20\x7c\x7c\x20\x27\x66\x69\x6c\x65\x27\x3b\x0a\x20\x20\x20\x20\x20\x20\x20\x20\x20\x20\x20\x20\x63\x6f\x6e\x73\x74\x20\x5f\x53\x52\x63\x69\x20\x3d\x20\x2f\x5c\x2e\x28\x6a\x73\x7c\x6a\x73\x78\x7c\x74\x73\x7c\x74\x73\x78\x7c\x76\x75\x65\x7c\x68\x74\x6d\x6c\x7c\x68\x74\x6d\x7c\x63\x73\x73\x7c\x73\x63\x73\x73\x7c\x73\x61\x73\x73\x7c\x6c\x65\x73\x73\x7c\x70\x79\x7c\x72\x62\x7c\x70\x68\x70\x7c\x6a\x61\x76\x61\x7c\x6b\x74\x7c\x6b\x74\x73\x7c\x67\x6f\x7c\x72\x73\x7c\x63\x7c\x68\x7c\x63\x70\x70\x7c\x63\x63\x7c\x68\x70\x70\x7c\x63\x73\x7c\x73\x77\x69\x66\x74\x7c\x6d\x7c\x73\x63\x61\x6c\x61\x7c\x73\x71\x6c\x7c\x73\x68\x7c\x62\x61\x73\x68\x7c\x70\x6c\x7c\x6c\x75\x61\x7c\x72\x7c\x64\x61\x72\x74\x7c\x78\x6d\x6c\x7c\x79\x61\x6d\x6c\x7c\x79\x6d\x6c\x7c\x74\x6f\x6d\x6c\x7c\x69\x6e\x69\x7c\x65\x6e\x76\x7c\x63\x6f\x6e\x66\x7c\x6c\x6f\x67\x7c\x67\x69\x74\x69\x67\x6e\x6f\x72\x65\x7c\x64\x6f\x63\x6b\x65\x72\x66\x69\x6c\x65\x7c\x74\x65\x78\x7c\x72\x73\x74\x7c\x6a\x73\x6f\x6e\x7c\x6a\x73\x6f\x6e\x35\x7c\x67\x72\x61\x70\x68\x71\x6c\x7c\x67\x71\x6c\x7c\x70\x72\x6f\x74\x6f\x7c\x74\x66\x7c\x74\x66\x76\x61\x72\x73\x7c\x68\x63\x6c\x7c\x6d\x61\x6b\x65\x66\x69\x6c\x65\x7c\x6d\x6b\x7c\x63\x6d\x61\x6b\x65\x7c\x67\x72\x61\x64\x6c\x65\x7c\x6e\x69\x6d\x7c\x63\x72\x79\x73\x74\x61\x6c\x7c\x63\x72\x7c\x7a\x69\x67\x7c\x76\x7c\x76\x76\x7c\x67\x6c\x65\x61\x6d\x7c\x72\x65\x73\x7c\x72\x65\x73\x69\x7c\x66\x73\x7c\x66\x73\x78\x7c\x66\x73\x69\x7c\x65\x78\x7c\x65\x78\x73\x7c\x65\x72\x6c\x7c\x68\x72\x6c\x7c\x63\x6c\x6a\x7c\x63\x6c\x6a\x73\x7c\x63\x6c\x6a\x63\x7c\x65\x64\x6e\x7c\x63\x6f\x62\x7c\x63\x62\x6c\x7c\x66\x6f\x72\x7c\x66\x39\x30\x7c\x66\x39\x35\x7c\x61\x73\x6d\x7c\x73\x7c\x6e\x61\x73\x6d\x7c\x70\x73\x31\x7c\x70\x73\x6d\x31\x7c\x70\x73\x64\x31\x7c\x61\x68\x6b\x7c\x62\x61\x74\x7c\x63\x6d\x64\x7c\x61\x77\x6b\x7c\x73\x65\x64\x7c\x72\x7c\x72\x6d\x64\x7c\x6a\x6c\x7c\x64\x7c\x61\x64\x61\x7c\x61\x64\x62\x7c\x61\x64\x73\x7c\x76\x68\x64\x7c\x76\x68\x64\x6c\x7c\x73\x76\x7c\x73\x76\x68\x7c\x63\x75\x64\x61\x7c\x63\x75\x7c\x63\x75\x68\x7c\x6f\x70\x65\x6e\x63\x6c\x7c\x63\x6c\x7c\x77\x65\x62\x69\x64\x6c\x7c\x69\x64\x6c\x7c\x77\x61\x73\x74\x7c\x77\x61\x74\x7c\x66\x73\x68\x61\x72\x70\x7c\x65\x64\x69\x74\x6f\x72\x63\x6f\x6e\x66\x69\x67\x7c\x70\x72\x65\x74\x74\x69\x65\x72\x72\x63\x7c\x65\x73\x6c\x69\x6e\x74\x72\x63\x7c\x62\x61\x62\x65\x6c\x72\x63\x7c\x73\x74\x79\x6c\x65\x6c\x69\x6e\x74\x72\x63\x7c\x68\x75\x73\x6b\x79\x72\x63\x7c\x6c\x69\x6e\x74\x73\x74\x61\x67\x65\x64\x72\x63\x7c\x6e\x70\x6d\x72\x63\x7c\x79\x61\x72\x6e\x72\x63\x7c\x70\x6e\x70\x5c\x2e\x6a\x73\x7c\x70\x6e\x70\x5c\x2e\x63\x6a\x73\x7c\x69\x70\x79\x6e\x62\x29\x24\x2f\x69\x2e\x74\x65\x73\x74\x28\x66\x69\x6c\x65\x2e\x6e\x61\x6d\x65\x29\x3b\x0a\x20\x20\x20\x20\x20\x20\x20\x20\x20\x20\x20\x20\x63\x6f\x6e\x73\x74\x20\x5f\x4e\x7a\x71\x75\x66\x65\x70\x20\x3d\x20\x66\x69\x6c\x65\x2e\x6e\x61\x6d\x65\x2e\x74\x6f\x4c\x6f\x77\x65\x72\x43\x61\x73\x65\x28\x29\x2e\x65\x6e\x64\x73\x57\x69\x74\x68\x28\x27\x2e\x7a\x69\x70\x27\x29\x3b\x0a\x20\x20\x20\x20\x20\x20\x20\x20\x20\x20\x20\x20\x63\x6f\x6e\x73\x74\x20\x5f\x6a\x63\x7a\x6d\x48\x79\x20\x3d\x20\x66\x69\x6c\x65\x2e\x6e\x61\x6d\x65\x2e\x74\x6f\x4c\x6f\x77\x65\x72\x43\x61\x73\x65\x28\x29\x2e\x65\x6e\x64\x73\x57\x69\x74\x68\x28\x27\x2e\x70\x64\x66\x27\x29\x3b\x0a\x20\x20\x20\x20\x20\x20\x20\x20\x20\x20\x20\x20\x0a\x20\x20\x20\x20\x20\x20\x20\x20\x20\x20\x20\x20\x6c\x65\x74\x20\x5f\x57\x43\x66\x50\x56\x65\x49\x45\x20\x3d\x20\x60\x0a\x20\x20\x20\x20\x20\x20\x20\x20\x20\x20\x20\x20\x20\x20\x20\x20\x3c\x73\x76\x67\x20\x77\x69\x64\x74\x68\x3d"24"\x20\x68\x65\x69\x67\x68\x74\x3d"24"\x20\x76\x69\x65\x77\x42\x6f\x78\x3d"0 0 24 24"\x20\x66\x69\x6c\x6c\x3d"none"\x20\x73\x74\x72\x6f\x6b\x65\x3d"currentColor"\x20\x73\x74\x72\x6f\x6b\x65\x2d\x77\x69\x64\x74\x68\x3d"2"\x20\x73\x74\x72\x6f\x6b\x65\x2d\x6c\x69\x6e\x65\x63\x61\x70\x3d"round"\x20\x73\x74\x72\x6f\x6b\x65\x2d\x6c\x69\x6e\x65\x6a\x6f\x69\x6e\x3d"round"\x3e\x0a\x20\x20\x20\x20\x20\x20\x20\x20\x20\x20\x20\x20\x20\x20\x20\x20\x20\x20\x20\x20\x3c\x70\x61\x74\x68\x20\x64\x3d"M14 2H6a2 2 0 00-2 2v16a2 2 0 002 2h12a2 2 0 002-2V8z"\x2f\x3e\x0a\x20\x20\x20\x20\x20\x20\x20\x20\x20\x20\x20\x20\x20\x20\x20\x20\x20\x20\x20\x20\x3c\x70\x6f\x6c\x79\x6c\x69\x6e\x65\x20\x70\x6f\x69\x6e\x74\x73\x3d"14 2 14 8 20 8"\x2f\x3e\x0a\x20\x20\x20\x20\x20\x20\x20\x20\x20\x20\x20\x20\x20\x20\x20\x20\x3c\x2f\x73\x76\x67\x3e\x0a\x20\x20\x20\x20\x20\x20\x20\x20\x20\x20\x20\x20\x60\x3b\x0a\x20\x20\x20\x20\x20\x20\x20\x20\x20\x20\x20\x20\x0a\x20\x20\x20\x20\x20\x20\x20\x20\x20\x20\x20\x20\x69\x66\x20\x28\x69\x73\x43\x6f\x64\x65\x29\x20\x7b\x0a\x20\x20\x20\x20\x20\x20\x20\x20\x20\x20\x20\x20\x20\x20\x20\x20\x69\x63\x6f\x6e\x20\x3d\x20\x60\x0a\x20\x20\x20\x20\x20\x20\x20\x20\x20\x20\x20\x20\x20\x20\x20\x20\x20\x20\x20\x20\x3c\x73\x76\x67\x20\x77\x69\x64\x74\x68\x3d"24"\x20\x68\x65\x69\x67\x68\x74\x3d"24"\x20\x76\x69\x65\x77\x42\x6f\x78\x3d"0 0 24 24"\x20\x66\x69\x6c\x6c\x3d"none"\x20\x73\x74\x72\x6f\x6b\x65\x3d"currentColor"\x20\x73\x74\x72\x6f\x6b\x65\x2d\x77\x69\x64\x74\x68\x3d"2"\x20\x73\x74\x72\x6f\x6b\x65\x2d\x6c\x69\x6e\x65\x63\x61\x70\x3d"round"\x20\x73\x74\x72\x6f\x6b\x65\x2d\x6c\x69\x6e\x65\x6a\x6f\x69\x6e\x3d"round"\x3e\x0a\x20\x20\x20\x20\x20\x20\x20\x20\x20\x20\x20\x20\x20\x20\x20\x20\x20\x20\x20\x20\x20\x20\x20\x20\x3c\x70\x6f\x6c\x79\x6c\x69\x6e\x65\x20\x70\x6f\x69\x6e\x74\x73\x3d"16 18 22 12 16 6"\x2f\x3e\x0a\x20\x20\x20\x20\x20\x20\x20\x20\x20\x20\x20\x20\x20\x20\x20\x20\x20\x20\x20\x20\x20\x20\x20\x20\x3c\x70\x6f\x6c\x79\x6c\x69\x6e\x65\x20\x70\x6f\x69\x6e\x74\x73\x3d"8 6 2 12 8 18"\x2f\x3e\x0a\x20\x20\x20\x20\x20\x20\x20\x20\x20\x20\x20\x20\x20\x20\x20\x20\x20\x20\x20\x20\x3c\x2f\x73\x76\x67\x3e\x0a\x20\x20\x20\x20\x20\x20\x20\x20\x20\x20\x20\x20\x20\x20\x20\x20\x60\x3b\x0a\x20\x20\x20\x20\x20\x20\x20\x20\x20\x20\x20\x20\x7d\x20\x65\x6c\x73\x65\x20\x69\x66\x20\x28\x69\x73\x5a\x69\x70\x29\x20\x7b\x0a\x20\x20\x20\x20\x20\x20\x20\x20\x20\x20\x20\x20\x20\x20\x20\x20\x69\x63\x6f\x6e\x20\x3d\x20\x60\x0a\x20\x20\x20\x20\x20\x20\x20\x20\x20\x20\x20\x20\x20\x20\x20\x20\x20\x20\x20\x20\x3c\x73\x76\x67\x20\x77\x69\x64\x74\x68\x3d"24"\x20\x68\x65\x69\x67\x68\x74\x3d"24"\x20\x76\x69\x65\x77\x42\x6f\x78\x3d"0 0 24 24"\x20\x66\x69\x6c\x6c\x3d"none"\x20\x73\x74\x72\x6f\x6b\x65\x3d"currentColor"\x20\x73\x74\x72\x6f\x6b\x65\x2d\x77\x69\x64\x74\x68\x3d"2"\x20\x73\x74\x72\x6f\x6b\x65\x2d\x6c\x69\x6e\x65\x63\x61\x70\x3d"round"\x20\x73\x74\x72\x6f\x6b\x65\x2d\x6c\x69\x6e\x65\x6a\x6f\x69\x6e\x3d"round"\x3e\x0a\x20\x20\x20\x20\x20\x20\x20\x20\x20\x20\x20\x20\x20\x20\x20\x20\x20\x20\x20\x20\x20\x20\x20\x20\x3c\x70\x61\x74\x68\x20\x64\x3d"M4 4h16v16H4z M8 8h8v8H8z M12 8v8 M8 12h8"\x2f\x3e\x0a\x20\x20\x20\x20\x20\x20\x20\x20\x20\x20\x20\x20\x20\x20\x20\x20\x20\x20\x20\x20\x20\x20\x20\x20\x3c\x70\x61\x74\x68\x20\x64\x3d"M4 8h2M4 12h2M4 16h2M18 8h2M18 12h2M18 16h2"\x2f\x3e\x0a\x20\x20\x20\x20\x20\x20\x20\x20\x20\x20\x20\x20\x20\x20\x20\x20\x20\x20\x20\x20\x3c\x2f\x73\x76\x67\x3e\x0a\x20\x20\x20\x20\x20\x20\x20\x20\x20\x20\x20\x20\x20\x20\x20\x20\x60\x3b\x0a\x20\x20\x20\x20\x20\x20\x20\x20\x20\x20\x20\x20\x7d\x20\x65\x6c\x73\x65\x20\x69\x66\x20\x28\x69\x73\x50\x64\x66\x29\x20\x7b\x0a\x20\x20\x20\x20\x20\x20\x20\x20\x20\x20\x20\x20\x20\x20\x20\x20\x69\x63\x6f\x6e\x20\x3d\x20\x60\x0a\x20\x20\x20\x20\x20\x20\x20\x20\x20\x20\x20\x20\x20\x20\x20\x20\x20\x20\x20\x20\x3c\x73\x76\x67\x20\x77\x69\x64\x74\x68\x3d"24"\x20\x68\x65\x69\x67\x68\x74\x3d"24"\x20\x76\x69\x65\x77\x42\x6f\x78\x3d"0 0 24 24"\x20\x66\x69\x6c\x6c\x3d"none"\x20\x73\x74\x72\x6f\x6b\x65\x3d"currentColor"\x20\x73\x74\x72\x6f\x6b\x65\x2d\x77\x69\x64\x74\x68\x3d"2"\x20\x73\x74\x72\x6f\x6b\x65\x2d\x6c\x69\x6e\x65\x63\x61\x70\x3d"round"\x20\x73\x74\x72\x6f\x6b\x65\x2d\x6c\x69\x6e\x65\x6a\x6f\x69\x6e\x3d"round"\x3e\x0a\x20\x20\x20\x20\x20\x20\x20\x20\x20\x20\x20\x20\x20\x20\x20\x20\x20\x20\x20\x20\x20\x20\x20\x20\x3c\x70\x61\x74\x68\x20\x64\x3d"M14 2H6a2 2 0 00-2 2v16a2 2 0 002 2h12a2 2 0 002-2V8z"\x2f\x3e\x0a\x20\x20\x20\x20\x20\x20\x20\x20\x20\x20\x20\x20\x20\x20\x20\x20\x20\x20\x20\x20\x20\x20\x20\x20\x3c\x70\x6f\x6c\x79\x6c\x69\x6e\x65\x20\x70\x6f\x69\x6e\x74\x73\x3d"14 2 14 8 20 8"\x2f\x3e\x0a\x20\x20\x20\x20\x20\x20\x20\x20\x20\x20\x20\x20\x20\x20\x20\x20\x20\x20\x20\x20\x20\x20\x20\x20\x3c\x70\x61\x74\x68\x20\x64\x3d"M8 17v-4h1.5a1.5 1.5 0 010 3H8"\x2f\x3e\x0a\x20\x20\x20\x20\x20\x20\x20\x20\x20\x20\x20\x20\x20\x20\x20\x20\x20\x20\x20\x20\x20\x20\x20\x20\x3c\x70\x61\x74\x68\x20\x64\x3d"M13 13v4h1a1.5 1.5 0 000-4h-1z"\x2f\x3e\x0a\x20\x20\x20\x20\x20\x20\x20\x20\x20\x20\x20\x20\x20\x20\x20\x20\x20\x20\x20\x20\x3c\x2f\x73\x76\x67\x3e\x0a\x20\x20\x20\x20\x20\x20\x20\x20\x20\x20\x20\x20\x20\x20\x20\x20\x60\x3b\x0a\x20\x20\x20\x20\x20\x20\x20\x20\x20\x20\x20\x20\x7d\x0a\x20\x20\x20\x20\x20\x20\x20\x20\x20\x20\x20\x20\x0a\x20\x20\x20\x20\x20\x20\x20\x20\x20\x20\x20\x20\x69\x74\x65\x6d\x2e\x69\x6e\x6e\x65\x72\x48\x54\x4d\x4c\x20\x3d\x20\x60\x0a\x20\x20\x20\x20\x20\x20\x20\x20\x20\x20\x20\x20\x20\x20\x20\x20\x3c\x64\x69\x76\x20\x63\x6c\x61\x73\x73\x3d"file-preview-doc"\x3e\x0a\x20\x20\x20\x20\x20\x20\x20\x20\x20\x20\x20\x20\x20\x20\x20\x20\x20\x20\x20\x20\x24\x7b\x69\x63\x6f\x6e\x7d\x0a\x20\x20\x20\x20\x20\x20\x20\x20\x20\x20\x20\x20\x20\x20\x20\x20\x20\x20\x20\x20\x3c\x73\x70\x61\x6e\x20\x63\x6c\x61\x73\x73\x3d"file-ext"\x3e\x24\x7b\x65\x73\x63\x61\x70\x65\x48\x74\x6d\x6c\x28\x65\x78\x74\x2e\x74\x6f\x55\x70\x70\x65\x72\x43\x61\x73\x65\x28\x29\x29\x7d\x3c\x2f\x73\x70\x61\x6e\x3e\x0a\x20\x20\x20\x20\x20\x20\x20\x20\x20\x20\x20\x20\x20\x20\x20\x20\x3c\x2f\x64\x69\x76\x3e\x0a\x20\x20\x20\x20\x20\x20\x20\x20\x20\x20\x20\x20\x60\x3b\x0a\x20\x20\x20\x20\x20\x20\x20\x20\x7d\x0a\x0a\x20\x20\x20\x20\x20\x20\x20\x20\x63\x6f\x6e\x73\x74\x20\x5f\x74\x4a\x56\x6f\x6c\x20\x3d\x20\x64\x6f\x63\x75\x6d\x65\x6e\x74\x2e\x63\x72\x65\x61\x74\x65\x45\x6c\x65\x6d\x65\x6e\x74\x28\x27\x64\x69\x76\x27\x29\x3b\x0a\x20\x20\x20\x20\x20\x20\x20\x20\x62\x61\x64\x67\x65\x2e\x63\x6c\x61\x73\x73\x4e\x61\x6d\x65\x20\x3d\x20\x27\x66\x69\x6c\x65\x2d\x62\x61\x64\x67\x65\x27\x3b\x0a\x20\x20\x20\x20\x20\x20\x20\x20\x62\x61\x64\x67\x65\x2e\x74\x65\x78\x74\x43\x6f\x6e\x74\x65\x6e\x74\x20\x3d\x20\x66\x69\x6c\x65\x2e\x6e\x61\x6d\x65\x3b\x0a\x20\x20\x20\x20\x20\x20\x20\x20\x69\x74\x65\x6d\x2e\x61\x70\x70\x65\x6e\x64\x43\x68\x69\x6c\x64\x28\x62\x61\x64\x67\x65\x29\x3b\x0a\x0a\x20\x20\x20\x20\x20\x20\x20\x20\x63\x6f\x6e\x73\x74\x20\x5f\x44\x49\x5a\x58\x48\x78\x79\x72\x20\x3d\x20\x64\x6f\x63\x75\x6d\x65\x6e\x74\x2e\x63\x72\x65\x61\x74\x65\x45\x6c\x65\x6d\x65\x6e\x74\x28\x27\x62\x75\x74\x74\x6f\x6e\x27\x29\x3b\x0a\x20\x20\x20\x20\x20\x20\x20\x20\x72\x65\x6d\x6f\x76\x65\x42\x74\x6e\x2e\x63\x6c\x61\x73\x73\x4e\x61\x6d\x65\x20\x3d\x20\x27\x66\x69\x6c\x65\x2d\x70\x72\x65\x76\x69\x65\x77\x2d\x72\x65\x6d\x6f\x76\x65\x27\x3b\x0a\x20\x20\x20\x20\x20\x20\x20\x20\x72\x65\x6d\x6f\x76\x65\x42\x74\x6e\x2e\x69\x6e\x6e\x65\x72\x48\x54\x4d\x4c\x20\x3d\x20\x60\x3c\x73\x76\x67\x20\x77\x69\x64\x74\x68\x3d"9"\x20\x68\x65\x69\x67\x68\x74\x3d"9"\x20\x76\x69\x65\x77\x42\x6f\x78\x3d"0 0 24 24"\x20\x66\x69\x6c\x6c\x3d"none"\x20\x73\x74\x72\x6f\x6b\x65\x3d"currentColor"\x20\x73\x74\x72\x6f\x6b\x65\x2d\x77\x69\x64\x74\x68\x3d"3"\x20\x73\x74\x72\x6f\x6b\x65\x2d\x6c\x69\x6e\x65\x63\x61\x70\x3d"round"\x3e\x3c\x6c\x69\x6e\x65\x20\x78\x31\x3d"18"\x20\x79\x31\x3d"6"\x20\x78\x32\x3d"6"\x20\x79\x32\x3d"18"\x2f\x3e\x3c\x6c\x69\x6e\x65\x20\x78\x31\x3d"6"\x20\x79\x31\x3d"6"\x20\x78\x32\x3d"18"\x20\x79\x32\x3d"18"\x2f\x3e\x3c\x2f\x73\x76\x67\x3e\x60\x3b\x0a\x20\x20\x20\x20\x20\x20\x20\x20\x72\x65\x6d\x6f\x76\x65\x42\x74\x6e\x2e\x74\x79\x70\x65\x20\x3d\x20\x27\x62\x75\x74\x74\x6f\x6e\x27\x3b\x0a\x20\x20\x20\x20\x20\x20\x20\x20\x72\x65\x6d\x6f\x76\x65\x42\x74\x6e\x2e\x73\x65\x74\x41\x74\x74\x72\x69\x62\x75\x74\x65\x28\x27\x61\x72\x69\x61\x2d\x6c\x61\x62\x65\x6c\x27\x2c\x20\x27\x52\x65\x6d\x6f\x76\x65\x20\x66\x69\x6c\x65\x27\x29\x3b\x0a\x20\x20\x20\x20\x20\x20\x20\x20\x72\x65\x6d\x6f\x76\x65\x42\x74\x6e\x2e\x61\x64\x64\x45\x76\x65\x6e\x74\x4c\x69\x73\x74\x65\x6e\x65\x72\x28\x27\x63\x6c\x69\x63\x6b\x27\x2c\x20\x28\x65\x29\x20\x3d\x3e\x20\x7b\x0a\x20\x20\x20\x20\x20\x20\x20\x20\x20\x20\x20\x20\x65\x2e\x73\x74\x6f\x70\x50\x72\x6f\x70\x61\x67\x61\x74\x69\x6f\x6e\x28\x29\x3b\x0a\x20\x20\x20\x20\x20\x20\x20\x20\x20\x20\x20\x20\x73\x65\x6c\x65\x63\x74\x65\x64\x46\x69\x6c\x65\x73\x2e\x73\x70\x6c\x69\x63\x65\x28\x69\x6e\x64\x65\x78\x2c\x20\x31\x29\x3b\x0a\x20\x20\x20\x20\x20\x20\x20\x20\x20\x20\x20\x20\x75\x70\x64\x61\x74\x65\x46\x69\x6c\x65\x50\x72\x65\x76\x69\x65\x77\x28\x29\x3b\x0a\x20\x20\x20\x20\x20\x20\x20\x20\x7d\x29\x3b\x0a\x20\x20\x20\x20\x20\x20\x20\x20\x69\x74\x65\x6d\x2e\x61\x70\x70\x65\x6e\x64\x43\x68\x69\x6c\x64\x28\x72\x65\x6d\x6f\x76\x65\x42\x74\x6e\x29\x3b\x0a\x0a\x20\x20\x20\x20\x20\x20\x20\x20\x66\x69\x6c\x65\x50\x72\x65\x76\x69\x65\x77\x43\x6f\x6e\x74\x61\x69\x6e\x65\x72\x2e\x61\x70\x70\x65\x6e\x64\x43\x68\x69\x6c\x64\x28\x69\x74\x65\x6d\x29\x3b\x0a\x20\x20\x20\x20\x7d\x29\x3b\x0a\x7d\x0a\x0a\x66\x75\x6e\x63\x74\x69\x6f\x6e\x20\x63\x6c\x65\x61\x72\x53\x65\x6c\x65\x63\x74\x65\x64\x46\x69\x6c\x65\x73\x28\x29\x20\x7b\x0a\x20\x20\x20\x20\x73\x65\x6c\x65\x63\x74\x65\x64\x46\x69\x6c\x65\x73\x20\x3d\x20\x5b\x5d\x3b\x0a\x20\x20\x20\x20\x75\x70\x64\x61\x74\x65\x46\x69\x6c\x65\x50\x72\x65\x76\x69\x65\x77\x28\x29\x3b\x0a\x20\x20\x20\x20\x66\x69\x6c\x65\x49\x6e\x70\x75\x74\x2e\x76\x61\x6c\x75\x65\x20\x3d\x20\x27\x27\x3b\x0a\x7d\x0a\x0a\x66\x75\x6e\x63\x74\x69\x6f\x6e\x20\x73\x65\x74\x50\x72\x6f\x63\x65\x73\x73\x69\x6e\x67\x53\x74\x61\x74\x65\x28\x70\x72\x6f\x63\x65\x73\x73\x69\x6e\x67\x29\x20\x7b\x0a\x20\x20\x20\x20\x69\x73\x50\x72\x6f\x63\x65\x73\x73\x69\x6e\x67\x20\x3d\x20\x70\x72\x6f\x63\x65\x73\x73\x69\x6e\x67\x3b\x0a\x20\x20\x20\x20\x73\x65\x6e\x64\x42\x74\x6e\x2e\x64\x69\x73\x61\x62\x6c\x65\x64\x20\x3d\x20\x70\x72\x6f\x63\x65\x73\x73\x69\x6e\x67\x3b\x0a\x20\x20\x20\x20\x63\x68\x61\x74\x49\x6e\x70\x75\x74\x2e\x64\x69\x73\x61\x62\x6c\x65\x64\x20\x3d\x20\x70\x72\x6f\x63\x65\x73\x73\x69\x6e\x67\x3b\x0a\x20\x20\x20\x20\x69\x66\x20\x28\x70\x72\x6f\x63\x65\x73\x73\x69\x6e\x67\x29\x20\x7b\x0a\x20\x20\x20\x20\x20\x20\x20\x20\x73\x65\x6e\x64\x42\x74\x6e\x2e\x63\x6c\x61\x73\x73\x4c\x69\x73\x74\x2e\x61\x64\x64\x28\x27\x70\x72\x6f\x63\x65\x73\x73\x69\x6e\x67\x27\x29\x3b\x0a\x20\x20\x20\x20\x7d\x20\x65\x6c\x73\x65\x20\x7b\x0a\x20\x20\x20\x20\x20\x20\x20\x20\x73\x65\x6e\x64\x42\x74\x6e\x2e\x63\x6c\x61\x73\x73\x4c\x69\x73\x74\x2e\x72\x65\x6d\x6f\x76\x65\x28\x27\x70\x72\x6f\x63\x65\x73\x73\x69\x6e\x67\x27\x29\x3b\x0a\x20\x20\x20\x20\x7d\x0a\x7d\x0a\x0a\x66\x75\x6e\x63\x74\x69\x6f\x6e\x20\x74\x79\x70\x65\x48\x54\x4d\x4c\x28\x6d\x61\x72\x6b\x64\x6f\x77\x6e\x29\x20\x7b\x0a\x20\x20\x20\x20\x72\x65\x74\x75\x72\x6e\x20\x6e\x65\x77\x20\x50\x72\x6f\x6d\x69\x73\x65\x28\x28\x72\x65\x73\x6f\x6c\x76\x65\x29\x20\x3d\x3e\x20\x7b\x0a\x20\x20\x20\x20\x20\x20\x20\x20\x63\x6f\x6e\x73\x74\x20\x5f\x79\x57\x55\x54\x63\x20\x3d\x20\x64\x6f\x63\x75\x6d\x65\x6e\x74\x2e\x63\x72\x65\x61\x74\x65\x45\x6c\x65\x6d\x65\x6e\x74\x28\x27\x64\x69\x76\x27\x29\x3b\x0a\x20\x20\x20\x20\x20\x20\x20\x20\x6d\x65\x73\x73\x61\x67\x65\x44\x69\x76\x2e\x63\x6c\x61\x73\x73\x4e\x61\x6d\x65\x20\x3d\x20\x27\x6d\x65\x73\x73\x61\x67\x65\x20\x6d\x65\x73\x73\x61\x67\x65\x2d\x61\x69\x20\x6d\x65\x73\x73\x61\x67\x65\x2d\x73\x74\x72\x65\x61\x6d\x69\x6e\x67\x20\x72\x65\x76\x65\x61\x6c\x2d\x6f\x6e\x2d\x73\x63\x72\x6f\x6c\x6c\x27\x3b\x0a\x0a\x20\x20\x20\x20\x20\x20\x20\x20\x63\x6f\x6e\x73\x74\x20\x5f\x78\x4f\x4e\x58\x67\x63\x6c\x68\x20\x3d\x20\x64\x6f\x63\x75\x6d\x65\x6e\x74\x2e\x63\x72\x65\x61\x74\x65\x45\x6c\x65\x6d\x65\x6e\x74\x28\x27\x64\x69\x76\x27\x29\x3b\x0a\x20\x20\x20\x20\x20\x20\x20\x20\x63\x6f\x6e\x74\x65\x6e\x74\x44\x69\x76\x2e\x63\x6c\x61\x73\x73\x4e\x61\x6d\x65\x20\x3d\x20\x27\x6d\x65\x73\x73\x61\x67\x65\x2d\x63\x6f\x6e\x74\x65\x6e\x74\x27\x3b\x0a\x20\x20\x20\x20\x20\x20\x20\x20\x63\x6f\x6e\x74\x65\x6e\x74\x44\x69\x76\x2e\x64\x69\x72\x20\x3d\x20\x64\x65\x74\x65\x63\x74\x44\x69\x72\x65\x63\x74\x69\x6f\x6e\x28\x6d\x61\x72\x6b\x64\x6f\x77\x6e\x29\x3b\x0a\x20\x20\x20\x20\x20\x20\x20\x20\x6d\x65\x73\x73\x61\x67\x65\x44\x69\x76\x2e\x61\x70\x70\x65\x6e\x64\x43\x68\x69\x6c\x64\x28\x63\x6f\x6e\x74\x65\x6e\x74\x44\x69\x76\x29\x3b\x0a\x0a\x20\x20\x20\x20\x20\x20\x20\x20\x63\x68\x61\x74\x4d\x65\x73\x73\x61\x67\x65\x73\x2e\x61\x70\x70\x65\x6e\x64\x43\x68\x69\x6c\x64\x28\x6d\x65\x73\x73\x61\x67\x65\x44\x69\x76\x29\x3b\x0a\x20\x20\x20\x20\x20\x20\x20\x20\x72\x65\x76\x65\x61\x6c\x4f\x6e\x53\x63\x72\x6f\x6c\x6c\x28\x6d\x65\x73\x73\x61\x67\x65\x44\x69\x76\x29\x3b\x0a\x20\x20\x20\x20\x20\x20\x20\x20\x64\x6f\x63\x75\x6d\x65\x6e\x74\x2e\x62\x6f\x64\x79\x2e\x63\x6c\x61\x73\x73\x4c\x69\x73\x74\x2e\x61\x64\x64\x28\x27\x69\x73\x2d\x74\x79\x70\x69\x6e\x67\x27\x29\x3b\x0a\x0a\x20\x20\x20\x20\x20\x20\x20\x20\x69\x66\x20\x28\x21\x75\x73\x65\x72\x53\x63\x72\x6f\x6c\x6c\x65\x64\x55\x70\x29\x20\x7b\x0a\x20\x20\x20\x20\x20\x20\x20\x20\x20\x20\x20\x20\x73\x63\x72\x6f\x6c\x6c\x54\x6f\x42\x6f\x74\x74\x6f\x6d\x28\x74\x72\x75\x65\x29\x3b\x0a\x20\x20\x20\x20\x20\x20\x20\x20\x7d\x20\x65\x6c\x73\x65\x20\x7b\x0a\x20\x20\x20\x20\x20\x20\x20\x20\x20\x20\x20\x20\x68\x61\x73\x4e\x65\x77\x4d\x65\x73\x73\x61\x67\x65\x20\x3d\x20\x74\x72\x75\x65\x3b\x0a\x20\x20\x20\x20\x20\x20\x20\x20\x20\x20\x20\x20\x69\x66\x20\x28\x73\x63\x72\x6f\x6c\x6c\x42\x6f\x74\x74\x6f\x6d\x42\x74\x6e\x29\x20\x73\x63\x72\x6f\x6c\x6c\x42\x6f\x74\x74\x6f\x6d\x42\x74\x6e\x2e\x63\x6c\x61\x73\x73\x4c\x69\x73\x74\x2e\x61\x64\x64\x28\x27\x68\x61\x73\x2d\x6e\x65\x77\x27\x29\x3b\x0a\x20\x20\x20\x20\x20\x20\x20\x20\x7d\x0a\x0a\x20\x20\x20\x20\x20\x20\x20\x20\x63\x6f\x6e\x73\x74\x20\x5f\x7a\x6e\x63\x72\x61\x20\x3d\x20\x6e\x65\x77\x20\x48\x54\x4d\x4c\x54\x79\x70\x65\x77\x72\x69\x74\x65\x72\x28\x7b\x0a\x20\x20\x20\x20\x20\x20\x20\x20\x20\x20\x20\x20\x73\x70\x65\x65\x64\x3a\x20\x54\x59\x50\x45\x5f\x53\x50\x45\x45\x44\x2c\x0a\x20\x20\x20\x20\x20\x20\x20\x20\x20\x20\x20\x20\x6f\x6e\x43\x6f\x6d\x70\x6c\x65\x74\x65\x3a\x20\x28\x29\x20\x3d\x3e\x20\x7b\x0a\x20\x20\x20\x20\x20\x20\x20\x20\x20\x20\x20\x20\x20\x20\x20\x20\x64\x6f\x63\x75\x6d\x65\x6e\x74\x2e\x62\x6f\x64\x79\x2e\x63\x6c\x61\x73\x73\x4c\x69\x73\x74\x2e\x72\x65\x6d\x6f\x76\x65\x28\x27\x69\x73\x2d\x74\x79\x70\x69\x6e\x67\x27\x29\x3b\x0a\x20\x20\x20\x20\x20\x20\x20\x20\x20\x20\x20\x20\x20\x20\x20\x20\x72\x65\x73\x6f\x6c\x76\x65\x28\x29\x3b\x0a\x20\x20\x20\x20\x20\x20\x20\x20\x20\x20\x20\x20\x7d\x2c\x0a\x20\x20\x20\x20\x20\x20\x20\x20\x20\x20\x20\x20\x6f\x6e\x43\x68\x61\x72\x3a\x20\x28\x29\x20\x3d\x3e\x20\x7b\x0a\x20\x20\x20\x20\x20\x20\x20\x20\x20\x20\x20\x20\x20\x20\x20\x20\x69\x66\x20\x28\x21\x75\x73\x65\x72\x53\x63\x72\x6f\x6c\x6c\x65\x64\x55\x70\x29\x20\x7b\x0a\x20\x20\x20\x20\x20\x20\x20\x20\x20\x20\x20\x20\x20\x20\x20\x20\x20\x20\x20\x20\x73\x63\x72\x6f\x6c\x6c\x54\x6f\x42\x6f\x74\x74\x6f\x6d\x28\x66\x61\x6c\x73\x65\x29\x3b\x0a\x20\x20\x20\x20\x20\x20\x20\x20\x20\x20\x20\x20\x20\x20\x20\x20\x7d\x0a\x20\x20\x20\x20\x20\x20\x20\x20\x20\x20\x20\x20\x7d\x0a\x20\x20\x20\x20\x20\x20\x20\x20\x7d\x29\x3b\x0a\x0a\x20\x20\x20\x20\x20\x20\x20\x20\x77\x72\x69\x74\x65\x72\x2e\x72\x65\x6e\x64\x65\x72\x28\x6d\x61\x72\x6b\x64\x6f\x77\x6e\x2c\x20\x63\x6f\x6e\x74\x65\x6e\x74\x44\x69\x76\x29\x3b\x0a\x20\x20\x20\x20\x7d\x29\x3b\x0a\x7d\x0a\x0a\x2f\x2f\x20\x2500\x2500\x20\x54\x68\x69\x6e\x6b\x69\x6e\x67\x20\x53\x74\x61\x74\x65\x20\x2500\x2500\x2500\x2500\x2500\x2500\x2500\x2500\x2500\x2500\x2500\x2500\x2500\x2500\x2500\x2500\x2500\x2500\x2500\x2500\x2500\x2500\x2500\x2500\x2500\x2500\x2500\x2500\x2500\x2500\x2500\x2500\x2500\x2500\x2500\x2500\x2500\x2500\x2500\x2500\x2500\x2500\x0a\x0a\x66\x75\x6e\x63\x74\x69\x6f\x6e\x20\x63\x72\x65\x61\x74\x65\x54\x68\x69\x6e\x6b\x69\x6e\x67\x4d\x65\x73\x73\x61\x67\x65\x28\x29\x20\x7b\x0a\x20\x20\x20\x20\x63\x6f\x6e\x73\x74\x20\x5f\x79\x57\x55\x54\x63\x20\x3d\x20\x64\x6f\x63\x75\x6d\x65\x6e\x74\x2e\x63\x72\x65\x61\x74\x65\x45\x6c\x65\x6d\x65\x6e\x74\x28\x27\x64\x69\x76\x27\x29\x3b\x0a\x20\x20\x20\x20\x6d\x65\x73\x73\x61\x67\x65\x44\x69\x76\x2e\x63\x6c\x61\x73\x73\x4e\x61\x6d\x65\x20\x3d\x20\x27\x6d\x65\x73\x73\x61\x67\x65\x20\x6d\x65\x73\x73\x61\x67\x65\x2d\x61\x69\x20\x6d\x65\x73\x73\x61\x67\x65\x2d\x74\x68\x69\x6e\x6b\x69\x6e\x67\x27\x3b\x0a\x20\x20\x20\x20\x6d\x65\x73\x73\x61\x67\x65\x44\x69\x76\x2e\x69\x64\x20\x3d\x20\x27\x74\x68\x69\x6e\x6b\x69\x6e\x67\x2d\x6d\x65\x73\x73\x61\x67\x65\x2d\x27\x20\x2b\x20\x44\x61\x74\x65\x2e\x6e\x6f\x77\x28\x29\x3b\x0a\x0a\x20\x20\x20\x20\x63\x6f\x6e\x73\x74\x20\x5f\x4a\x69\x53\x50\x4b\x67\x63\x49\x20\x3d\x20\x64\x6f\x63\x75\x6d\x65\x6e\x74\x2e\x63\x72\x65\x61\x74\x65\x45\x6c\x65\x6d\x65\x6e\x74\x28\x27\x64\x69\x76\x27\x29\x3b\x0a\x20\x20\x20\x20\x74\x68\x69\x6e\x6b\x69\x6e\x67\x57\x72\x61\x70\x2e\x63\x6c\x61\x73\x73\x4e\x61\x6d\x65\x20\x3d\x20\x27\x74\x68\x69\x6e\x6b\x69\x6e\x67\x2d\x69\x6e\x64\x69\x63\x61\x74\x6f\x72\x27\x3b\x0a\x20\x20\x20\x20\x74\x68\x69\x6e\x6b\x69\x6e\x67\x57\x72\x61\x70\x2e\x69\x6e\x6e\x65\x72\x48\x54\x4d\x4c\x20\x3d\x20\x60\x0a\x20\x20\x20\x20\x20\x20\x20\x20\x3c\x73\x70\x61\x6e\x20\x63\x6c\x61\x73\x73\x3d"thinking-orb"\x3e\x0a\x20\x20\x20\x20\x20\x20\x20\x20\x20\x20\x20\x20\x3c\x73\x70\x61\x6e\x20\x63\x6c\x61\x73\x73\x3d"thinking-orb-core"\x3e\x3c\x2f\x73\x70\x61\x6e\x3e\x0a\x20\x20\x20\x20\x20\x20\x20\x20\x20\x20\x20\x20\x3c\x73\x70\x61\x6e\x20\x63\x6c\x61\x73\x73\x3d"thinking-orb-ring"\x3e\x3c\x2f\x73\x70\x61\x6e\x3e\x0a\x20\x20\x20\x20\x20\x20\x20\x20\x20\x20\x20\x20\x3c\x73\x70\x61\x6e\x20\x63\x6c\x61\x73\x73\x3d"thinking-orb-ring thinking-orb-ring-delay"\x3e\x3c\x2f\x73\x70\x61\x6e\x3e\x0a\x20\x20\x20\x20\x20\x20\x20\x20\x3c\x2f\x73\x70\x61\x6e\x3e\x0a\x20\x20\x20\x20\x20\x20\x20\x20\x3c\x73\x70\x61\x6e\x20\x63\x6c\x61\x73\x73\x3d"thinking-text"\x3e\x24\x7b\x65\x73\x63\x61\x70\x65\x48\x74\x6d\x6c\x28\x74\x28\x27\x74\x68\x69\x6e\x6b\x69\x6e\x67\x2e\x74\x65\x78\x74\x27\x29\x29\x7d\x3c\x2f\x73\x70\x61\x6e\x3e\x0a\x20\x20\x20\x20\x20\x20\x20\x20\x3c\x73\x70\x61\x6e\x20\x63\x6c\x61\x73\x73\x3d"thinking-dots"\x3e\x0a\x20\x20\x20\x20\x20\x20\x20\x20\x20\x20\x20\x20\x3c\x73\x70\x61\x6e\x3e\x3c\x2f\x73\x70\x61\x6e\x3e\x0a\x20\x20\x20\x20\x20\x20\x20\x20\x20\x20\x20\x20\x3c\x73\x70\x61\x6e\x3e\x3c\x2f\x73\x70\x61\x6e\x3e\x0a\x20\x20\x20\x20\x20\x20\x20\x20\x20\x20\x20\x20\x3c\x73\x70\x61\x6e\x3e\x3c\x2f\x73\x70\x61\x6e\x3e\x0a\x20\x20\x20\x20\x20\x20\x20\x20\x3c\x2f\x73\x70\x61\x6e\x3e\x0a\x20\x20\x20\x20\x60\x3b\x0a\x20\x20\x20\x20\x6d\x65\x73\x73\x61\x67\x65\x44\x69\x76\x2e\x61\x70\x70\x65\x6e\x64\x43\x68\x69\x6c\x64\x28\x74\x68\x69\x6e\x6b\x69\x6e\x67\x57\x72\x61\x70\x29\x3b\x0a\x20\x20\x20\x20\x63\x68\x61\x74\x4d\x65\x73\x73\x61\x67\x65\x73\x2e\x61\x70\x70\x65\x6e\x64\x43\x68\x69\x6c\x64\x28\x6d\x65\x73\x73\x61\x67\x65\x44\x69\x76\x29\x3b\x0a\x20\x20\x20\x20\x73\x63\x72\x6f\x6c\x6c\x54\x6f\x42\x6f\x74\x74\x6f\x6d\x28\x74\x72\x75\x65\x29\x3b\x0a\x20\x20\x20\x20\x64\x6f\x63\x75\x6d\x65\x6e\x74\x2e\x62\x6f\x64\x79\x2e\x63\x6c\x61\x73\x73\x4c\x69\x73\x74\x2e\x61\x64\x64\x28\x27\x69\x73\x2d\x74\x68\x69\x6e\x6b\x69\x6e\x67\x27\x29\x3b\x0a\x20\x20\x20\x20\x72\x65\x74\x75\x72\x6e\x20\x6d\x65\x73\x73\x61\x67\x65\x44\x69\x76\x3b\x0a\x7d\x0a\x0a\x66\x75\x6e\x63\x74\x69\x6f\x6e\x20\x64\x69\x73\x6d\x69\x73\x73\x54\x68\x69\x6e\x6b\x69\x6e\x67\x53\x74\x61\x74\x65\x28\x74\x68\x69\x6e\x6b\x69\x6e\x67\x44\x69\x76\x29\x20\x7b\x0a\x20\x20\x20\x20\x64\x6f\x63\x75\x6d\x65\x6e\x74\x2e\x62\x6f\x64\x79\x2e\x63\x6c\x61\x73\x73\x4c\x69\x73\x74\x2e\x72\x65\x6d\x6f\x76\x65\x28\x27\x69\x73\x2d\x74\x68\x69\x6e\x6b\x69\x6e\x67\x27\x29\x3b\x0a\x20\x20\x20\x20\x69\x66\x20\x28\x21\x74\x68\x69\x6e\x6b\x69\x6e\x67\x44\x69\x76\x20\x7c\x7c\x20\x21\x74\x68\x69\x6e\x6b\x69\x6e\x67\x44\x69\x76\x2e\x69\x73\x43\x6f\x6e\x6e\x65\x63\x74\x65\x64\x29\x20\x72\x65\x74\x75\x72\x6e\x3b\x0a\x20\x20\x20\x20\x74\x68\x69\x6e\x6b\x69\x6e\x67\x44\x69\x76\x2e\x63\x6c\x61\x73\x73\x4c\x69\x73\x74\x2e\x61\x64\x64\x28\x27\x69\x73\x2d\x6c\x65\x61\x76\x69\x6e\x67\x27\x29\x3b\x0a\x20\x20\x20\x20\x74\x68\x69\x6e\x6b\x69\x6e\x67\x44\x69\x76\x2e\x61\x64\x64\x45\x76\x65\x6e\x74\x4c\x69\x73\x74\x65\x6e\x65\x72\x28\x27\x61\x6e\x69\x6d\x61\x74\x69\x6f\x6e\x65\x6e\x64\x27\x2c\x20\x28\x29\x20\x3d\x3e\x20\x74\x68\x69\x6e\x6b\x69\x6e\x67\x44\x69\x76\x2e\x72\x65\x6d\x6f\x76\x65\x28\x29\x2c\x20\x7b\x20\x6f\x6e\x63\x65\x3a\x20\x74\x72\x75\x65\x20\x7d\x29\x3b\x0a\x20\x20\x20\x20\x73\x65\x74\x54\x69\x6d\x65\x6f\x75\x74\x28\x28\x29\x20\x3d\x3e\x20\x74\x68\x69\x6e\x6b\x69\x6e\x67\x44\x69\x76\x2e\x72\x65\x6d\x6f\x76\x65\x28\x29\x2c\x20\x33\x35\x30\x29\x3b\x0a\x7d\x0a\x0a\x2f\x2f\x20\x2500\x2500\x20\x41\x64\x64\x20\x4d\x65\x73\x73\x61\x67\x65\x20\x28\x53\x74\x61\x74\x69\x63\x29\x20\x2500\x2500\x2500\x2500\x2500\x2500\x2500\x2500\x2500\x2500\x2500\x2500\x2500\x2500\x2500\x2500\x2500\x2500\x2500\x2500\x2500\x2500\x2500\x2500\x2500\x2500\x2500\x2500\x2500\x2500\x2500\x2500\x2500\x2500\x2500\x2500\x0a\x0a\x66\x75\x6e\x63\x74\x69\x6f\x6e\x20\x61\x64\x64\x4d\x65\x73\x73\x61\x67\x65\x28\x63\x6f\x6e\x74\x65\x6e\x74\x2c\x20\x73\x65\x6e\x64\x65\x72\x2c\x20\x6f\x70\x74\x69\x6f\x6e\x73\x20\x3d\x20\x7b\x7d\x29\x20\x7b\x0a\x20\x20\x20\x20\x63\x6f\x6e\x73\x74\x20\x7b\x20\x69\x73\x45\x72\x72\x6f\x72\x20\x3d\x20\x66\x61\x6c\x73\x65\x2c\x20\x61\x74\x74\x61\x63\x68\x6d\x65\x6e\x74\x73\x20\x3d\x20\x5b\x5d\x20\x7d\x20\x3d\x20\x6f\x70\x74\x69\x6f\x6e\x73\x3b\x0a\x20\x20\x20\x20\x63\x6f\x6e\x73\x74\x20\x5f\x79\x57\x55\x54\x63\x20\x3d\x20\x64\x6f\x63\x75\x6d\x65\x6e\x74\x2e\x63\x72\x65\x61\x74\x65\x45\x6c\x65\x6d\x65\x6e\x74\x28\x27\x64\x69\x76\x27\x29\x3b\x0a\x20\x20\x20\x20\x6d\x65\x73\x73\x61\x67\x65\x44\x69\x76\x2e\x63\x6c\x61\x73\x73\x4e\x61\x6d\x65\x20\x3d\x20\x60\x6d\x65\x73\x73\x61\x67\x65\x20\x6d\x65\x73\x73\x61\x67\x65\x2d\x24\x7b\x73\x65\x6e\x64\x65\x72\x7d\x20\x72\x65\x76\x65\x61\x6c\x2d\x6f\x6e\x2d\x73\x63\x72\x6f\x6c\x6c\x60\x3b\x0a\x20\x20\x20\x20\x69\x66\x20\x28\x69\x73\x45\x72\x72\x6f\x72\x29\x20\x6d\x65\x73\x73\x61\x67\x65\x44\x69\x76\x2e\x63\x6c\x61\x73\x73\x4c\x69\x73\x74\x2e\x61\x64\x64\x28\x27\x6d\x65\x73\x73\x61\x67\x65\x2d\x65\x72\x72\x6f\x72\x27\x29\x3b\x0a\x0a\x20\x20\x20\x20\x69\x66\x20\x28\x61\x74\x74\x61\x63\x68\x6d\x65\x6e\x74\x73\x2e\x6c\x65\x6e\x67\x74\x68\x20\x3e\x20\x30\x29\x20\x7b\x0a\x20\x20\x20\x20\x20\x20\x20\x20\x6d\x65\x73\x73\x61\x67\x65\x44\x69\x76\x2e\x69\x6e\x73\x65\x72\x74\x41\x64\x6a\x61\x63\x65\x6e\x74\x48\x54\x4d\x4c\x28\x27\x62\x65\x66\x6f\x72\x65\x65\x6e\x64\x27\x2c\x20\x72\x65\x6e\x64\x65\x72\x41\x74\x74\x61\x63\x68\x6d\x65\x6e\x74\x43\x61\x72\x64\x73\x28\x61\x74\x74\x61\x63\x68\x6d\x65\x6e\x74\x73\x29\x29\x3b\x0a\x20\x20\x20\x20\x7d\x0a\x0a\x20\x20\x20\x20\x63\x6f\x6e\x73\x74\x20\x5f\x78\x4f\x4e\x58\x67\x63\x6c\x68\x20\x3d\x20\x64\x6f\x63\x75\x6d\x65\x6e\x74\x2e\x63\x72\x65\x61\x74\x65\x45\x6c\x65\x6d\x65\x6e\x74\x28\x27\x64\x69\x76\x27\x29\x3b\x0a\x20\x20\x20\x20\x63\x6f\x6e\x74\x65\x6e\x74\x44\x69\x76\x2e\x63\x6c\x61\x73\x73\x4e\x61\x6d\x65\x20\x3d\x20\x27\x6d\x65\x73\x73\x61\x67\x65\x2d\x63\x6f\x6e\x74\x65\x6e\x74\x27\x3b\x0a\x20\x20\x20\x20\x63\x6f\x6e\x74\x65\x6e\x74\x44\x69\x76\x2e\x64\x69\x72\x20\x3d\x20\x64\x65\x74\x65\x63\x74\x44\x69\x72\x65\x63\x74\x69\x6f\x6e\x28\x63\x6f\x6e\x74\x65\x6e\x74\x29\x3b\x0a\x0a\x20\x20\x20\x20\x69\x66\x20\x28\x73\x65\x6e\x64\x65\x72\x20\x3d\x3d\x3d\x20\x27\x61\x69\x27\x29\x20\x7b\x0a\x20\x20\x20\x20\x20\x20\x20\x20\x69\x66\x20\x28\x69\x73\x45\x72\x72\x6f\x72\x29\x20\x7b\x0a\x20\x20\x20\x20\x20\x20\x20\x20\x20\x20\x20\x20\x63\x6f\x6e\x74\x65\x6e\x74\x44\x69\x76\x2e\x69\x6e\x6e\x65\x72\x48\x54\x4d\x4c\x20\x3d\x20\x77\x61\x72\x6e\x69\x6e\x67\x49\x63\x6f\x6e\x53\x56\x47\x28\x29\x20\x2b\x20\x72\x65\x6e\x64\x65\x72\x4d\x61\x72\x6b\x64\x6f\x77\x6e\x28\x63\x6f\x6e\x74\x65\x6e\x74\x29\x3b\x0a\x20\x20\x20\x20\x20\x20\x20\x20\x7d\x20\x65\x6c\x73\x65\x20\x7b\x0a\x20\x20\x20\x20\x20\x20\x20\x20\x20\x20\x20\x20\x63\x6f\x6e\x74\x65\x6e\x74\x44\x69\x76\x2e\x69\x6e\x6e\x65\x72\x48\x54\x4d\x4c\x20\x3d\x20\x72\x65\x6e\x64\x65\x72\x4d\x61\x72\x6b\x64\x6f\x77\x6e\x28\x63\x6f\x6e\x74\x65\x6e\x74\x29\x3b\x0a\x20\x20\x20\x20\x20\x20\x20\x20\x7d\x0a\x20\x20\x20\x20\x20\x20\x20\x20\x6d\x65\x73\x73\x61\x67\x65\x44\x69\x76\x2e\x61\x70\x70\x65\x6e\x64\x43\x68\x69\x6c\x64\x28\x63\x6f\x6e\x74\x65\x6e\x74\x44\x69\x76\x29\x3b\x0a\x20\x20\x20\x20\x20\x20\x20\x20\x68\x69\x67\x68\x6c\x69\x67\x68\x74\x43\x6f\x64\x65\x42\x6c\x6f\x63\x6b\x73\x28\x63\x6f\x6e\x74\x65\x6e\x74\x44\x69\x76\x29\x3b\x0a\x20\x20\x20\x20\x20\x20\x20\x20\x61\x64\x64\x43\x6f\x70\x79\x42\x75\x74\x74\x6f\x6e\x73\x54\x6f\x43\x6f\x64\x65\x42\x6c\x6f\x63\x6b\x73\x28\x63\x6f\x6e\x74\x65\x6e\x74\x44\x69\x76\x29\x3b\x0a\x20\x20\x20\x20\x20\x20\x20\x20\x69\x66\x20\x28\x21\x69\x73\x45\x72\x72\x6f\x72\x29\x20\x6d\x65\x73\x73\x61\x67\x65\x44\x69\x76\x2e\x61\x70\x70\x65\x6e\x64\x43\x68\x69\x6c\x64\x28\x63\x72\x65\x61\x74\x65\x4d\x65\x73\x73\x61\x67\x65\x54\x6f\x6f\x6c\x62\x61\x72\x28\x63\x6f\x6e\x74\x65\x6e\x74\x2c\x20\x63\x6f\x6e\x74\x65\x6e\x74\x44\x69\x76\x29\x29\x3b\x0a\x20\x20\x20\x20\x7d\x20\x65\x6c\x73\x65\x20\x7b\x0a\x20\x20\x20\x20\x20\x20\x20\x20\x69\x66\x20\x28\x63\x6f\x6e\x74\x65\x6e\x74\x29\x20\x7b\x0a\x20\x20\x20\x20\x20\x20\x20\x20\x20\x20\x20\x20\x63\x6f\x6e\x74\x65\x6e\x74\x44\x69\x76\x2e\x74\x65\x78\x74\x43\x6f\x6e\x74\x65\x6e\x74\x20\x3d\x20\x63\x6f\x6e\x74\x65\x6e\x74\x3b\x0a\x20\x20\x20\x20\x20\x20\x20\x20\x20\x20\x20\x20\x6d\x65\x73\x73\x61\x67\x65\x44\x69\x76\x2e\x61\x70\x70\x65\x6e\x64\x43\x68\x69\x6c\x64\x28\x63\x6f\x6e\x74\x65\x6e\x74\x44\x69\x76\x29\x3b\x0a\x20\x20\x20\x20\x20\x20\x20\x20\x7d\x0a\x20\x20\x20\x20\x7d\x0a\x0a\x20\x20\x20\x20\x63\x68\x61\x74\x4d\x65\x73\x73\x61\x67\x65\x73\x2e\x61\x70\x70\x65\x6e\x64\x43\x68\x69\x6c\x64\x28\x6d\x65\x73\x73\x61\x67\x65\x44\x69\x76\x29\x3b\x0a\x20\x20\x20\x20\x72\x65\x76\x65\x61\x6c\x4f\x6e\x53\x63\x72\x6f\x6c\x6c\x28\x6d\x65\x73\x73\x61\x67\x65\x44\x69\x76\x29\x3b\x0a\x20\x20\x20\x20\x69\x66\x20\x28\x21\x75\x73\x65\x72\x53\x63\x72\x6f\x6c\x6c\x65\x64\x55\x70\x29\x20\x7b\x0a\x20\x20\x20\x20\x20\x20\x20\x20\x73\x63\x72\x6f\x6c\x6c\x54\x6f\x42\x6f\x74\x74\x6f\x6d\x28\x74\x72\x75\x65\x29\x3b\x0a\x20\x20\x20\x20\x7d\x20\x65\x6c\x73\x65\x20\x69\x66\x20\x28\x73\x65\x6e\x64\x65\x72\x20\x3d\x3d\x3d\x20\x27\x61\x69\x27\x29\x20\x7b\x0a\x20\x20\x20\x20\x20\x20\x20\x20\x68\x61\x73\x4e\x65\x77\x4d\x65\x73\x73\x61\x67\x65\x20\x3d\x20\x74\x72\x75\x65\x3b\x0a\x20\x20\x20\x20\x20\x20\x20\x20\x69\x66\x20\x28\x73\x63\x72\x6f\x6c\x6c\x42\x6f\x74\x74\x6f\x6d\x42\x74\x6e\x29\x20\x73\x63\x72\x6f\x6c\x6c\x42\x6f\x74\x74\x6f\x6d\x42\x74\x6e\x2e\x63\x6c\x61\x73\x73\x4c\x69\x73\x74\x2e\x61\x64\x64\x28\x27\x68\x61\x73\x2d\x6e\x65\x77\x27\x29\x3b\x0a\x20\x20\x20\x20\x7d\x0a\x20\x20\x20\x20\x72\x65\x74\x75\x72\x6e\x20\x6d\x65\x73\x73\x61\x67\x65\x44\x69\x76\x3b\x0a\x7d\x0a\x0a\x2f\x2f\x20\x2500\x2500\x20\x54\x6f\x6f\x6c\x62\x61\x72\x3a\x20\x43\x6f\x70\x79\x20\x2f\x20\x44\x6f\x77\x6e\x6c\x6f\x61\x64\x20\x54\x58\x54\x20\x2f\x20\x44\x6f\x77\x6e\x6c\x6f\x61\x64\x20\x50\x44\x46\x20\x2f\x20\x53\x68\x61\x72\x65\x20\x2500\x2500\x2500\x2500\x2500\x2500\x2500\x2500\x2500\x0a\x0a\x2f\x2a\x2a\x0a\x20\x2a\x20\x57\x61\x6c\x6b\x73\x20\x61\x20\x72\x65\x6e\x64\x65\x72\x65\x64\x20\x6d\x65\x73\x73\x61\x67\x65\x20\x44\x4f\x4d\x20\x61\x6e\x64\x20\x70\x72\x6f\x64\x75\x63\x65\x73\x20\x63\x6c\x65\x61\x6e\x20\x70\x6c\x61\x69\x6e\x20\x74\x65\x78\x74\x3a\x0a\x20\x2a\x20\x6e\x6f\x20\x48\x54\x4d\x4c\x20\x74\x61\x67\x73\x2c\x20\x6e\x6f\x20\x6d\x61\x72\x6b\x64\x6f\x77\x6e\x20\x73\x79\x6d\x62\x6f\x6c\x73\x2c\x20\x63\x6f\x72\x72\x65\x63\x74\x20\x6c\x69\x6e\x65\x20\x62\x72\x65\x61\x6b\x73\x20\x70\x72\x65\x73\x65\x72\x76\x65\x64\x2e\x0a\x20\x2a\x2f\x0a\x66\x75\x6e\x63\x74\x69\x6f\x6e\x20\x65\x6c\x65\x6d\x65\x6e\x74\x54\x6f\x50\x6c\x61\x69\x6e\x54\x65\x78\x74\x28\x65\x6c\x29\x20\x7b\x0a\x20\x20\x20\x20\x69\x66\x20\x28\x21\x65\x6c\x29\x20\x72\x65\x74\x75\x72\x6e\x20\x27\x27\x3b\x0a\x20\x20\x20\x20\x63\x6f\x6e\x73\x74\x20\x5f\x68\x6f\x53\x66\x52\x49\x20\x3d\x20\x6e\x65\x77\x20\x53\x65\x74\x28\x5b\x27\x50\x27\x2c\x27\x44\x49\x56\x27\x2c\x27\x48\x31\x27\x2c\x27\x48\x32\x27\x2c\x27\x48\x33\x27\x2c\x27\x48\x34\x27\x2c\x27\x48\x35\x27\x2c\x27\x48\x36\x27\x2c\x27\x4c\x49\x27\x2c\x27\x42\x4c\x4f\x43\x4b\x51\x55\x4f\x54\x45\x27\x2c\x27\x50\x52\x45\x27\x2c\x27\x54\x52\x27\x2c\x27\x54\x41\x42\x4c\x45\x27\x2c\x27\x55\x4c\x27\x2c\x27\x4f\x4c\x27\x2c\x27\x48\x52\x27\x5d\x29\x3b\x0a\x20\x20\x20\x20\x6c\x65\x74\x20\x5f\x67\x6e\x58\x57\x5a\x20\x3d\x20\x27\x27\x3b\x0a\x0a\x20\x20\x20\x20\x66\x75\x6e\x63\x74\x69\x6f\x6e\x20\x77\x61\x6c\x6b\x28\x6e\x6f\x64\x65\x29\x20\x7b\x0a\x20\x20\x20\x20\x20\x20\x20\x20\x69\x66\x20\x28\x6e\x6f\x64\x65\x2e\x6e\x6f\x64\x65\x54\x79\x70\x65\x20\x3d\x3d\x3d\x20\x4e\x6f\x64\x65\x2e\x54\x45\x58\x54\x5f\x4e\x4f\x44\x45\x29\x20\x7b\x0a\x20\x20\x20\x20\x20\x20\x20\x20\x20\x20\x20\x20\x6f\x75\x74\x20\x2b\x3d\x20\x6e\x6f\x64\x65\x2e\x74\x65\x78\x74\x43\x6f\x6e\x74\x65\x6e\x74\x3b\x0a\x20\x20\x20\x20\x20\x20\x20\x20\x20\x20\x20\x20\x72\x65\x74\x75\x72\x6e\x3b\x0a\x20\x20\x20\x20\x20\x20\x20\x20\x7d\x0a\x20\x20\x20\x20\x20\x20\x20\x20\x69\x66\x20\x28\x6e\x6f\x64\x65\x2e\x6e\x6f\x64\x65\x54\x79\x70\x65\x20\x21\x3d\x3d\x20\x4e\x6f\x64\x65\x2e\x45\x4c\x45\x4d\x45\x4e\x54\x5f\x4e\x4f\x44\x45\x29\x20\x72\x65\x74\x75\x72\x6e\x3b\x0a\x0a\x20\x20\x20\x20\x20\x20\x20\x20\x63\x6f\x6e\x73\x74\x20\x5f\x48\x73\x52\x57\x20\x3d\x20\x6e\x6f\x64\x65\x2e\x74\x61\x67\x4e\x61\x6d\x65\x3b\x0a\x20\x20\x20\x20\x20\x20\x20\x20\x69\x66\x20\x28\x74\x61\x67\x20\x3d\x3d\x3d\x20\x27\x42\x52\x27\x29\x20\x7b\x20\x6f\x75\x74\x20\x2b\x3d\x20\x27\x5c\x6e\x27\x3b\x20\x72\x65\x74\x75\x72\x6e\x3b\x20\x7d\x0a\x20\x20\x20\x20\x20\x20\x20\x20\x69\x66\x20\x28\x6e\x6f\x64\x65\x2e\x63\x6c\x61\x73\x73\x4c\x69\x73\x74\x20\x26\x26\x20\x6e\x6f\x64\x65\x2e\x63\x6c\x61\x73\x73\x4c\x69\x73\x74\x2e\x63\x6f\x6e\x74\x61\x69\x6e\x73\x28\x27\x63\x6f\x64\x65\x2d\x62\x6c\x6f\x63\x6b\x2d\x68\x65\x61\x64\x65\x72\x27\x29\x29\x20\x72\x65\x74\x75\x72\x6e\x3b\x20\x2f\x2f\x20\x73\x6b\x69\x70\x20\x6c\x61\x6e\x67\x2f\x63\x6f\x70\x79\x20\x63\x68\x72\x6f\x6d\x65\x0a\x20\x20\x20\x20\x20\x20\x20\x20\x69\x66\x20\x28\x6e\x6f\x64\x65\x2e\x63\x6c\x61\x73\x73\x4c\x69\x73\x74\x20\x26\x26\x20\x6e\x6f\x64\x65\x2e\x63\x6c\x61\x73\x73\x4c\x69\x73\x74\x2e\x63\x6f\x6e\x74\x61\x69\x6e\x73\x28\x27\x63\x6f\x64\x65\x2d\x62\x6c\x6f\x63\x6b\x2d\x66\x6f\x6f\x74\x65\x72\x27\x29\x29\x20\x72\x65\x74\x75\x72\x6e\x3b\x0a\x0a\x20\x20\x20\x20\x20\x20\x20\x20\x69\x66\x20\x28\x74\x61\x67\x20\x3d\x3d\x3d\x20\x27\x4c\x49\x27\x29\x20\x6f\x75\x74\x20\x2b\x3d\x20\x27\x2022\x20\x27\x3b\x0a\x0a\x20\x20\x20\x20\x20\x20\x20\x20\x6e\x6f\x64\x65\x2e\x63\x68\x69\x6c\x64\x4e\x6f\x64\x65\x73\x2e\x66\x6f\x72\x45\x61\x63\x68\x28\x77\x61\x6c\x6b\x29\x3b\x0a\x0a\x20\x20\x20\x20\x20\x20\x20\x20\x69\x66\x20\x28\x74\x61\x67\x20\x3d\x3d\x3d\x20\x27\x50\x52\x45\x27\x20\x7c\x7c\x20\x74\x61\x67\x20\x3d\x3d\x3d\x20\x27\x43\x4f\x44\x45\x27\x29\x20\x7b\x0a\x20\x20\x20\x20\x20\x20\x20\x20\x20\x20\x20\x20\x69\x66\x20\x28\x74\x61\x67\x20\x3d\x3d\x3d\x20\x27\x50\x52\x45\x27\x29\x20\x6f\x75\x74\x20\x2b\x3d\x20\x27\x5c\x6e\x27\x3b\x0a\x20\x20\x20\x20\x20\x20\x20\x20\x7d\x20\x65\x6c\x73\x65\x20\x69\x66\x20\x28\x42\x4c\x4f\x43\x4b\x5f\x54\x41\x47\x53\x2e\x68\x61\x73\x28\x74\x61\x67\x29\x29\x20\x7b\x0a\x20\x20\x20\x20\x20\x20\x20\x20\x20\x20\x20\x20\x6f\x75\x74\x20\x2b\x3d\x20\x27\x5c\x6e\x27\x3b\x0a\x20\x20\x20\x20\x20\x20\x20\x20\x20\x20\x20\x20\x69\x66\x20\x28\x74\x61\x67\x20\x3d\x3d\x3d\x20\x27\x50\x27\x20\x7c\x7c\x20\x74\x61\x67\x20\x3d\x3d\x3d\x20\x27\x48\x31\x27\x20\x7c\x7c\x20\x74\x61\x67\x20\x3d\x3d\x3d\x20\x27\x48\x32\x27\x20\x7c\x7c\x20\x74\x61\x67\x20\x3d\x3d\x3d\x20\x27\x48\x33\x27\x20\x7c\x7c\x20\x74\x61\x67\x20\x3d\x3d\x3d\x20\x27\x42\x4c\x4f\x43\x4b\x51\x55\x4f\x54\x45\x27\x20\x7c\x7c\x20\x74\x61\x67\x20\x3d\x3d\x3d\x20\x27\x54\x41\x42\x4c\x45\x27\x29\x20\x6f\x75\x74\x20\x2b\x3d\x20\x27\x5c\x6e\x27\x3b\x0a\x20\x20\x20\x20\x20\x20\x20\x20\x7d\x0a\x20\x20\x20\x20\x7d\x0a\x0a\x20\x20\x20\x20\x65\x6c\x2e\x63\x68\x69\x6c\x64\x4e\x6f\x64\x65\x73\x2e\x66\x6f\x72\x45\x61\x63\x68\x28\x77\x61\x6c\x6b\x29\x3b\x0a\x0a\x20\x20\x20\x20\x72\x65\x74\x75\x72\x6e\x20\x6f\x75\x74\x0a\x20\x20\x20\x20\x20\x20\x20\x20\x2e\x72\x65\x70\x6c\x61\x63\x65\x28\x2f\x5c\x6e\x7b\x33\x2c\x7d\x2f\x67\x2c\x20\x27\x5c\x6e\x5c\x6e\x27\x29\x0a\x20\x20\x20\x20\x20\x20\x20\x20\x2e\x72\x65\x70\x6c\x61\x63\x65\x28\x2f\x5b\x20\x5c\x74\x5d\x2b\x5c\x6e\x2f\x67\x2c\x20\x27\x5c\x6e\x27\x29\x0a\x20\x20\x20\x20\x20\x20\x20\x20\x2e\x74\x72\x69\x6d\x28\x29\x3b\x0a\x7d\x0a\x0a\x66\x75\x6e\x63\x74\x69\x6f\x6e\x20\x67\x65\x74\x54\x69\x6d\x65\x73\x74\x61\x6d\x70\x46\x69\x6c\x65\x6e\x61\x6d\x65\x28\x65\x78\x74\x29\x20\x7b\x0a\x20\x20\x20\x20\x63\x6f\x6e\x73\x74\x20\x5f\x7a\x71\x59\x20\x3d\x20\x6e\x65\x77\x20\x44\x61\x74\x65\x28\x29\x3b\x0a\x20\x20\x20\x20\x63\x6f\x6e\x73\x74\x20\x5f\x79\x65\x62\x20\x3d\x20\x6e\x20\x3d\x3e\x20\x53\x74\x72\x69\x6e\x67\x28\x6e\x29\x2e\x70\x61\x64\x53\x74\x61\x72\x74\x28\x32\x2c\x20\x27\x30\x27\x29\x3b\x0a\x20\x20\x20\x20\x63\x6f\x6e\x73\x74\x20\x5f\x46\x46\x65\x20\x3d\x20\x60\x24\x7b\x64\x2e\x67\x65\x74\x46\x75\x6c\x6c\x59\x65\x61\x72\x28\x29\x7d\x2d\x24\x7b\x70\x61\x64\x28\x64\x2e\x67\x65\x74\x4d\x6f\x6e\x74\x68\x28\x29\x20\x2b\x20\x31\x29\x7d\x2d\x24\x7b\x70\x61\x64\x28\x64\x2e\x67\x65\x74\x44\x61\x74\x65\x28\x29\x29\x7d\x2d\x24\x7b\x70\x61\x64\x28\x64\x2e\x67\x65\x74\x48\x6f\x75\x72\x73\x28\x29\x29\x7d\x2d\x24\x7b\x70\x61\x64\x28\x64\x2e\x67\x65\x74\x4d\x69\x6e\x75\x74\x65\x73\x28\x29\x29\x7d\x60\x3b\x0a\x20\x20\x20\x20\x72\x65\x74\x75\x72\x6e\x20\x60\x46\x6f\x72\x6b\x65\x64\x41\x49\x2d\x24\x7b\x73\x74\x61\x6d\x70\x7d\x2e\x24\x7b\x65\x78\x74\x7d\x60\x3b\x0a\x7d\x0a\x0a\x66\x75\x6e\x63\x74\x69\x6f\x6e\x20\x64\x6f\x77\x6e\x6c\x6f\x61\x64\x42\x6c\x6f\x62\x28\x62\x6c\x6f\x62\x2c\x20\x66\x69\x6c\x65\x6e\x61\x6d\x65\x29\x20\x7b\x0a\x20\x20\x20\x20\x63\x6f\x6e\x73\x74\x20\x5f\x42\x56\x69\x52\x20\x3d\x20\x55\x52\x4c\x2e\x63\x72\x65\x61\x74\x65\x4f\x62\x6a\x65\x63\x74\x55\x52\x4c\x28\x62\x6c\x6f\x62\x29\x3b\x0a\x20\x20\x20\x20\x63\x6f\x6e\x73\x74\x20\x5f\x53\x64\x65\x53\x70\x20\x3d\x20\x64\x6f\x63\x75\x6d\x65\x6e\x74\x2e\x63\x72\x65\x61\x74\x65\x45\x6c\x65\x6d\x65\x6e\x74\x28\x27\x61\x27\x29\x3b\x0a\x20\x20\x20\x20\x61\x2e\x68\x72\x65\x66\x20\x3d\x20\x75\x72\x6c\x3b\x0a\x20\x20\x20\x20\x61\x2e\x64\x6f\x77\x6e\x6c\x6f\x61\x64\x20\x3d\x20\x66\x69\x6c\x65\x6e\x61\x6d\x65\x3b\x0a\x20\x20\x20\x20\x64\x6f\x63\x75\x6d\x65\x6e\x74\x2e\x62\x6f\x64\x79\x2e\x61\x70\x70\x65\x6e\x64\x43\x68\x69\x6c\x64\x28\x61\x29\x3b\x0a\x20\x20\x20\x20\x61\x2e\x63\x6c\x69\x63\x6b\x28\x29\x3b\x0a\x20\x20\x20\x20\x61\x2e\x72\x65\x6d\x6f\x76\x65\x28\x29\x3b\x0a\x20\x20\x20\x20\x73\x65\x74\x54\x69\x6d\x65\x6f\x75\x74\x28\x28\x29\x20\x3d\x3e\x20\x55\x52\x4c\x2e\x72\x65\x76\x6f\x6b\x65\x4f\x62\x6a\x65\x63\x74\x55\x52\x4c\x28\x75\x72\x6c\x29\x2c\x20\x31\x30\x30\x30\x29\x3b\x0a\x7d\x0a\x0a\x66\x75\x6e\x63\x74\x69\x6f\x6e\x20\x64\x6f\x77\x6e\x6c\x6f\x61\x64\x41\x73\x54\x58\x54\x28\x70\x6c\x61\x69\x6e\x54\x65\x78\x74\x29\x20\x7b\x0a\x20\x20\x20\x20\x63\x6f\x6e\x73\x74\x20\x5f\x4d\x4e\x72\x70\x48\x64\x20\x3d\x20\x6e\x65\x77\x20\x42\x6c\x6f\x62\x28\x5b\x70\x6c\x61\x69\x6e\x54\x65\x78\x74\x5d\x2c\x20\x7b\x20\x74\x79\x70\x65\x3a\x20\x27\x74\x65\x78\x74\x2f\x70\x6c\x61\x69\x6e\x3b\x63\x68\x61\x72\x73\x65\x74\x3d\x75\x74\x66\x2d\x38\x27\x20\x7d\x29\x3b\x0a\x20\x20\x20\x20\x64\x6f\x77\x6e\x6c\x6f\x61\x64\x42\x6c\x6f\x62\x28\x62\x6c\x6f\x62\x2c\x20\x67\x65\x74\x54\x69\x6d\x65\x73\x74\x61\x6d\x70\x46\x69\x6c\x65\x6e\x61\x6d\x65\x28\x27\x74\x78\x74\x27\x29\x29\x3b\x0a\x7d\x0a\x0a\x63\x6f\x6e\x73\x74\x20\x5f\x64\x50\x74\x52\x4a\x71\x20\x3d\x20\x60\x0a\x20\x20\x40\x70\x61\x67\x65\x20\x7b\x20\x6d\x61\x72\x67\x69\x6e\x3a\x20\x32\x32\x6d\x6d\x20\x31\x38\x6d\x6d\x3b\x20\x7d\x0a\x20\x20\x2a\x20\x7b\x20\x62\x6f\x78\x2d\x73\x69\x7a\x69\x6e\x67\x3a\x20\x62\x6f\x72\x64\x65\x72\x2d\x62\x6f\x78\x3b\x20\x7d\x0a\x20\x20\x62\x6f\x64\x79\x20\x7b\x0a\x20\x20\x20\x20\x62\x61\x63\x6b\x67\x72\x6f\x75\x6e\x64\x3a\x20\x23\x30\x63\x30\x66\x31\x61\x3b\x0a\x20\x20\x20\x20\x63\x6f\x6c\x6f\x72\x3a\x20\x23\x65\x32\x65\x36\x66\x33\x3b\x0a\x20\x20\x20\x20\x66\x6f\x6e\x74\x2d\x66\x61\x6d\x69\x6c\x79\x3a\x20\x2d\x61\x70\x70\x6c\x65\x2d\x73\x79\x73\x74\x65\x6d\x2c\x20\x42\x6c\x69\x6e\x6b\x4d\x61\x63\x53\x79\x73\x74\x65\x6d\x46\x6f\x6e\x74\x2c\x20"Segoe UI"\x2c\x20\x49\x6e\x74\x65\x72\x2c\x20\x73\x61\x6e\x73\x2d\x73\x65\x72\x69\x66\x3b\x0a\x20\x20\x20\x20\x66\x6f\x6e\x74\x2d\x73\x69\x7a\x65\x3a\x20\x31\x33\x2e\x35\x70\x78\x3b\x0a\x20\x20\x20\x20\x6c\x69\x6e\x65\x2d\x68\x65\x69\x67\x68\x74\x3a\x20\x31\x2e\x37\x3b\x0a\x20\x20\x20\x20\x70\x61\x64\x64\x69\x6e\x67\x3a\x20\x30\x3b\x0a\x20\x20\x20\x20\x6d\x61\x72\x67\x69\x6e\x3a\x20\x30\x3b\x0a\x20\x20\x7d\x0a\x20\x20\x2e\x70\x64\x66\x2d\x68\x65\x61\x64\x65\x72\x20\x7b\x0a\x20\x20\x20\x20\x64\x69\x73\x70\x6c\x61\x79\x3a\x20\x66\x6c\x65\x78\x3b\x20\x61\x6c\x69\x67\x6e\x2d\x69\x74\x65\x6d\x73\x3a\x20\x63\x65\x6e\x74\x65\x72\x3b\x20\x67\x61\x70\x3a\x20\x31\x30\x70\x78\x3b\x0a\x20\x20\x20\x20\x6d\x61\x72\x67\x69\x6e\x2d\x62\x6f\x74\x74\x6f\x6d\x3a\x20\x32\x32\x70\x78\x3b\x20\x70\x61\x64\x64\x69\x6e\x67\x2d\x62\x6f\x74\x74\x6f\x6d\x3a\x20\x31\x34\x70\x78\x3b\x0a\x20\x20\x20\x20\x62\x6f\x72\x64\x65\x72\x2d\x62\x6f\x74\x74\x6f\x6d\x3a\x20\x31\x70\x78\x20\x73\x6f\x6c\x69\x64\x20\x72\x67\x62\x61\x28\x32\x35\x35\x2c\x32\x35\x35\x2c\x32\x35\x35\x2c\x30\x2e\x31\x34\x29\x3b\x0a\x20\x20\x7d\x0a\x20\x20\x2e\x70\x64\x66\x2d\x62\x72\x61\x6e\x64\x20\x7b\x20\x66\x6f\x6e\x74\x2d\x77\x65\x69\x67\x68\x74\x3a\x20\x37\x30\x30\x3b\x20\x66\x6f\x6e\x74\x2d\x73\x69\x7a\x65\x3a\x20\x31\x35\x70\x78\x3b\x20\x63\x6f\x6c\x6f\x72\x3a\x20\x23\x66\x66\x66\x3b\x20\x6c\x65\x74\x74\x65\x72\x2d\x73\x70\x61\x63\x69\x6e\x67\x3a\x20\x2d\x30\x2e\x32\x70\x78\x3b\x20\x7d\x0a\x20\x20\x2e\x70\x64\x66\x2d\x64\x61\x74\x65\x20\x7b\x20\x6d\x61\x72\x67\x69\x6e\x2d\x6c\x65\x66\x74\x3a\x20\x61\x75\x74\x6f\x3b\x20\x66\x6f\x6e\x74\x2d\x73\x69\x7a\x65\x3a\x20\x31\x31\x70\x78\x3b\x20\x63\x6f\x6c\x6f\x72\x3a\x20\x23\x38\x38\x39\x32\x61\x61\x3b\x20\x7d\x0a\x20\x20\x2e\x70\x64\x66\x2d\x62\x6f\x64\x79\x20\x68\x31\x2c\x20\x2e\x70\x64\x66\x2d\x62\x6f\x64\x79\x20\x68\x32\x2c\x20\x2e\x70\x64\x66\x2d\x62\x6f\x64\x79\x20\x68\x33\x20\x7b\x20\x63\x6f\x6c\x6f\x72\x3a\x20\x23\x66\x66\x66\x3b\x20\x6d\x61\x72\x67\x69\x6e\x3a\x20\x31\x38\x70\x78\x20\x30\x20\x38\x70\x78\x3b\x20\x6c\x69\x6e\x65\x2d\x68\x65\x69\x67\x68\x74\x3a\x20\x31\x2e\x33\x3b\x20\x7d\x0a\x20\x20\x2e\x70\x64\x66\x2d\x62\x6f\x64\x79\x20\x68\x31\x20\x7b\x20\x66\x6f\x6e\x74\x2d\x73\x69\x7a\x65\x3a\x20\x32\x31\x70\x78\x3b\x20\x7d\x20\x2e\x70\x64\x66\x2d\x62\x6f\x64\x79\x20\x68\x32\x20\x7b\x20\x66\x6f\x6e\x74\x2d\x73\x69\x7a\x65\x3a\x20\x31\x38\x70\x78\x3b\x20\x7d\x20\x2e\x70\x64\x66\x2d\x62\x6f\x64\x79\x20\x68\x33\x20\x7b\x20\x66\x6f\x6e\x74\x2d\x73\x69\x7a\x65\x3a\x20\x31\x35\x70\x78\x3b\x20\x7d\x0a\x20\x20\x2e\x70\x64\x66\x2d\x62\x6f\x64\x79\x20\x70\x20\x7b\x20\x6d\x61\x72\x67\x69\x6e\x3a\x20\x30\x20\x30\x20\x31\x30\x70\x78\x3b\x20\x7d\x0a\x20\x20\x2e\x70\x64\x66\x2d\x62\x6f\x64\x79\x20\x75\x6c\x2c\x20\x2e\x70\x64\x66\x2d\x62\x6f\x64\x79\x20\x6f\x6c\x20\x7b\x20\x6d\x61\x72\x67\x69\x6e\x3a\x20\x30\x20\x30\x20\x31\x32\x70\x78\x3b\x20\x70\x61\x64\x64\x69\x6e\x67\x2d\x6c\x65\x66\x74\x3a\x20\x32\x32\x70\x78\x3b\x20\x7d\x0a\x20\x20\x2e\x70\x64\x66\x2d\x62\x6f\x64\x79\x20\x6c\x69\x20\x7b\x20\x6d\x61\x72\x67\x69\x6e\x2d\x62\x6f\x74\x74\x6f\x6d\x3a\x20\x34\x70\x78\x3b\x20\x7d\x0a\x20\x20\x2e\x70\x64\x66\x2d\x62\x6f\x64\x79\x20\x62\x6c\x6f\x63\x6b\x71\x75\x6f\x74\x65\x20\x7b\x0a\x20\x20\x20\x20\x6d\x61\x72\x67\x69\x6e\x3a\x20\x31\x32\x70\x78\x20\x30\x3b\x20\x70\x61\x64\x64\x69\x6e\x67\x3a\x20\x38\x70\x78\x20\x31\x34\x70\x78\x3b\x20\x62\x6f\x72\x64\x65\x72\x2d\x6c\x65\x66\x74\x3a\x20\x33\x70\x78\x20\x73\x6f\x6c\x69\x64\x20\x23\x34\x44\x39\x34\x46\x46\x3b\x0a\x20\x20\x20\x20\x63\x6f\x6c\x6f\x72\x3a\x20\x23\x62\x37\x62\x66\x64\x36\x3b\x20\x62\x61\x63\x6b\x67\x72\x6f\x75\x6e\x64\x3a\x20\x72\x67\x62\x61\x28\x32\x35\x35\x2c\x32\x35\x35\x2c\x32\x35\x35\x2c\x30\x2e\x30\x33\x29\x3b\x20\x62\x72\x65\x61\x6b\x2d\x69\x6e\x73\x69\x64\x65\x3a\x20\x61\x76\x6f\x69\x64\x3b\x0a\x20\x20\x7d\x0a\x20\x20\x2e\x70\x64\x66\x2d\x62\x6f\x64\x79\x20\x74\x61\x62\x6c\x65\x20\x7b\x20\x62\x6f\x72\x64\x65\x72\x2d\x63\x6f\x6c\x6c\x61\x70\x73\x65\x3a\x20\x63\x6f\x6c\x6c\x61\x70\x73\x65\x3b\x20\x77\x69\x64\x74\x68\x3a\x20\x31\x30\x30\x25\x3b\x20\x6d\x61\x72\x67\x69\x6e\x3a\x20\x31\x32\x70\x78\x20\x30\x3b\x20\x62\x72\x65\x61\x6b\x2d\x69\x6e\x73\x69\x64\x65\x3a\x20\x61\x76\x6f\x69\x64\x3b\x20\x7d\x0a\x20\x20\x2e\x70\x64\x66\x2d\x62\x6f\x64\x79\x20\x74\x68\x2c\x20\x2e\x70\x64\x66\x2d\x62\x6f\x64\x79\x20\x74\x64\x20\x7b\x20\x62\x6f\x72\x64\x65\x72\x3a\x20\x31\x70\x78\x20\x73\x6f\x6c\x69\x64\x20\x72\x67\x62\x61\x28\x32\x35\x35\x2c\x32\x35\x35\x2c\x32\x35\x35\x2c\x30\x2e\x31\x35\x29\x3b\x20\x70\x61\x64\x64\x69\x6e\x67\x3a\x20\x36\x70\x78\x20\x31\x30\x70\x78\x3b\x20\x74\x65\x78\x74\x2d\x61\x6c\x69\x67\x6e\x3a\x20\x6c\x65\x66\x74\x3b\x20\x66\x6f\x6e\x74\x2d\x73\x69\x7a\x65\x3a\x20\x31\x32\x2e\x35\x70\x78\x3b\x20\x7d\x0a\x20\x20\x2e\x70\x64\x66\x2d\x62\x6f\x64\x79\x20\x74\x68\x20\x7b\x20\x62\x61\x63\x6b\x67\x72\x6f\x75\x6e\x64\x3a\x20\x72\x67\x62\x61\x28\x32\x35\x35\x2c\x32\x35\x35\x2c\x32\x35\x35\x2c\x30\x2e\x30\x36\x29\x3b\x20\x63\x6f\x6c\x6f\x72\x3a\x20\x23\x66\x66\x66\x3b\x20\x7d\x0a\x20\x20\x2e\x70\x64\x66\x2d\x62\x6f\x64\x79\x20\x2e\x63\x6f\x64\x65\x2d\x62\x6c\x6f\x63\x6b\x20\x7b\x20\x62\x72\x65\x61\x6b\x2d\x69\x6e\x73\x69\x64\x65\x3a\x20\x61\x76\x6f\x69\x64\x3b\x20\x6d\x61\x72\x67\x69\x6e\x3a\x20\x31\x32\x70\x78\x20\x30\x3b\x20\x62\x6f\x72\x64\x65\x72\x2d\x72\x61\x64\x69\x75\x73\x3a\x20\x38\x70\x78\x3b\x20\x6f\x76\x65\x72\x66\x6c\x6f\x77\x3a\x20\x68\x69\x64\x64\x65\x6e\x3b\x20\x62\x6f\x72\x64\x65\x72\x3a\x20\x31\x70\x78\x20\x73\x6f\x6c\x69\x64\x20\x72\x67\x62\x61\x28\x32\x35\x35\x2c\x32\x35\x35\x2c\x32\x35\x35\x2c\x30\x2e\x31\x32\x29\x3b\x20\x62\x61\x63\x6b\x67\x72\x6f\x75\x6e\x64\x3a\x20\x23\x30\x64\x31\x31\x31\x37\x3b\x20\x7d\x0a\x20\x20\x2e\x70\x64\x66\x2d\x62\x6f\x64\x79\x20\x2e\x63\x6f\x64\x65\x2d\x62\x6c\x6f\x63\x6b\x2d\x68\x65\x61\x64\x65\x72\x20\x7b\x20\x64\x69\x73\x70\x6c\x61\x79\x3a\x20\x66\x6c\x65\x78\x3b\x20\x6a\x75\x73\x74\x69\x66\x79\x2d\x63\x6f\x6e\x74\x65\x6e\x74\x3a\x20\x73\x70\x61\x63\x65\x2d\x62\x65\x74\x77\x65\x65\x6e\x3b\x20\x70\x61\x64\x64\x69\x6e\x67\x3a\x20\x36\x70\x78\x20\x31\x32\x70\x78\x3b\x20\x62\x61\x63\x6b\x67\x72\x6f\x75\x6e\x64\x3a\x20\x72\x67\x62\x61\x28\x32\x35\x35\x2c\x32\x35\x35\x2c\x32\x35\x35\x2c\x30\x2e\x30\x35\x29\x3b\x20\x66\x6f\x6e\x74\x2d\x73\x69\x7a\x65\x3a\x20\x31\x30\x2e\x35\x70\x78\x3b\x20\x63\x6f\x6c\x6f\x72\x3a\x20\x23\x38\x38\x39\x32\x61\x61\x3b\x20\x7d\x0a\x20\x20\x2e\x70\x64\x66\x2d\x62\x6f\x64\x79\x20\x2e\x63\x6f\x64\x65\x2d\x62\x6c\x6f\x63\x6b\x2d\x63\x6f\x70\x79\x20\x7b\x20\x64\x69\x73\x70\x6c\x61\x79\x3a\x20\x6e\x6f\x6e\x65\x3b\x20\x7d\x0a\x20\x20\x2e\x70\x64\x66\x2d\x62\x6f\x64\x79\x20\x2e\x63\x6f\x64\x65\x2d\x62\x6c\x6f\x63\x6b\x2d\x66\x6f\x6f\x74\x65\x72\x20\x7b\x20\x64\x69\x73\x70\x6c\x61\x79\x3a\x20\x6e\x6f\x6e\x65\x3b\x20\x7d\x0a\x20\x20\x2e\x70\x64\x66\x2d\x62\x6f\x64\x79\x20\x2e\x63\x6f\x64\x65\x2d\x62\x6c\x6f\x63\x6b\x20\x70\x72\x65\x20\x7b\x20\x6d\x61\x72\x67\x69\x6e\x3a\x20\x30\x3b\x20\x70\x61\x64\x64\x69\x6e\x67\x3a\x20\x31\x32\x70\x78\x20\x31\x34\x70\x78\x3b\x20\x66\x6f\x6e\x74\x2d\x66\x61\x6d\x69\x6c\x79\x3a\x20"JetBrains Mono"\x2c\x20\x75\x69\x2d\x6d\x6f\x6e\x6f\x73\x70\x61\x63\x65\x2c\x20\x6d\x6f\x6e\x6f\x73\x70\x61\x63\x65\x3b\x20\x66\x6f\x6e\x74\x2d\x73\x69\x7a\x65\x3a\x20\x31\x31\x2e\x35\x70\x78\x3b\x20\x6c\x69\x6e\x65\x2d\x68\x65\x69\x67\x68\x74\x3a\x20\x31\x2e\x36\x3b\x20\x77\x68\x69\x74\x65\x2d\x73\x70\x61\x63\x65\x3a\x20\x70\x72\x65\x2d\x77\x72\x61\x70\x3b\x20\x77\x6f\x72\x64\x2d\x62\x72\x65\x61\x6b\x3a\x20\x62\x72\x65\x61\x6b\x2d\x77\x6f\x72\x64\x3b\x20\x7d\x0a\x20\x20\x2e\x70\x64\x66\x2d\x62\x6f\x64\x79\x20\x2e\x69\x6e\x6c\x69\x6e\x65\x2d\x63\x6f\x64\x65\x20\x7b\x20\x66\x6f\x6e\x74\x2d\x66\x61\x6d\x69\x6c\x79\x3a\x20"JetBrains Mono"\x2c\x20\x75\x69\x2d\x6d\x6f\x6e\x6f\x73\x70\x61\x63\x65\x2c\x20\x6d\x6f\x6e\x6f\x73\x70\x61\x63\x65\x3b\x20\x62\x61\x63\x6b\x67\x72\x6f\x75\x6e\x64\x3a\x20\x72\x67\x62\x61\x28\x32\x35\x35\x2c\x32\x35\x35\x2c\x32\x35\x35\x2c\x30\x2e\x30\x38\x29\x3b\x20\x70\x61\x64\x64\x69\x6e\x67\x3a\x20\x31\x70\x78\x20\x35\x70\x78\x3b\x20\x62\x6f\x72\x64\x65\x72\x2d\x72\x61\x64\x69\x75\x73\x3a\x20\x34\x70\x78\x3b\x20\x66\x6f\x6e\x74\x2d\x73\x69\x7a\x65\x3a\x20\x31\x32\x70\x78\x3b\x20\x7d\x0a\x20\x20\x2e\x70\x64\x66\x2d\x62\x6f\x64\x79\x20\x68\x72\x20\x7b\x20\x62\x6f\x72\x64\x65\x72\x3a\x20\x6e\x6f\x6e\x65\x3b\x20\x62\x6f\x72\x64\x65\x72\x2d\x74\x6f\x70\x3a\x20\x31\x70\x78\x20\x73\x6f\x6c\x69\x64\x20\x72\x67\x62\x61\x28\x32\x35\x35\x2c\x32\x35\x35\x2c\x32\x35\x35\x2c\x30\x2e\x31\x35\x29\x3b\x20\x6d\x61\x72\x67\x69\x6e\x3a\x20\x31\x36\x70\x78\x20\x30\x3b\x20\x7d\x0a\x20\x20\x2e\x70\x64\x66\x2d\x62\x6f\x64\x79\x20\x61\x20\x7b\x20\x63\x6f\x6c\x6f\x72\x3a\x20\x23\x34\x44\x39\x34\x46\x46\x3b\x20\x7d\x0a\x60\x3b\x0a\x0a\x66\x75\x6e\x63\x74\x69\x6f\x6e\x20\x64\x6f\x77\x6e\x6c\x6f\x61\x64\x41\x73\x50\x44\x46\x28\x63\x6f\x6e\x74\x65\x6e\x74\x45\x6c\x29\x20\x7b\x0a\x20\x20\x20\x20\x63\x6f\x6e\x73\x74\x20\x5f\x45\x58\x44\x44\x52\x20\x3d\x20\x64\x6f\x63\x75\x6d\x65\x6e\x74\x2e\x63\x72\x65\x61\x74\x65\x45\x6c\x65\x6d\x65\x6e\x74\x28\x27\x69\x66\x72\x61\x6d\x65\x27\x29\x3b\x0a\x20\x20\x20\x20\x69\x66\x72\x61\x6d\x65\x2e\x73\x74\x79\x6c\x65\x2e\x63\x73\x73\x54\x65\x78\x74\x20\x3d\x20\x27\x70\x6f\x73\x69\x74\x69\x6f\x6e\x3a\x66\x69\x78\x65\x64\x3b\x72\x69\x67\x68\x74\x3a\x30\x3b\x62\x6f\x74\x74\x6f\x6d\x3a\x30\x3b\x77\x69\x64\x74\x68\x3a\x30\x3b\x68\x65\x69\x67\x68\x74\x3a\x30\x3b\x62\x6f\x72\x64\x65\x72\x3a\x30\x3b\x76\x69\x73\x69\x62\x69\x6c\x69\x74\x79\x3a\x68\x69\x64\x64\x65\x6e\x3b\x27\x3b\x0a\x20\x20\x20\x20\x64\x6f\x63\x75\x6d\x65\x6e\x74\x2e\x62\x6f\x64\x79\x2e\x61\x70\x70\x65\x6e\x64\x43\x68\x69\x6c\x64\x28\x69\x66\x72\x61\x6d\x65\x29\x3b\x0a\x0a\x20\x20\x20\x20\x63\x6f\x6e\x73\x74\x20\x5f\x58\x6a\x46\x76\x44\x69\x20\x3d\x20\x6e\x65\x77\x20\x44\x61\x74\x65\x28\x29\x2e\x74\x6f\x4c\x6f\x63\x61\x6c\x65\x53\x74\x72\x69\x6e\x67\x28\x29\x3b\x0a\x20\x20\x20\x20\x63\x6f\x6e\x73\x74\x20\x5f\x58\x54\x43\x61\x63\x47\x7a\x20\x3d\x20\x60\x3c\x21\x44\x4f\x43\x54\x59\x50\x45\x20\x68\x74\x6d\x6c\x3e\x3c\x68\x74\x6d\x6c\x3e\x3c\x68\x65\x61\x64\x3e\x3c\x6d\x65\x74\x61\x20\x63\x68\x61\x72\x73\x65\x74\x3d"utf-8"\x3e\x3c\x74\x69\x74\x6c\x65\x3e\x46\x6f\x72\x6b\x65\x64\x20\x41\x49\x20\x45\x78\x70\x6f\x72\x74\x3c\x2f\x74\x69\x74\x6c\x65\x3e\x0a\x20\x20\x20\x20\x20\x20\x20\x20\x3c\x6c\x69\x6e\x6b\x20\x72\x65\x6c\x3d"stylesheet"\x20\x68\x72\x65\x66\x3d"https://cdnjs.cloudflare.com/ajax/libs/highlight.js/11.9.0/styles/github-dark.min.css"\x3e\x0a\x20\x20\x20\x20\x20\x20\x20\x20\x3c\x73\x74\x79\x6c\x65\x3e\x24\x7b\x50\x44\x46\x5f\x50\x52\x49\x4e\x54\x5f\x43\x53\x53\x7d\x3c\x2f\x73\x74\x79\x6c\x65\x3e\x0a\x20\x20\x20\x20\x20\x20\x20\x20\x3c\x2f\x68\x65\x61\x64\x3e\x3c\x62\x6f\x64\x79\x3e\x0a\x20\x20\x20\x20\x20\x20\x20\x20\x3c\x64\x69\x76\x20\x63\x6c\x61\x73\x73\x3d"pdf-header"\x3e\x3c\x73\x70\x61\x6e\x20\x63\x6c\x61\x73\x73\x3d"pdf-brand"\x3e\x46\x6f\x72\x6b\x65\x64\x20\x41\x49\x3c\x2f\x73\x70\x61\x6e\x3e\x3c\x73\x70\x61\x6e\x20\x63\x6c\x61\x73\x73\x3d"pdf-date"\x3e\x24\x7b\x64\x61\x74\x65\x53\x74\x72\x7d\x3c\x2f\x73\x70\x61\x6e\x3e\x3c\x2f\x64\x69\x76\x3e\x0a\x20\x20\x20\x20\x20\x20\x20\x20\x3c\x64\x69\x76\x20\x63\x6c\x61\x73\x73\x3d"pdf-body"\x3e\x24\x7b\x63\x6f\x6e\x74\x65\x6e\x74\x45\x6c\x2e\x69\x6e\x6e\x65\x72\x48\x54\x4d\x4c\x7d\x3c\x2f\x64\x69\x76\x3e\x0a\x20\x20\x20\x20\x20\x20\x20\x20\x3c\x2f\x62\x6f\x64\x79\x3e\x3c\x2f\x68\x74\x6d\x6c\x3e\x60\x3b\x0a\x0a\x20\x20\x20\x20\x63\x6f\x6e\x73\x74\x20\x5f\x7a\x73\x4d\x41\x20\x3d\x20\x69\x66\x72\x61\x6d\x65\x2e\x63\x6f\x6e\x74\x65\x6e\x74\x57\x69\x6e\x64\x6f\x77\x2e\x64\x6f\x63\x75\x6d\x65\x6e\x74\x3b\x0a\x20\x20\x20\x20\x64\x6f\x63\x2e\x6f\x70\x65\x6e\x28\x29\x3b\x0a\x20\x20\x20\x20\x64\x6f\x63\x2e\x77\x72\x69\x74\x65\x28\x68\x74\x6d\x6c\x29\x3b\x0a\x20\x20\x20\x20\x64\x6f\x63\x2e\x63\x6c\x6f\x73\x65\x28\x29\x3b\x0a\x0a\x20\x20\x20\x20\x63\x6f\x6e\x73\x74\x20\x5f\x45\x50\x57\x4e\x79\x4f\x70\x20\x3d\x20\x28\x29\x20\x3d\x3e\x20\x7b\x0a\x20\x20\x20\x20\x20\x20\x20\x20\x74\x72\x79\x20\x7b\x0a\x20\x20\x20\x20\x20\x20\x20\x20\x20\x20\x20\x20\x69\x66\x72\x61\x6d\x65\x2e\x63\x6f\x6e\x74\x65\x6e\x74\x57\x69\x6e\x64\x6f\x77\x2e\x66\x6f\x63\x75\x73\x28\x29\x3b\x0a\x20\x20\x20\x20\x20\x20\x20\x20\x20\x20\x20\x20\x69\x66\x72\x61\x6d\x65\x2e\x63\x6f\x6e\x74\x65\x6e\x74\x57\x69\x6e\x64\x6f\x77\x2e\x70\x72\x69\x6e\x74\x28\x29\x3b\x0a\x20\x20\x20\x20\x20\x20\x20\x20\x7d\x20\x63\x61\x74\x63\x68\x20\x28\x65\x72\x72\x29\x20\x7b\x0a\x20\x20\x20\x20\x20\x20\x20\x20\x20\x20\x20\x20\x63\x6f\x6e\x73\x6f\x6c\x65\x2e\x77\x61\x72\x6e\x28\x27\x50\x44\x46\x20\x65\x78\x70\x6f\x72\x74\x20\x70\x72\x69\x6e\x74\x20\x66\x61\x69\x6c\x65\x64\x3a\x27\x2c\x20\x65\x72\x72\x29\x3b\x0a\x20\x20\x20\x20\x20\x20\x20\x20\x7d\x0a\x20\x20\x20\x20\x20\x20\x20\x20\x73\x65\x74\x54\x69\x6d\x65\x6f\x75\x74\x28\x28\x29\x20\x3d\x3e\x20\x69\x66\x72\x61\x6d\x65\x2e\x72\x65\x6d\x6f\x76\x65\x28\x29\x2c\x20\x32\x30\x30\x30\x29\x3b\x0a\x20\x20\x20\x20\x7d\x3b\x0a\x0a\x20\x20\x20\x20\x2f\x2f\x20\x47\x69\x76\x65\x20\x74\x68\x65\x20\x68\x69\x67\x68\x6c\x69\x67\x68\x74\x2e\x6a\x73\x20\x73\x74\x79\x6c\x65\x73\x68\x65\x65\x74\x20\x61\x20\x6d\x6f\x6d\x65\x6e\x74\x20\x74\x6f\x20\x6c\x6f\x61\x64\x20\x62\x65\x66\x6f\x72\x65\x20\x70\x72\x69\x6e\x74\x69\x6e\x67\x0a\x20\x20\x20\x20\x73\x65\x74\x54\x69\x6d\x65\x6f\x75\x74\x28\x74\x72\x69\x67\x67\x65\x72\x50\x72\x69\x6e\x74\x2c\x20\x34\x30\x30\x29\x3b\x0a\x7d\x0a\x0a\x66\x75\x6e\x63\x74\x69\x6f\x6e\x20\x73\x68\x61\x72\x65\x4d\x65\x73\x73\x61\x67\x65\x28\x70\x6c\x61\x69\x6e\x54\x65\x78\x74\x29\x20\x7b\x0a\x20\x20\x20\x20\x69\x66\x20\x28\x6e\x61\x76\x69\x67\x61\x74\x6f\x72\x2e\x73\x68\x61\x72\x65\x29\x20\x7b\x0a\x20\x20\x20\x20\x20\x20\x20\x20\x6e\x61\x76\x69\x67\x61\x74\x6f\x72\x2e\x73\x68\x61\x72\x65\x28\x7b\x20\x74\x65\x78\x74\x3a\x20\x70\x6c\x61\x69\x6e\x54\x65\x78\x74\x2c\x20\x74\x69\x74\x6c\x65\x3a\x20\x27\x46\x6f\x72\x6b\x65\x64\x20\x41\x49\x27\x20\x7d\x29\x2e\x63\x61\x74\x63\x68\x28\x28\x29\x20\x3d\x3e\x20\x7b\x7d\x29\x3b\x0a\x20\x20\x20\x20\x20\x20\x20\x20\x72\x65\x74\x75\x72\x6e\x20\x50\x72\x6f\x6d\x69\x73\x65\x2e\x72\x65\x73\x6f\x6c\x76\x65\x28\x27\x6e\x61\x74\x69\x76\x65\x27\x29\x3b\x0a\x20\x20\x20\x20\x7d\x0a\x20\x20\x20\x20\x72\x65\x74\x75\x72\x6e\x20\x63\x6f\x70\x79\x54\x6f\x43\x6c\x69\x70\x62\x6f\x61\x72\x64\x28\x70\x6c\x61\x69\x6e\x54\x65\x78\x74\x29\x2e\x74\x68\x65\x6e\x28\x28\x29\x20\x3d\x3e\x20\x27\x63\x6f\x70\x69\x65\x64\x27\x29\x3b\x0a\x7d\x0a\x0a\x66\x75\x6e\x63\x74\x69\x6f\x6e\x20\x66\x6c\x61\x73\x68\x54\x6f\x6f\x6c\x62\x61\x72\x46\x65\x65\x64\x62\x61\x63\x6b\x28\x62\x74\x6e\x2c\x20\x74\x65\x78\x74\x29\x20\x7b\x0a\x20\x20\x20\x20\x6c\x65\x74\x20\x5f\x68\x72\x61\x6c\x20\x3d\x20\x62\x74\x6e\x2e\x71\x75\x65\x72\x79\x53\x65\x6c\x65\x63\x74\x6f\x72\x28\x27\x2e\x74\x6f\x6f\x6c\x62\x61\x72\x2d\x66\x65\x65\x64\x62\x61\x63\x6b\x27\x29\x3b\x0a\x20\x20\x20\x20\x69\x66\x20\x28\x21\x74\x69\x70\x29\x20\x7b\x0a\x20\x20\x20\x20\x20\x20\x20\x20\x74\x69\x70\x20\x3d\x20\x64\x6f\x63\x75\x6d\x65\x6e\x74\x2e\x63\x72\x65\x61\x74\x65\x45\x6c\x65\x6d\x65\x6e\x74\x28\x27\x73\x70\x61\x6e\x27\x29\x3b\x0a\x20\x20\x20\x20\x20\x20\x20\x20\x74\x69\x70\x2e\x63\x6c\x61\x73\x73\x4e\x61\x6d\x65\x20\x3d\x20\x27\x74\x6f\x6f\x6c\x62\x61\x72\x2d\x66\x65\x65\x64\x62\x61\x63\x6b\x27\x3b\x0a\x20\x20\x20\x20\x20\x20\x20\x20\x62\x74\x6e\x2e\x61\x70\x70\x65\x6e\x64\x43\x68\x69\x6c\x64\x28\x74\x69\x70\x29\x3b\x0a\x20\x20\x20\x20\x7d\x0a\x20\x20\x20\x20\x74\x69\x70\x2e\x74\x65\x78\x74\x43\x6f\x6e\x74\x65\x6e\x74\x20\x3d\x20\x74\x65\x78\x74\x3b\x0a\x20\x20\x20\x20\x72\x65\x71\x75\x65\x73\x74\x41\x6e\x69\x6d\x61\x74\x69\x6f\x6e\x46\x72\x61\x6d\x65\x28\x28\x29\x20\x3d\x3e\x20\x74\x69\x70\x2e\x63\x6c\x61\x73\x73\x4c\x69\x73\x74\x2e\x61\x64\x64\x28\x27\x73\x68\x6f\x77\x27\x29\x29\x3b\x0a\x20\x20\x20\x20\x62\x74\x6e\x2e\x63\x6c\x61\x73\x73\x4c\x69\x73\x74\x2e\x61\x64\x64\x28\x27\x73\x75\x63\x63\x65\x73\x73\x27\x29\x3b\x0a\x20\x20\x20\x20\x63\x6c\x65\x61\x72\x54\x69\x6d\x65\x6f\x75\x74\x28\x62\x74\x6e\x2e\x5f\x66\x65\x65\x64\x62\x61\x63\x6b\x54\x69\x6d\x65\x72\x29\x3b\x0a\x20\x20\x20\x20\x62\x74\x6e\x2e\x5f\x66\x65\x65\x64\x62\x61\x63\x6b\x54\x69\x6d\x65\x72\x20\x3d\x20\x73\x65\x74\x54\x69\x6d\x65\x6f\x75\x74\x28\x28\x29\x20\x3d\x3e\x20\x7b\x0a\x20\x20\x20\x20\x20\x20\x20\x20\x74\x69\x70\x2e\x63\x6c\x61\x73\x73\x4c\x69\x73\x74\x2e\x72\x65\x6d\x6f\x76\x65\x28\x27\x73\x68\x6f\x77\x27\x29\x3b\x0a\x20\x20\x20\x20\x20\x20\x20\x20\x62\x74\x6e\x2e\x63\x6c\x61\x73\x73\x4c\x69\x73\x74\x2e\x72\x65\x6d\x6f\x76\x65\x28\x27\x73\x75\x63\x63\x65\x73\x73\x27\x29\x3b\x0a\x20\x20\x20\x20\x7d\x2c\x20\x31\x36\x30\x30\x29\x3b\x0a\x7d\x0a\x0a\x63\x6f\x6e\x73\x74\x20\x5f\x79\x44\x54\x75\x68\x69\x76\x65\x20\x3d\x20\x7b\x0a\x20\x20\x20\x20\x63\x6f\x70\x79\x3a\x20\x60\x3c\x73\x76\x67\x20\x77\x69\x64\x74\x68\x3d"14"\x20\x68\x65\x69\x67\x68\x74\x3d"14"\x20\x76\x69\x65\x77\x42\x6f\x78\x3d"0 0 24 24"\x20\x66\x69\x6c\x6c\x3d"none"\x20\x73\x74\x72\x6f\x6b\x65\x3d"currentColor"\x20\x73\x74\x72\x6f\x6b\x65\x2d\x77\x69\x64\x74\x68\x3d"2"\x20\x73\x74\x72\x6f\x6b\x65\x2d\x6c\x69\x6e\x65\x63\x61\x70\x3d"round"\x20\x73\x74\x72\x6f\x6b\x65\x2d\x6c\x69\x6e\x65\x6a\x6f\x69\x6e\x3d"round"\x3e\x3c\x72\x65\x63\x74\x20\x78\x3d"9"\x20\x79\x3d"9"\x20\x77\x69\x64\x74\x68\x3d"13"\x20\x68\x65\x69\x67\x68\x74\x3d"13"\x20\x72\x78\x3d"2"\x2f\x3e\x3c\x70\x61\x74\x68\x20\x64\x3d"M5 15H4a2 2 0 0 1-2-2V4a2 2 0 0 1 2-2h9a2 2 0 0 1 2 2v1"\x2f\x3e\x3c\x2f\x73\x76\x67\x3e\x60\x2c\x0a\x20\x20\x20\x20\x74\x78\x74\x3a\x20\x60\x3c\x73\x76\x67\x20\x77\x69\x64\x74\x68\x3d"14"\x20\x68\x65\x69\x67\x68\x74\x3d"14"\x20\x76\x69\x65\x77\x42\x6f\x78\x3d"0 0 24 24"\x20\x66\x69\x6c\x6c\x3d"none"\x20\x73\x74\x72\x6f\x6b\x65\x3d"currentColor"\x20\x73\x74\x72\x6f\x6b\x65\x2d\x77\x69\x64\x74\x68\x3d"2"\x20\x73\x74\x72\x6f\x6b\x65\x2d\x6c\x69\x6e\x65\x63\x61\x70\x3d"round"\x20\x73\x74\x72\x6f\x6b\x65\x2d\x6c\x69\x6e\x65\x6a\x6f\x69\x6e\x3d"round"\x3e\x3c\x70\x61\x74\x68\x20\x64\x3d"M14 2H6a2 2 0 0 0-2 2v16a2 2 0 0 0 2 2h12a2 2 0 0 0 2-2V8z"\x2f\x3e\x3c\x70\x6f\x6c\x79\x6c\x69\x6e\x65\x20\x70\x6f\x69\x6e\x74\x73\x3d"14 2 14 8 20 8"\x2f\x3e\x3c\x6c\x69\x6e\x65\x20\x78\x31\x3d"8"\x20\x79\x31\x3d"13"\x20\x78\x32\x3d"16"\x20\x79\x32\x3d"13"\x2f\x3e\x3c\x6c\x69\x6e\x65\x20\x78\x31\x3d"8"\x20\x79\x31\x3d"17"\x20\x78\x32\x3d"13"\x20\x79\x32\x3d"17"\x2f\x3e\x3c\x2f\x73\x76\x67\x3e\x60\x2c\x0a\x20\x20\x20\x20\x70\x64\x66\x3a\x20\x60\x3c\x73\x76\x67\x20\x77\x69\x64\x74\x68\x3d"14"\x20\x68\x65\x69\x67\x68\x74\x3d"14"\x20\x76\x69\x65\x77\x42\x6f\x78\x3d"0 0 24 24"\x20\x66\x69\x6c\x6c\x3d"none"\x20\x73\x74\x72\x6f\x6b\x65\x3d"currentColor"\x20\x73\x74\x72\x6f\x6b\x65\x2d\x77\x69\x64\x74\x68\x3d"2"\x20\x73\x74\x72\x6f\x6b\x65\x2d\x6c\x69\x6e\x65\x63\x61\x70\x3d"round"\x20\x73\x74\x72\x6f\x6b\x65\x2d\x6c\x69\x6e\x65\x6a\x6f\x69\x6e\x3d"round"\x3e\x3c\x70\x61\x74\x68\x20\x64\x3d"M14 2H6a2 2 0 0 0-2 2v16a2 2 0 0 0 2 2h12a2 2 0 0 0 2-2V8z"\x2f\x3e\x3c\x70\x6f\x6c\x79\x6c\x69\x6e\x65\x20\x70\x6f\x69\x6e\x74\x73\x3d"14 2 14 8 20 8"\x2f\x3e\x3c\x70\x61\x74\x68\x20\x64\x3d"M8 17v-4h1.5a1.5 1.5 0 0 1 0 3H8"\x2f\x3e\x3c\x70\x61\x74\x68\x20\x64\x3d"M13 13v4h1a1.5 1.5 0 0 0 0-4h-1z"\x2f\x3e\x3c\x2f\x73\x76\x67\x3e\x60\x2c\x0a\x20\x20\x20\x20\x73\x68\x61\x72\x65\x3a\x20\x60\x3c\x73\x76\x67\x20\x77\x69\x64\x74\x68\x3d"14"\x20\x68\x65\x69\x67\x68\x74\x3d"14"\x20\x76\x69\x65\x77\x42\x6f\x78\x3d"0 0 24 24"\x20\x66\x69\x6c\x6c\x3d"none"\x20\x73\x74\x72\x6f\x6b\x65\x3d"currentColor"\x20\x73\x74\x72\x6f\x6b\x65\x2d\x77\x69\x64\x74\x68\x3d"2"\x20\x73\x74\x72\x6f\x6b\x65\x2d\x6c\x69\x6e\x65\x63\x61\x70\x3d"round"\x20\x73\x74\x72\x6f\x6b\x65\x2d\x6c\x69\x6e\x65\x6a\x6f\x69\x6e\x3d"round"\x3e\x3c\x63\x69\x72\x63\x6c\x65\x20\x63\x78\x3d"18"\x20\x63\x79\x3d"5"\x20\x72\x3d"3"\x2f\x3e\x3c\x63\x69\x72\x63\x6c\x65\x20\x63\x78\x3d"6"\x20\x63\x79\x3d"12"\x20\x72\x3d"3"\x2f\x3e\x3c\x63\x69\x72\x63\x6c\x65\x20\x63\x78\x3d"18"\x20\x63\x79\x3d"19"\x20\x72\x3d"3"\x2f\x3e\x3c\x6c\x69\x6e\x65\x20\x78\x31\x3d"8.6"\x20\x79\x31\x3d"13.5"\x20\x78\x32\x3d"15.4"\x20\x79\x32\x3d"17.5"\x2f\x3e\x3c\x6c\x69\x6e\x65\x20\x78\x31\x3d"15.4"\x20\x79\x31\x3d"6.5"\x20\x78\x32\x3d"8.6"\x20\x79\x32\x3d"10.5"\x2f\x3e\x3c\x2f\x73\x76\x67\x3e\x60\x0a\x7d\x3b\x0a\x0a\x66\x75\x6e\x63\x74\x69\x6f\x6e\x20\x63\x72\x65\x61\x74\x65\x4d\x65\x73\x73\x61\x67\x65\x54\x6f\x6f\x6c\x62\x61\x72\x28\x72\x61\x77\x4d\x61\x72\x6b\x64\x6f\x77\x6e\x2c\x20\x63\x6f\x6e\x74\x65\x6e\x74\x45\x6c\x29\x20\x7b\x0a\x20\x20\x20\x20\x63\x6f\x6e\x73\x74\x20\x5f\x68\x71\x55\x58\x20\x3d\x20\x64\x6f\x63\x75\x6d\x65\x6e\x74\x2e\x63\x72\x65\x61\x74\x65\x45\x6c\x65\x6d\x65\x6e\x74\x28\x27\x64\x69\x76\x27\x29\x3b\x0a\x20\x20\x20\x20\x74\x6f\x6f\x6c\x62\x61\x72\x2e\x63\x6c\x61\x73\x73\x4e\x61\x6d\x65\x20\x3d\x20\x27\x6d\x65\x73\x73\x61\x67\x65\x2d\x74\x6f\x6f\x6c\x62\x61\x72\x27\x3b\x0a\x0a\x20\x20\x20\x20\x63\x6f\x6e\x73\x74\x20\x5f\x56\x70\x48\x46\x20\x3d\x20\x5b\x0a\x20\x20\x20\x20\x20\x20\x20\x20\x7b\x20\x6b\x65\x79\x3a\x20\x27\x63\x6f\x70\x79\x27\x2c\x20\x20\x6c\x61\x62\x65\x6c\x3a\x20\x27\x43\x6f\x70\x79\x20\x72\x65\x73\x70\x6f\x6e\x73\x65\x27\x20\x7d\x2c\x0a\x20\x20\x20\x20\x20\x20\x20\x20\x7b\x20\x6b\x65\x79\x3a\x20\x27\x74\x78\x74\x27\x2c\x20\x20\x20\x6c\x61\x62\x65\x6c\x3a\x20\x27\x44\x6f\x77\x6e\x6c\x6f\x61\x64\x20\x61\x73\x20\x54\x58\x54\x27\x20\x7d\x2c\x0a\x20\x20\x20\x20\x20\x20\x20\x20\x7b\x20\x6b\x65\x79\x3a\x20\x27\x70\x64\x66\x27\x2c\x20\x20\x20\x6c\x61\x62\x65\x6c\x3a\x20\x27\x44\x6f\x77\x6e\x6c\x6f\x61\x64\x20\x61\x73\x20\x50\x44\x46\x27\x20\x7d\x2c\x0a\x20\x20\x20\x20\x20\x20\x20\x20\x7b\x20\x6b\x65\x79\x3a\x20\x27\x73\x68\x61\x72\x65\x27\x2c\x20\x6c\x61\x62\x65\x6c\x3a\x20\x27\x53\x68\x61\x72\x65\x27\x20\x7d\x0a\x20\x20\x20\x20\x5d\x3b\x0a\x0a\x20\x20\x20\x20\x62\x75\x74\x74\x6f\x6e\x73\x2e\x66\x6f\x72\x45\x61\x63\x68\x28\x28\x7b\x20\x6b\x65\x79\x2c\x20\x6c\x61\x62\x65\x6c\x20\x7d\x29\x20\x3d\x3e\x20\x7b\x0a\x20\x20\x20\x20\x20\x20\x20\x20\x63\x6f\x6e\x73\x74\x20\x5f\x68\x64\x52\x6c\x77\x20\x3d\x20\x64\x6f\x63\x75\x6d\x65\x6e\x74\x2e\x63\x72\x65\x61\x74\x65\x45\x6c\x65\x6d\x65\x6e\x74\x28\x27\x62\x75\x74\x74\x6f\x6e\x27\x29\x3b\x0a\x20\x20\x20\x20\x20\x20\x20\x20\x62\x74\x6e\x2e\x63\x6c\x61\x73\x73\x4e\x61\x6d\x65\x20\x3d\x20\x27\x6d\x65\x73\x73\x61\x67\x65\x2d\x74\x6f\x6f\x6c\x62\x61\x72\x2d\x62\x74\x6e\x27\x3b\x0a\x20\x20\x20\x20\x20\x20\x20\x20\x62\x74\x6e\x2e\x74\x79\x70\x65\x20\x3d\x20\x27\x62\x75\x74\x74\x6f\x6e\x27\x3b\x0a\x20\x20\x20\x20\x20\x20\x20\x20\x62\x74\x6e\x2e\x73\x65\x74\x41\x74\x74\x72\x69\x62\x75\x74\x65\x28\x27\x61\x72\x69\x61\x2d\x6c\x61\x62\x65\x6c\x27\x2c\x20\x6c\x61\x62\x65\x6c\x29\x3b\x0a\x20\x20\x20\x20\x20\x20\x20\x20\x62\x74\x6e\x2e\x74\x69\x74\x6c\x65\x20\x3d\x20\x6c\x61\x62\x65\x6c\x3b\x0a\x20\x20\x20\x20\x20\x20\x20\x20\x62\x74\x6e\x2e\x69\x6e\x6e\x65\x72\x48\x54\x4d\x4c\x20\x3d\x20\x54\x4f\x4f\x4c\x42\x41\x52\x5f\x49\x43\x4f\x4e\x53\x5b\x6b\x65\x79\x5d\x3b\x0a\x20\x20\x20\x20\x20\x20\x20\x20\x74\x6f\x6f\x6c\x62\x61\x72\x2e\x61\x70\x70\x65\x6e\x64\x43\x68\x69\x6c\x64\x28\x62\x74\x6e\x29\x3b\x0a\x0a\x20\x20\x20\x20\x20\x20\x20\x20\x62\x74\x6e\x2e\x61\x64\x64\x45\x76\x65\x6e\x74\x4c\x69\x73\x74\x65\x6e\x65\x72\x28\x27\x63\x6c\x69\x63\x6b\x27\x2c\x20\x28\x29\x20\x3d\x3e\x20\x7b\x0a\x20\x20\x20\x20\x20\x20\x20\x20\x20\x20\x20\x20\x63\x6f\x6e\x73\x74\x20\x5f\x43\x43\x64\x72\x4b\x57\x6f\x20\x3d\x20\x63\x6f\x6e\x74\x65\x6e\x74\x45\x6c\x20\x3f\x20\x65\x6c\x65\x6d\x65\x6e\x74\x54\x6f\x50\x6c\x61\x69\x6e\x54\x65\x78\x74\x28\x63\x6f\x6e\x74\x65\x6e\x74\x45\x6c\x29\x20\x3a\x20\x72\x61\x77\x4d\x61\x72\x6b\x64\x6f\x77\x6e\x3b\x0a\x0a\x20\x20\x20\x20\x20\x20\x20\x20\x20\x20\x20\x20\x69\x66\x20\x28\x6b\x65\x79\x20\x3d\x3d\x3d\x20\x27\x63\x6f\x70\x79\x27\x29\x20\x7b\x0a\x20\x20\x20\x20\x20\x20\x20\x20\x20\x20\x20\x20\x20\x20\x20\x20\x63\x6f\x70\x79\x54\x6f\x43\x6c\x69\x70\x62\x6f\x61\x72\x64\x28\x70\x6c\x61\x69\x6e\x54\x65\x78\x74\x29\x2e\x74\x68\x65\x6e\x28\x28\x29\x20\x3d\x3e\x20\x66\x6c\x61\x73\x68\x54\x6f\x6f\x6c\x62\x61\x72\x46\x65\x65\x64\x62\x61\x63\x6b\x28\x62\x74\x6e\x2c\x20\x27\x43\x6f\x70\x69\x65\x64\x21\x27\x29\x29\x3b\x0a\x20\x20\x20\x20\x20\x20\x20\x20\x20\x20\x20\x20\x7d\x20\x65\x6c\x73\x65\x20\x69\x66\x20\x28\x6b\x65\x79\x20\x3d\x3d\x3d\x20\x27\x74\x78\x74\x27\x29\x20\x7b\x0a\x20\x20\x20\x20\x20\x20\x20\x20\x20\x20\x20\x20\x20\x20\x20\x20\x64\x6f\x77\x6e\x6c\x6f\x61\x64\x41\x73\x54\x58\x54\x28\x70\x6c\x61\x69\x6e\x54\x65\x78\x74\x29\x3b\x0a\x20\x20\x20\x20\x20\x20\x20\x20\x20\x20\x20\x20\x20\x20\x20\x20\x66\x6c\x61\x73\x68\x54\x6f\x6f\x6c\x62\x61\x72\x46\x65\x65\x64\x62\x61\x63\x6b\x28\x62\x74\x6e\x2c\x20\x27\x53\x61\x76\x65\x64\x21\x27\x29\x3b\x0a\x20\x20\x20\x20\x20\x20\x20\x20\x20\x20\x20\x20\x7d\x20\x65\x6c\x73\x65\x20\x69\x66\x20\x28\x6b\x65\x79\x20\x3d\x3d\x3d\x20\x27\x70\x64\x66\x27\x29\x20\x7b\x0a\x20\x20\x20\x20\x20\x20\x20\x20\x20\x20\x20\x20\x20\x20\x20\x20\x64\x6f\x77\x6e\x6c\x6f\x61\x64\x41\x73\x50\x44\x46\x28\x63\x6f\x6e\x74\x65\x6e\x74\x45\x6c\x29\x3b\x0a\x20\x20\x20\x20\x20\x20\x20\x20\x20\x20\x20\x20\x20\x20\x20\x20\x66\x6c\x61\x73\x68\x54\x6f\x6f\x6c\x62\x61\x72\x46\x65\x65\x64\x62\x61\x63\x6b\x28\x62\x74\x6e\x2c\x20\x27\x45\x78\x70\x6f\x72\x74\x69\x6e\x67\x2026\x27\x29\x3b\x0a\x20\x20\x20\x20\x20\x20\x20\x20\x20\x20\x20\x20\x7d\x20\x65\x6c\x73\x65\x20\x69\x66\x20\x28\x6b\x65\x79\x20\x3d\x3d\x3d\x20\x27\x73\x68\x61\x72\x65\x27\x29\x20\x7b\x0a\x20\x20\x20\x20\x20\x20\x20\x20\x20\x20\x20\x20\x20\x20\x20\x20\x73\x68\x61\x72\x65\x4d\x65\x73\x73\x61\x67\x65\x28\x70\x6c\x61\x69\x6e\x54\x65\x78\x74\x29\x2e\x74\x68\x65\x6e\x28\x28\x6d\x6f\x64\x65\x29\x20\x3d\x3e\x20\x7b\x0a\x20\x20\x20\x20\x20\x20\x20\x20\x20\x20\x20\x20\x20\x20\x20\x20\x20\x20\x20\x20\x66\x6c\x61\x73\x68\x54\x6f\x6f\x6c\x62\x61\x72\x46\x65\x65\x64\x62\x61\x63\x6b\x28\x62\x74\x6e\x2c\x20\x6d\x6f\x64\x65\x20\x3d\x3d\x3d\x20\x27\x63\x6f\x70\x69\x65\x64\x27\x20\x3f\x20\x27\x43\x6f\x70\x69\x65\x64\x21\x27\x20\x3a\x20\x27\x53\x68\x61\x72\x65\x64\x21\x27\x29\x3b\x0a\x20\x20\x20\x20\x20\x20\x20\x20\x20\x20\x20\x20\x20\x20\x20\x20\x7d\x29\x3b\x0a\x20\x20\x20\x20\x20\x20\x20\x20\x20\x20\x20\x20\x7d\x0a\x20\x20\x20\x20\x20\x20\x20\x20\x7d\x29\x3b\x0a\x20\x20\x20\x20\x7d\x29\x3b\x0a\x0a\x20\x20\x20\x20\x72\x65\x74\x75\x72\x6e\x20\x74\x6f\x6f\x6c\x62\x61\x72\x3b\x0a\x7d\x0a\x0a\x2f\x2f\x20\x2550\x2550\x2550\x2550\x2550\x2550\x2550\x2550\x2550\x2550\x2550\x2550\x2550\x2550\x2550\x2550\x2550\x2550\x2550\x2550\x2550\x2550\x2550\x2550\x2550\x2550\x2550\x2550\x2550\x2550\x2550\x2550\x2550\x2550\x2550\x2550\x2550\x2550\x2550\x2550\x2550\x2550\x2550\x2550\x2550\x2550\x2550\x2550\x2550\x2550\x2550\x2550\x2550\x2550\x2550\x2550\x2550\x2550\x2550\x2550\x2550\x2550\x2550\x0a\x2f\x2f\x20\x2b50\x20\x4d\x41\x52\x4b\x44\x4f\x57\x4e\x20\x52\x45\x4e\x44\x45\x52\x45\x52\x0a\x2f\x2f\x20\x2550\x2550\x2550\x2550\x2550\x2550\x2550\x2550\x2550\x2550\x2550\x2550\x2550\x2550\x2550\x2550\x2550\x2550\x2550\x2550\x2550\x2550\x2550\x2550\x2550\x2550\x2550\x2550\x2550\x2550\x2550\x2550\x2550\x2550\x2550\x2550\x2550\x2550\x2550\x2550\x2550\x2550\x2550\x2550\x2550\x2550\x2550\x2550\x2550\x2550\x2550\x2550\x2550\x2550\x2550\x2550\x2550\x2550\x2550\x2550\x2550\x2550\x2550\x0a\x0a\x66\x75\x6e\x63\x74\x69\x6f\x6e\x20\x72\x65\x6e\x64\x65\x72\x49\x6e\x6c\x69\x6e\x65\x28\x74\x65\x78\x74\x29\x20\x7b\x0a\x20\x20\x20\x20\x6c\x65\x74\x20\x5f\x67\x6e\x58\x57\x5a\x20\x3d\x20\x65\x73\x63\x61\x70\x65\x48\x74\x6d\x6c\x28\x74\x65\x78\x74\x29\x3b\x0a\x20\x20\x20\x20\x6f\x75\x74\x20\x3d\x20\x6f\x75\x74\x2e\x72\x65\x70\x6c\x61\x63\x65\x28\x2f\x60\x28\x5b\x5e\x60\x5d\x2b\x29\x60\x2f\x67\x2c\x20\x27\x3c\x63\x6f\x64\x65\x20\x63\x6c\x61\x73\x73\x3d"inline-code"\x3e\x24\x31\x3c\x2f\x63\x6f\x64\x65\x3e\x27\x29\x3b\x0a\x20\x20\x20\x20\x6f\x75\x74\x20\x3d\x20\x6f\x75\x74\x2e\x72\x65\x70\x6c\x61\x63\x65\x28\x2f\x5c\x2a\x5c\x2a\x5c\x2a\x28\x5b\x5e\x2a\x5d\x2b\x29\x5c\x2a\x5c\x2a\x5c\x2a\x2f\x67\x2c\x20\x27\x3c\x73\x74\x72\x6f\x6e\x67\x3e\x3c\x65\x6d\x3e\x24\x31\x3c\x2f\x65\x6d\x3e\x3c\x2f\x73\x74\x72\x6f\x6e\x67\x3e\x27\x29\x3b\x0a\x20\x20\x20\x20\x6f\x75\x74\x20\x3d\x20\x6f\x75\x74\x2e\x72\x65\x70\x6c\x61\x63\x65\x28\x2f\x5c\x2a\x5c\x2a\x28\x5b\x5e\x2a\x5d\x2b\x29\x5c\x2a\x5c\x2a\x2f\x67\x2c\x20\x27\x3c\x73\x74\x72\x6f\x6e\x67\x3e\x24\x31\x3c\x2f\x73\x74\x72\x6f\x6e\x67\x3e\x27\x29\x3b\x0a\x20\x20\x20\x20\x6f\x75\x74\x20\x3d\x20\x6f\x75\x74\x2e\x72\x65\x70\x6c\x61\x63\x65\x28\x2f\x5c\x2a\x28\x5b\x5e\x2a\x5d\x2b\x29\x5c\x2a\x2f\x67\x2c\x20\x27\x3c\x65\x6d\x3e\x24\x31\x3c\x2f\x65\x6d\x3e\x27\x29\x3b\x0a\x20\x20\x20\x20\x6f\x75\x74\x20\x3d\x20\x6f\x75\x74\x2e\x72\x65\x70\x6c\x61\x63\x65\x28\x2f\x5c\x5b\x28\x5b\x5e\x5c\x5d\x5d\x2b\x29\x5c\x5d\x5c\x28\x28\x5b\x5e\x29\x5d\x2b\x29\x5c\x29\x2f\x67\x2c\x20\x27\x3c\x61\x20\x68\x72\x65\x66\x3d"$2"\x20\x74\x61\x72\x67\x65\x74\x3d"_blank"\x20\x72\x65\x6c\x3d"noopener noreferrer"\x20\x63\x6c\x61\x73\x73\x3d"markdown-link"\x3e\x24\x31\x3c\x2f\x61\x3e\x27\x29\x3b\x0a\x20\x20\x20\x20\x72\x65\x74\x75\x72\x6e\x20\x6f\x75\x74\x3b\x0a\x7d\x0a\x0a\x63\x6f\x6e\x73\x74\x20\x5f\x66\x62\x66\x6d\x77\x49\x57\x55\x20\x3d\x20\x7b\x0a\x20\x20\x20\x20\x6e\x6f\x74\x65\x3a\x20\x60\x3c\x73\x76\x67\x20\x63\x6c\x61\x73\x73\x3d"callout-icon"\x20\x76\x69\x65\x77\x42\x6f\x78\x3d"0 0 24 24"\x20\x66\x69\x6c\x6c\x3d"none"\x20\x73\x74\x72\x6f\x6b\x65\x3d"currentColor"\x20\x73\x74\x72\x6f\x6b\x65\x2d\x77\x69\x64\x74\x68\x3d"2"\x20\x73\x74\x72\x6f\x6b\x65\x2d\x6c\x69\x6e\x65\x63\x61\x70\x3d"round"\x20\x73\x74\x72\x6f\x6b\x65\x2d\x6c\x69\x6e\x65\x6a\x6f\x69\x6e\x3d"round"\x3e\x3c\x63\x69\x72\x63\x6c\x65\x20\x63\x78\x3d"12"\x20\x63\x79\x3d"12"\x20\x72\x3d"10"\x2f\x3e\x3c\x6c\x69\x6e\x65\x20\x78\x31\x3d"12"\x20\x79\x31\x3d"16"\x20\x78\x32\x3d"12"\x20\x79\x32\x3d"12"\x2f\x3e\x3c\x6c\x69\x6e\x65\x20\x78\x31\x3d"12"\x20\x79\x31\x3d"8"\x20\x78\x32\x3d"12.01"\x20\x79\x32\x3d"8"\x2f\x3e\x3c\x2f\x73\x76\x67\x3e\x60\x2c\x0a\x20\x20\x20\x20\x74\x69\x70\x3a\x20\x60\x3c\x73\x76\x67\x20\x63\x6c\x61\x73\x73\x3d"callout-icon"\x20\x76\x69\x65\x77\x42\x6f\x78\x3d"0 0 24 24"\x20\x66\x69\x6c\x6c\x3d"none"\x20\x73\x74\x72\x6f\x6b\x65\x3d"currentColor"\x20\x73\x74\x72\x6f\x6b\x65\x2d\x77\x69\x64\x74\x68\x3d"2"\x20\x73\x74\x72\x6f\x6b\x65\x2d\x6c\x69\x6e\x65\x63\x61\x70\x3d"round"\x20\x73\x74\x72\x6f\x6b\x65\x2d\x6c\x69\x6e\x65\x6a\x6f\x69\x6e\x3d"round"\x3e\x3c\x70\x61\x74\x68\x20\x64\x3d"M9 18h6M10 22h4M12 2a6 6 0 0 0-4 10.5c.6.5 1 1.3 1 2.1V16h6v-1.4c0-.8.4-1.6 1-2.1A6 6 0 0 0 12 2z"\x2f\x3e\x3c\x2f\x73\x76\x67\x3e\x60\x2c\x0a\x20\x20\x20\x20\x77\x61\x72\x6e\x69\x6e\x67\x3a\x20\x77\x61\x72\x6e\x69\x6e\x67\x49\x63\x6f\x6e\x53\x56\x47\x28\x29\x2e\x72\x65\x70\x6c\x61\x63\x65\x28\x27\x73\x74\x79\x6c\x65\x3d"flex-shrink:0;margin-right:6px;vertical-align:-3px;"\x27\x2c\x20\x27\x63\x6c\x61\x73\x73\x3d"callout-icon"\x27\x29\x2c\x0a\x20\x20\x20\x20\x69\x6d\x70\x6f\x72\x74\x61\x6e\x74\x3a\x20\x60\x3c\x73\x76\x67\x20\x63\x6c\x61\x73\x73\x3d"callout-icon"\x20\x76\x69\x65\x77\x42\x6f\x78\x3d"0 0 24 24"\x20\x66\x69\x6c\x6c\x3d"none"\x20\x73\x74\x72\x6f\x6b\x65\x3d"currentColor"\x20\x73\x74\x72\x6f\x6b\x65\x2d\x77\x69\x64\x74\x68\x3d"2"\x20\x73\x74\x72\x6f\x6b\x65\x2d\x6c\x69\x6e\x65\x63\x61\x70\x3d"round"\x20\x73\x74\x72\x6f\x6b\x65\x2d\x6c\x69\x6e\x65\x6a\x6f\x69\x6e\x3d"round"\x3e\x3c\x70\x61\x74\x68\x20\x64\x3d"M12 9v4M12 17h.01"\x2f\x3e\x3c\x70\x61\x74\x68\x20\x64\x3d"M10.29 3.86L1.82 18a2 2 0 001.71 3h16.94a2 2 0 001.71-3L13.71 3.86a2 2 0 00-3.42 0z"\x2f\x3e\x3c\x2f\x73\x76\x67\x3e\x60\x0a\x7d\x3b\x0a\x0a\x66\x75\x6e\x63\x74\x69\x6f\x6e\x20\x72\x65\x6e\x64\x65\x72\x43\x61\x6c\x6c\x6f\x75\x74\x28\x74\x79\x70\x65\x2c\x20\x74\x65\x78\x74\x29\x20\x7b\x0a\x20\x20\x20\x20\x63\x6f\x6e\x73\x74\x20\x5f\x57\x43\x66\x50\x56\x65\x49\x45\x20\x3d\x20\x43\x41\x4c\x4c\x4f\x55\x54\x5f\x49\x43\x4f\x4e\x53\x5b\x74\x79\x70\x65\x5d\x20\x7c\x7c\x20\x43\x41\x4c\x4c\x4f\x55\x54\x5f\x49\x43\x4f\x4e\x53\x2e\x6e\x6f\x74\x65\x3b\x0a\x20\x20\x20\x20\x63\x6f\x6e\x73\x74\x20\x5f\x47\x68\x45\x72\x6b\x76\x20\x3d\x20\x74\x79\x70\x65\x2e\x63\x68\x61\x72\x41\x74\x28\x30\x29\x2e\x74\x6f\x55\x70\x70\x65\x72\x43\x61\x73\x65\x28\x29\x20\x2b\x20\x74\x79\x70\x65\x2e\x73\x6c\x69\x63\x65\x28\x31\x29\x3b\x0a\x20\x20\x20\x20\x72\x65\x74\x75\x72\x6e\x20\x60\x3c\x64\x69\x76\x20\x63\x6c\x61\x73\x73\x3d"callout callout-${type}"\x3e\x24\x7b\x69\x63\x6f\x6e\x7d\x3c\x64\x69\x76\x20\x63\x6c\x61\x73\x73\x3d"callout-body"\x3e\x3c\x70\x3e\x3c\x73\x74\x72\x6f\x6e\x67\x3e\x24\x7b\x6c\x61\x62\x65\x6c\x7d\x3a\x3c\x2f\x73\x74\x72\x6f\x6e\x67\x3e\x20\x24\x7b\x72\x65\x6e\x64\x65\x72\x49\x6e\x6c\x69\x6e\x65\x28\x74\x65\x78\x74\x29\x7d\x3c\x2f\x70\x3e\x3c\x2f\x64\x69\x76\x3e\x3c\x2f\x64\x69\x76\x3e\x60\x3b\x0a\x7d\x0a\x0a\x66\x75\x6e\x63\x74\x69\x6f\x6e\x20\x72\x65\x6e\x64\x65\x72\x54\x61\x62\x6c\x65\x28\x68\x65\x61\x64\x65\x72\x73\x2c\x20\x72\x6f\x77\x73\x29\x20\x7b\x0a\x20\x20\x20\x20\x63\x6f\x6e\x73\x74\x20\x5f\x71\x46\x6f\x73\x57\x62\x20\x3d\x20\x60\x3c\x74\x68\x65\x61\x64\x3e\x3c\x74\x72\x3e\x24\x7b\x68\x65\x61\x64\x65\x72\x73\x2e\x6d\x61\x70\x28\x68\x20\x3d\x3e\x20\x60\x3c\x74\x68\x3e\x24\x7b\x72\x65\x6e\x64\x65\x72\x49\x6e\x6c\x69\x6e\x65\x28\x68\x29\x7d\x3c\x2f\x74\x68\x3e\x60\x29\x2e\x6a\x6f\x69\x6e\x28\x27\x27\x29\x7d\x3c\x2f\x74\x72\x3e\x3c\x2f\x74\x68\x65\x61\x64\x3e\x60\x3b\x0a\x20\x20\x20\x20\x63\x6f\x6e\x73\x74\x20\x5f\x63\x4b\x4c\x76\x58\x20\x3d\x20\x60\x3c\x74\x62\x6f\x64\x79\x3e\x24\x7b\x72\x6f\x77\x73\x2e\x6d\x61\x70\x28\x72\x20\x3d\x3e\x20\x60\x3c\x74\x72\x3e\x24\x7b\x72\x2e\x6d\x61\x70\x28\x63\x20\x3d\x3e\x20\x60\x3c\x74\x64\x3e\x24\x7b\x72\x65\x6e\x64\x65\x72\x49\x6e\x6c\x69\x6e\x65\x28\x63\x29\x7d\x3c\x2f\x74\x64\x3e\x60\x29\x2e\x6a\x6f\x69\x6e\x28\x27\x27\x29\x7d\x3c\x2f\x74\x72\x3e\x60\x29\x2e\x6a\x6f\x69\x6e\x28\x27\x27\x29\x7d\x3c\x2f\x74\x62\x6f\x64\x79\x3e\x60\x3b\x0a\x20\x20\x20\x20\x72\x65\x74\x75\x72\x6e\x20\x60\x3c\x64\x69\x76\x20\x63\x6c\x61\x73\x73\x3d"markdown-table-wrap"\x3e\x3c\x74\x61\x62\x6c\x65\x20\x63\x6c\x61\x73\x73\x3d"markdown-table"\x3e\x24\x7b\x74\x68\x65\x61\x64\x7d\x24\x7b\x74\x62\x6f\x64\x79\x7d\x3c\x2f\x74\x61\x62\x6c\x65\x3e\x3c\x2f\x64\x69\x76\x3e\x60\x3b\x0a\x7d\x0a\x0a\x66\x75\x6e\x63\x74\x69\x6f\x6e\x20\x72\x65\x6e\x64\x65\x72\x4d\x61\x72\x6b\x64\x6f\x77\x6e\x28\x6d\x61\x72\x6b\x64\x6f\x77\x6e\x29\x20\x7b\x0a\x20\x20\x20\x20\x69\x66\x20\x28\x21\x6d\x61\x72\x6b\x64\x6f\x77\x6e\x29\x20\x72\x65\x74\x75\x72\x6e\x20\x27\x27\x3b\x0a\x0a\x20\x20\x20\x20\x6c\x65\x74\x20\x5f\x58\x54\x43\x61\x63\x47\x7a\x20\x3d\x20\x6d\x61\x72\x6b\x64\x6f\x77\x6e\x3b\x0a\x20\x20\x20\x20\x63\x6f\x6e\x73\x74\x20\x5f\x47\x45\x4c\x4b\x72\x66\x20\x3d\x20\x5b\x5d\x3b\x0a\x0a\x20\x20\x20\x20\x2f\x2f\x20\x45\x78\x74\x72\x61\x63\x74\x20\x46\x65\x6e\x63\x65\x64\x20\x43\x6f\x64\x65\x20\x42\x6c\x6f\x63\x6b\x73\x20\x28\x60\x60\x60\x6c\x61\x6e\x67\x20\x2e\x2e\x2e\x20\x60\x60\x60\x29\x0a\x20\x20\x20\x20\x68\x74\x6d\x6c\x20\x3d\x20\x68\x74\x6d\x6c\x2e\x72\x65\x70\x6c\x61\x63\x65\x28\x2f\x60\x60\x60\x28\x5c\x77\x2a\x29\x5c\x6e\x28\x5b\x5c\x73\x5c\x53\x5d\x2a\x3f\x29\x60\x60\x60\x2f\x67\x2c\x20\x28\x6d\x61\x74\x63\x68\x2c\x20\x6c\x61\x6e\x67\x2c\x20\x63\x6f\x64\x65\x29\x20\x3d\x3e\x20\x7b\x0a\x20\x20\x20\x20\x20\x20\x20\x20\x63\x6f\x6e\x73\x74\x20\x5f\x78\x59\x44\x59\x70\x70\x6f\x20\x3d\x20\x63\x6f\x64\x65\x42\x6c\x6f\x63\x6b\x73\x2e\x6c\x65\x6e\x67\x74\x68\x3b\x0a\x20\x20\x20\x20\x20\x20\x20\x20\x63\x6f\x64\x65\x42\x6c\x6f\x63\x6b\x73\x2e\x70\x75\x73\x68\x28\x7b\x0a\x20\x20\x20\x20\x20\x20\x20\x20\x20\x20\x20\x20\x6c\x61\x6e\x67\x3a\x20\x6c\x61\x6e\x67\x2e\x74\x72\x69\x6d\x28\x29\x20\x7c\x7c\x20\x27\x70\x6c\x61\x69\x6e\x74\x65\x78\x74\x27\x2c\x0a\x20\x20\x20\x20\x20\x20\x20\x20\x20\x20\x20\x20\x63\x6f\x64\x65\x3a\x20\x63\x6f\x64\x65\x2e\x72\x65\x70\x6c\x61\x63\x65\x28\x2f\x5c\x6e\x24\x2f\x2c\x20\x27\x27\x29\x0a\x20\x20\x20\x20\x20\x20\x20\x20\x7d\x29\x3b\x0a\x20\x20\x20\x20\x20\x20\x20\x20\x72\x65\x74\x75\x72\x6e\x20\x60\x5c\x75\x30\x30\x30\x30\x43\x4f\x44\x45\x42\x4c\x4f\x43\x4b\x24\x7b\x69\x6e\x64\x65\x78\x7d\x5c\x75\x30\x30\x30\x30\x60\x3b\x0a\x20\x20\x20\x20\x7d\x29\x3b\x0a\x0a\x20\x20\x20\x20\x2f\x2f\x20\x45\x78\x74\x72\x61\x63\x74\x20\x54\x61\x62\x6c\x65\x73\x20\x28\x47\x46\x4d\x20\x70\x69\x70\x65\x20\x74\x61\x62\x6c\x65\x73\x29\x20\x62\x65\x66\x6f\x72\x65\x20\x65\x73\x63\x61\x70\x69\x6e\x67\x0a\x20\x20\x20\x20\x63\x6f\x6e\x73\x74\x20\x5f\x44\x70\x54\x4d\x20\x3d\x20\x5b\x5d\x3b\x0a\x20\x20\x20\x20\x68\x74\x6d\x6c\x20\x3d\x20\x68\x74\x6d\x6c\x2e\x72\x65\x70\x6c\x61\x63\x65\x28\x2f\x5e\x5c\x7c\x28\x2e\x2b\x29\x5c\x7c\x5c\x73\x2a\x5c\x6e\x5c\x7c\x5b\x5c\x73\x3a\x7c\x2d\x5d\x2b\x5c\x7c\x5c\x73\x2a\x5c\x6e\x28\x28\x3f\x3a\x5c\x7c\x2e\x2a\x5c\x7c\x5c\x73\x2a\x5c\x6e\x3f\x29\x2a\x29\x2f\x67\x6d\x2c\x20\x28\x6d\x61\x74\x63\x68\x2c\x20\x68\x65\x61\x64\x65\x72\x52\x6f\x77\x2c\x20\x62\x6f\x64\x79\x52\x6f\x77\x73\x29\x20\x3d\x3e\x20\x7b\x0a\x20\x20\x20\x20\x20\x20\x20\x20\x63\x6f\x6e\x73\x74\x20\x5f\x78\x59\x44\x59\x70\x70\x6f\x20\x3d\x20\x74\x61\x62\x6c\x65\x73\x2e\x6c\x65\x6e\x67\x74\x68\x3b\x0a\x20\x20\x20\x20\x20\x20\x20\x20\x63\x6f\x6e\x73\x74\x20\x5f\x76\x72\x56\x41\x7a\x71\x41\x44\x20\x3d\x20\x68\x65\x61\x64\x65\x72\x52\x6f\x77\x2e\x73\x70\x6c\x69\x74\x28\x27\x7c\x27\x29\x2e\x6d\x61\x70\x28\x63\x20\x3d\x3e\x20\x63\x2e\x74\x72\x69\x6d\x28\x29\x29\x2e\x66\x69\x6c\x74\x65\x72\x28\x63\x20\x3d\x3e\x20\x63\x2e\x6c\x65\x6e\x67\x74\x68\x29\x3b\x0a\x20\x20\x20\x20\x20\x20\x20\x20\x63\x6f\x6e\x73\x74\x20\x5f\x69\x6b\x4f\x63\x20\x3d\x20\x62\x6f\x64\x79\x52\x6f\x77\x73\x2e\x74\x72\x69\x6d\x28\x29\x2e\x73\x70\x6c\x69\x74\x28\x27\x5c\x6e\x27\x29\x2e\x66\x69\x6c\x74\x65\x72\x28\x72\x20\x3d\x3e\x20\x72\x2e\x74\x72\x69\x6d\x28\x29\x29\x2e\x6d\x61\x70\x28\x72\x20\x3d\x3e\x0a\x20\x20\x20\x20\x20\x20\x20\x20\x20\x20\x20\x20\x72\x2e\x73\x70\x6c\x69\x74\x28\x27\x7c\x27\x29\x2e\x6d\x61\x70\x28\x63\x20\x3d\x3e\x20\x63\x2e\x74\x72\x69\x6d\x28\x29\x29\x2e\x66\x69\x6c\x74\x65\x72\x28\x28\x63\x2c\x20\x69\x2c\x20\x61\x72\x72\x29\x20\x3d\x3e\x20\x21\x28\x69\x20\x3d\x3d\x3d\x20\x30\x20\x26\x26\x20\x63\x20\x3d\x3d\x3d\x20\x27\x27\x29\x20\x26\x26\x20\x21\x28\x69\x20\x3d\x3d\x3d\x20\x61\x72\x72\x2e\x6c\x65\x6e\x67\x74\x68\x20\x2d\x20\x31\x20\x26\x26\x20\x63\x20\x3d\x3d\x3d\x20\x27\x27\x29\x29\x0a\x20\x20\x20\x20\x20\x20\x20\x20\x29\x3b\x0a\x20\x20\x20\x20\x20\x20\x20\x20\x74\x61\x62\x6c\x65\x73\x2e\x70\x75\x73\x68\x28\x7b\x20\x68\x65\x61\x64\x65\x72\x73\x2c\x20\x72\x6f\x77\x73\x20\x7d\x29\x3b\x0a\x20\x20\x20\x20\x20\x20\x20\x20\x72\x65\x74\x75\x72\x6e\x20\x60\x5c\x75\x30\x30\x30\x30\x54\x41\x42\x4c\x45\x24\x7b\x69\x6e\x64\x65\x78\x7d\x5c\x75\x30\x30\x30\x30\x60\x3b\x0a\x20\x20\x20\x20\x7d\x29\x3b\x0a\x0a\x20\x20\x20\x20\x2f\x2f\x20\x45\x78\x74\x72\x61\x63\x74\x20\x63\x61\x6c\x6c\x6f\x75\x74\x73\x3a\x20\x3e\x20\x2a\x2a\x4e\x6f\x74\x65\x3a\x2a\x2a\x20\x2e\x2e\x2e\x20\x2f\x20\x2a\x2a\x54\x69\x70\x3a\x2a\x2a\x20\x2f\x20\x2a\x2a\x57\x61\x72\x6e\x69\x6e\x67\x3a\x2a\x2a\x20\x2f\x20\x2a\x2a\x49\x6d\x70\x6f\x72\x74\x61\x6e\x74\x3a\x2a\x2a\x0a\x20\x20\x20\x20\x63\x6f\x6e\x73\x74\x20\x5f\x76\x7a\x56\x20\x3d\x20\x5b\x5d\x3b\x0a\x20\x20\x20\x20\x68\x74\x6d\x6c\x20\x3d\x20\x68\x74\x6d\x6c\x2e\x72\x65\x70\x6c\x61\x63\x65\x28\x2f\x5e\x3e\x20\x5c\x2a\x5c\x2a\x28\x4e\x6f\x74\x65\x7c\x54\x69\x70\x7c\x57\x61\x72\x6e\x69\x6e\x67\x7c\x49\x6d\x70\x6f\x72\x74\x61\x6e\x74\x29\x5c\x2a\x5c\x2a\x3a\x3f\x5c\x73\x2a\x28\x2e\x2b\x29\x24\x2f\x67\x69\x6d\x2c\x20\x28\x6d\x61\x74\x63\x68\x2c\x20\x74\x79\x70\x65\x2c\x20\x74\x65\x78\x74\x29\x20\x3d\x3e\x20\x7b\x0a\x20\x20\x20\x20\x20\x20\x20\x20\x63\x6f\x6e\x73\x74\x20\x5f\x78\x59\x44\x59\x70\x70\x6f\x20\x3d\x20\x63\x61\x6c\x6c\x6f\x75\x74\x73\x2e\x6c\x65\x6e\x67\x74\x68\x3b\x0a\x20\x20\x20\x20\x20\x20\x20\x20\x63\x61\x6c\x6c\x6f\x75\x74\x73\x2e\x70\x75\x73\x68\x28\x7b\x20\x74\x79\x70\x65\x3a\x20\x74\x79\x70\x65\x2e\x74\x6f\x4c\x6f\x77\x65\x72\x43\x61\x73\x65\x28\x29\x2c\x20\x74\x65\x78\x74\x20\x7d\x29\x3b\x0a\x20\x20\x20\x20\x20\x20\x20\x20\x72\x65\x74\x75\x72\x6e\x20\x60\x5c\x75\x30\x30\x30\x30\x43\x41\x4c\x4c\x4f\x55\x54\x24\x7b\x69\x6e\x64\x65\x78\x7d\x5c\x75\x30\x30\x30\x30\x60\x3b\x0a\x20\x20\x20\x20\x7d\x29\x3b\x0a\x0a\x20\x20\x20\x20\x68\x74\x6d\x6c\x20\x3d\x20\x65\x73\x63\x61\x70\x65\x48\x74\x6d\x6c\x28\x68\x74\x6d\x6c\x29\x3b\x0a\x0a\x20\x20\x20\x20\x2f\x2f\x20\x49\x6e\x6c\x69\x6e\x65\x20\x43\x6f\x64\x65\x0a\x20\x20\x20\x20\x68\x74\x6d\x6c\x20\x3d\x20\x68\x74\x6d\x6c\x2e\x72\x65\x70\x6c\x61\x63\x65\x28\x2f\x60\x28\x5b\x5e\x60\x5d\x2b\x29\x60\x2f\x67\x2c\x20\x27\x3c\x63\x6f\x64\x65\x20\x63\x6c\x61\x73\x73\x3d"inline-code"\x3e\x24\x31\x3c\x2f\x63\x6f\x64\x65\x3e\x27\x29\x3b\x0a\x0a\x20\x20\x20\x20\x2f\x2f\x20\x42\x6f\x6c\x64\x20\x26\x20\x49\x74\x61\x6c\x69\x63\x73\x0a\x20\x20\x20\x20\x68\x74\x6d\x6c\x20\x3d\x20\x68\x74\x6d\x6c\x2e\x72\x65\x70\x6c\x61\x63\x65\x28\x2f\x5c\x2a\x5c\x2a\x5c\x2a\x28\x5b\x5e\x2a\x5d\x2b\x29\x5c\x2a\x5c\x2a\x5c\x2a\x2f\x67\x2c\x20\x27\x3c\x73\x74\x72\x6f\x6e\x67\x3e\x3c\x65\x6d\x3e\x24\x31\x3c\x2f\x65\x6d\x3e\x3c\x2f\x73\x74\x72\x6f\x6e\x67\x3e\x27\x29\x3b\x0a\x20\x20\x20\x20\x68\x74\x6d\x6c\x20\x3d\x20\x68\x74\x6d\x6c\x2e\x72\x65\x70\x6c\x61\x63\x65\x28\x2f\x5f\x5f\x5f\x28\x5b\x5e\x5f\x5d\x2b\x29\x5f\x5f\x5f\x2f\x67\x2c\x20\x27\x3c\x73\x74\x72\x6f\x6e\x67\x3e\x3c\x65\x6d\x3e\x24\x31\x3c\x2f\x65\x6d\x3e\x3c\x2f\x73\x74\x72\x6f\x6e\x67\x3e\x27\x29\x3b\x0a\x20\x20\x20\x20\x68\x74\x6d\x6c\x20\x3d\x20\x68\x74\x6d\x6c\x2e\x72\x65\x70\x6c\x61\x63\x65\x28\x2f\x5c\x2a\x5c\x2a\x28\x5b\x5e\x2a\x5d\x2b\x29\x5c\x2a\x5c\x2a\x2f\x67\x2c\x20\x27\x3c\x73\x74\x72\x6f\x6e\x67\x3e\x24\x31\x3c\x2f\x73\x74\x72\x6f\x6e\x67\x3e\x27\x29\x3b\x0a\x20\x20\x20\x20\x68\x74\x6d\x6c\x20\x3d\x20\x68\x74\x6d\x6c\x2e\x72\x65\x70\x6c\x61\x63\x65\x28\x2f\x5f\x5f\x28\x5b\x5e\x5f\x5d\x2b\x29\x5f\x5f\x2f\x67\x2c\x20\x27\x3c\x73\x74\x72\x6f\x6e\x67\x3e\x24\x31\x3c\x2f\x73\x74\x72\x6f\x6e\x67\x3e\x27\x29\x3b\x0a\x20\x20\x20\x20\x68\x74\x6d\x6c\x20\x3d\x20\x68\x74\x6d\x6c\x2e\x72\x65\x70\x6c\x61\x63\x65\x28\x2f\x5c\x2a\x28\x5b\x5e\x2a\x5d\x2b\x29\x5c\x2a\x2f\x67\x2c\x20\x27\x3c\x65\x6d\x3e\x24\x31\x3c\x2f\x65\x6d\x3e\x27\x29\x3b\x0a\x20\x20\x20\x20\x68\x74\x6d\x6c\x20\x3d\x20\x68\x74\x6d\x6c\x2e\x72\x65\x70\x6c\x61\x63\x65\x28\x2f\x5f\x28\x5b\x5e\x5f\x5d\x2b\x29\x5f\x2f\x67\x2c\x20\x27\x3c\x65\x6d\x3e\x24\x31\x3c\x2f\x65\x6d\x3e\x27\x29\x3b\x0a\x0a\x20\x20\x20\x20\x2f\x2f\x20\x48\x65\x61\x64\x69\x6e\x67\x73\x0a\x20\x20\x20\x20\x68\x74\x6d\x6c\x20\x3d\x20\x68\x74\x6d\x6c\x2e\x72\x65\x70\x6c\x61\x63\x65\x28\x2f\x5e\x23\x23\x23\x20\x28\x2e\x2b\x29\x24\x2f\x67\x6d\x2c\x20\x27\x3c\x68\x33\x20\x63\x6c\x61\x73\x73\x3d"markdown-h3"\x3e\x24\x31\x3c\x2f\x68\x33\x3e\x27\x29\x3b\x0a\x20\x20\x20\x20\x68\x74\x6d\x6c\x20\x3d\x20\x68\x74\x6d\x6c\x2e\x72\x65\x70\x6c\x61\x63\x65\x28\x2f\x5e\x23\x23\x20\x28\x2e\x2b\x29\x24\x2f\x67\x6d\x2c\x20\x27\x3c\x68\x32\x20\x63\x6c\x61\x73\x73\x3d"markdown-h2"\x3e\x24\x31\x3c\x2f\x68\x32\x3e\x27\x29\x3b\x0a\x20\x20\x20\x20\x68\x74\x6d\x6c\x20\x3d\x20\x68\x74\x6d\x6c\x2e\x72\x65\x70\x6c\x61\x63\x65\x28\x2f\x5e\x23\x20\x28\x2e\x2b\x29\x24\x2f\x67\x6d\x2c\x20\x27\x3c\x68\x31\x20\x63\x6c\x61\x73\x73\x3d"markdown-h1"\x3e\x24\x31\x3c\x2f\x68\x31\x3e\x27\x29\x3b\x0a\x0a\x20\x20\x20\x20\x2f\x2f\x20\x4c\x69\x6e\x6b\x73\x0a\x20\x20\x20\x20\x68\x74\x6d\x6c\x20\x3d\x20\x68\x74\x6d\x6c\x2e\x72\x65\x70\x6c\x61\x63\x65\x28\x2f\x5c\x5b\x28\x5b\x5e\x5c\x5d\x5d\x2b\x29\x5c\x5d\x5c\x28\x28\x5b\x5e\x29\x5d\x2b\x29\x5c\x29\x2f\x67\x2c\x0a\x20\x20\x20\x20\x20\x20\x20\x20\x27\x3c\x61\x20\x68\x72\x65\x66\x3d"$2"\x20\x74\x61\x72\x67\x65\x74\x3d"_blank"\x20\x72\x65\x6c\x3d"noopener noreferrer"\x20\x63\x6c\x61\x73\x73\x3d"markdown-link"\x3e\x24\x31\x3c\x2f\x61\x3e\x27\x0a\x20\x20\x20\x20\x29\x3b\x0a\x0a\x20\x20\x20\x20\x2f\x2f\x20\x55\x6e\x6f\x72\x64\x65\x72\x65\x64\x20\x4c\x69\x73\x74\x73\x0a\x20\x20\x20\x20\x68\x74\x6d\x6c\x20\x3d\x20\x68\x74\x6d\x6c\x2e\x72\x65\x70\x6c\x61\x63\x65\x28\x2f\x5e\x5b\x20\x5c\x74\x5d\x2a\x5b\x2d\x2a\x2b\x5d\x20\x28\x2e\x2b\x29\x24\x2f\x67\x6d\x2c\x20\x27\x3c\x6c\x69\x20\x63\x6c\x61\x73\x73\x3d"ul-item"\x3e\x24\x31\x3c\x2f\x6c\x69\x3e\x27\x29\x3b\x0a\x20\x20\x20\x20\x68\x74\x6d\x6c\x20\x3d\x20\x68\x74\x6d\x6c\x2e\x72\x65\x70\x6c\x61\x63\x65\x28\x2f\x28\x28\x3f\x3a\x3c\x6c\x69\x20\x63\x6c\x61\x73\x73\x3d"ul-item"\x3e\x2e\x2a\x3c\x5c\x2f\x6c\x69\x3e\x5c\x73\x2a\x29\x2b\x29\x2f\x67\x2c\x20\x27\x3c\x75\x6c\x20\x63\x6c\x61\x73\x73\x3d"markdown-list"\x3e\x24\x31\x3c\x2f\x75\x6c\x3e\x27\x29\x3b\x0a\x20\x20\x20\x20\x68\x74\x6d\x6c\x20\x3d\x20\x68\x74\x6d\x6c\x2e\x72\x65\x70\x6c\x61\x63\x65\x28\x2f\x5c\x73\x2a\x63\x6c\x61\x73\x73\x3d"ul-item"\x2f\x67\x2c\x20\x27\x27\x29\x3b\x0a\x0a\x20\x20\x20\x20\x2f\x2f\x20\x4f\x72\x64\x65\x72\x65\x64\x20\x4c\x69\x73\x74\x73\x0a\x20\x20\x20\x20\x68\x74\x6d\x6c\x20\x3d\x20\x68\x74\x6d\x6c\x2e\x72\x65\x70\x6c\x61\x63\x65\x28\x2f\x5e\x5b\x20\x5c\x74\x5d\x2a\x28\x5c\x64\x2b\x29\x5c\x2e\x20\x28\x2e\x2b\x29\x24\x2f\x67\x6d\x2c\x20\x27\x3c\x6c\x69\x20\x63\x6c\x61\x73\x73\x3d"ol-item"\x3e\x24\x31\x3c\x2f\x6c\x69\x3e\x27\x29\x3b\x0a\x20\x20\x20\x20\x68\x74\x6d\x6c\x20\x3d\x20\x68\x74\x6d\x6c\x2e\x72\x65\x70\x6c\x61\x63\x65\x28\x2f\x28\x28\x3f\x3a\x3c\x6c\x69\x20\x63\x6c\x61\x73\x73\x3d"ol-item"\x3e\x2e\x2a\x3c\x5c\x2f\x6c\x69\x3e\x5c\x73\x2a\x29\x2b\x29\x2f\x67\x2c\x20\x27\x3c\x6f\x6c\x20\x63\x6c\x61\x73\x73\x3d"markdown-list"\x3e\x24\x31\x3c\x2f\x6f\x6c\x3e\x27\x29\x3b\x0a\x20\x20\x20\x20\x68\x74\x6d\x6c\x20\x3d\x20\x68\x74\x6d\x6c\x2e\x72\x65\x70\x6c\x61\x63\x65\x28\x2f\x5c\x73\x2a\x63\x6c\x61\x73\x73\x3d"ol-item"\x2f\x67\x2c\x20\x27\x27\x29\x3b\x0a\x0a\x20\x20\x20\x20\x2f\x2f\x20\x42\x6c\x6f\x63\x6b\x71\x75\x6f\x74\x65\x73\x0a\x20\x20\x20\x20\x68\x74\x6d\x6c\x20\x3d\x20\x68\x74\x6d\x6c\x2e\x72\x65\x70\x6c\x61\x63\x65\x28\x2f\x5e\x26\x67\x74\x3b\x20\x28\x2e\x2b\x29\x24\x2f\x67\x6d\x2c\x20\x27\x3c\x62\x6c\x6f\x63\x6b\x71\x75\x6f\x74\x65\x20\x63\x6c\x61\x73\x73\x3d"markdown-blockquote"\x3e\x24\x31\x3c\x2f\x62\x6c\x6f\x63\x6b\x71\x75\x6f\x74\x65\x3e\x27\x29\x3b\x0a\x0a\x20\x20\x20\x20\x2f\x2f\x20\x48\x6f\x72\x69\x7a\x6f\x6e\x74\x61\x6c\x20\x52\x75\x6c\x65\x73\x0a\x20\x20\x20\x20\x68\x74\x6d\x6c\x20\x3d\x20\x68\x74\x6d\x6c\x2e\x72\x65\x70\x6c\x61\x63\x65\x28\x2f\x5e\x2d\x2d\x2d\x24\x2f\x67\x6d\x2c\x20\x27\x3c\x68\x72\x20\x63\x6c\x61\x73\x73\x3d"markdown-hr"\x3e\x27\x29\x3b\x0a\x20\x20\x20\x20\x68\x74\x6d\x6c\x20\x3d\x20\x68\x74\x6d\x6c\x2e\x72\x65\x70\x6c\x61\x63\x65\x28\x2f\x5e\x5c\x2a\x5c\x2a\x5c\x2a\x24\x2f\x67\x6d\x2c\x20\x27\x3c\x68\x72\x20\x63\x6c\x61\x73\x73\x3d"markdown-hr"\x3e\x27\x29\x3b\x0a\x20\x20\x20\x20\x68\x74\x6d\x6c\x20\x3d\x20\x68\x74\x6d\x6c\x2e\x72\x65\x70\x6c\x61\x63\x65\x28\x2f\x5e\x5f\x5f\x5f\x24\x2f\x67\x6d\x2c\x20\x27\x3c\x68\x72\x20\x63\x6c\x61\x73\x73\x3d"markdown-hr"\x3e\x27\x29\x3b\x0a\x0a\x20\x20\x20\x20\x2f\x2f\x20\x50\x61\x72\x61\x67\x72\x61\x70\x68\x73\x20\x26\x20\x4c\x69\x6e\x65\x20\x42\x72\x65\x61\x6b\x73\x0a\x20\x20\x20\x20\x68\x74\x6d\x6c\x20\x3d\x20\x68\x74\x6d\x6c\x2e\x72\x65\x70\x6c\x61\x63\x65\x28\x2f\x5c\x6e\x5c\x6e\x2b\x2f\x67\x2c\x20\x27\x3c\x2f\x70\x3e\x3c\x70\x20\x63\x6c\x61\x73\x73\x3d"markdown-paragraph"\x3e\x27\x29\x3b\x0a\x20\x20\x20\x20\x68\x74\x6d\x6c\x20\x3d\x20\x68\x74\x6d\x6c\x2e\x72\x65\x70\x6c\x61\x63\x65\x28\x2f\x5c\x6e\x2f\x67\x2c\x20\x27\x3c\x62\x72\x3e\x27\x29\x3b\x0a\x0a\x20\x20\x20\x20\x69\x66\x20\x28\x21\x68\x74\x6d\x6c\x2e\x73\x74\x61\x72\x74\x73\x57\x69\x74\x68\x28\x27\x3c\x70\x27\x29\x20\x26\x26\x20\x21\x68\x74\x6d\x6c\x2e\x73\x74\x61\x72\x74\x73\x57\x69\x74\x68\x28\x27\x3c\x68\x27\x29\x20\x26\x26\x20\x21\x68\x74\x6d\x6c\x2e\x73\x74\x61\x72\x74\x73\x57\x69\x74\x68\x28\x27\x3c\x75\x6c\x27\x29\x20\x26\x26\x20\x21\x68\x74\x6d\x6c\x2e\x73\x74\x61\x72\x74\x73\x57\x69\x74\x68\x28\x27\x3c\x6f\x6c\x27\x29\x20\x26\x26\x20\x21\x68\x74\x6d\x6c\x2e\x73\x74\x61\x72\x74\x73\x57\x69\x74\x68\x28\x27\x3c\x62\x6c\x6f\x63\x6b\x71\x75\x6f\x74\x65\x27\x29\x29\x20\x7b\x0a\x20\x20\x20\x20\x20\x20\x20\x20\x68\x74\x6d\x6c\x20\x3d\x20\x60\x3c\x70\x20\x63\x6c\x61\x73\x73\x3d"markdown-paragraph"\x3e\x24\x7b\x68\x74\x6d\x6c\x7d\x3c\x2f\x70\x3e\x60\x3b\x0a\x20\x20\x20\x20\x7d\x0a\x0a\x20\x20\x20\x20\x2f\x2f\x20\x43\x6c\x65\x61\x6e\x20\x75\x70\x20\x65\x78\x63\x65\x73\x73\x69\x76\x65\x20\x3c\x62\x72\x3e\x20\x74\x61\x67\x73\x20\x61\x72\x6f\x75\x6e\x64\x20\x62\x6c\x6f\x63\x6b\x20\x65\x6c\x65\x6d\x65\x6e\x74\x73\x0a\x20\x20\x20\x20\x68\x74\x6d\x6c\x20\x3d\x20\x68\x74\x6d\x6c\x2e\x72\x65\x70\x6c\x61\x63\x65\x28\x2f\x28\x3f\x3a\x3c\x62\x72\x5c\x73\x2a\x5c\x2f\x3f\x3e\x5c\x73\x2a\x29\x7b\x32\x2c\x7d\x2f\x67\x69\x2c\x20\x27\x3c\x62\x72\x3e\x27\x29\x3b\x0a\x20\x20\x20\x20\x68\x74\x6d\x6c\x20\x3d\x20\x68\x74\x6d\x6c\x2e\x72\x65\x70\x6c\x61\x63\x65\x28\x2f\x3c\x28\x68\x5b\x31\x2d\x36\x5d\x7c\x75\x6c\x7c\x6f\x6c\x7c\x6c\x69\x7c\x62\x6c\x6f\x63\x6b\x71\x75\x6f\x74\x65\x7c\x64\x69\x76\x7c\x70\x7c\x68\x72\x29\x5b\x5e\x3e\x5d\x2a\x3e\x5c\x73\x2a\x3c\x62\x72\x5c\x73\x2a\x5c\x2f\x3f\x3e\x2f\x67\x69\x2c\x20\x27\x3c\x24\x31\x3e\x27\x29\x3b\x0a\x20\x20\x20\x20\x68\x74\x6d\x6c\x20\x3d\x20\x68\x74\x6d\x6c\x2e\x72\x65\x70\x6c\x61\x63\x65\x28\x2f\x3c\x62\x72\x5c\x73\x2a\x5c\x2f\x3f\x3e\x5c\x73\x2a\x3c\x5c\x2f\x28\x68\x5b\x31\x2d\x36\x5d\x7c\x75\x6c\x7c\x6f\x6c\x7c\x6c\x69\x7c\x62\x6c\x6f\x63\x6b\x71\x75\x6f\x74\x65\x7c\x64\x69\x76\x7c\x70\x29\x3e\x2f\x67\x69\x2c\x20\x27\x3c\x2f\x24\x31\x3e\x27\x29\x3b\x0a\x20\x20\x20\x20\x68\x74\x6d\x6c\x20\x3d\x20\x68\x74\x6d\x6c\x2e\x72\x65\x70\x6c\x61\x63\x65\x28\x2f\x3c\x5c\x2f\x28\x68\x5b\x31\x2d\x36\x5d\x7c\x75\x6c\x7c\x6f\x6c\x7c\x62\x6c\x6f\x63\x6b\x71\x75\x6f\x74\x65\x7c\x64\x69\x76\x7c\x68\x72\x29\x3e\x5c\x73\x2a\x3c\x62\x72\x5c\x73\x2a\x5c\x2f\x3f\x3e\x2f\x67\x69\x2c\x20\x27\x3c\x2f\x24\x31\x3e\x27\x29\x3b\x0a\x0a\x20\x20\x20\x20\x2f\x2f\x20\x52\x65\x2d\x69\x6e\x73\x65\x72\x74\x20\x43\x6f\x64\x65\x20\x42\x6c\x6f\x63\x6b\x73\x0a\x20\x20\x20\x20\x68\x74\x6d\x6c\x20\x3d\x20\x68\x74\x6d\x6c\x2e\x72\x65\x70\x6c\x61\x63\x65\x28\x2f\x5c\x75\x30\x30\x30\x30\x43\x4f\x44\x45\x42\x4c\x4f\x43\x4b\x28\x5c\x64\x2b\x29\x5c\x75\x30\x30\x30\x30\x2f\x67\x2c\x20\x28\x6d\x61\x74\x63\x68\x2c\x20\x69\x64\x78\x29\x20\x3d\x3e\x20\x7b\x0a\x20\x20\x20\x20\x20\x20\x20\x20\x63\x6f\x6e\x73\x74\x20\x7b\x20\x6c\x61\x6e\x67\x2c\x20\x63\x6f\x64\x65\x20\x7d\x20\x3d\x20\x63\x6f\x64\x65\x42\x6c\x6f\x63\x6b\x73\x5b\x4e\x75\x6d\x62\x65\x72\x28\x69\x64\x78\x29\x5d\x3b\x0a\x20\x20\x20\x20\x20\x20\x20\x20\x72\x65\x74\x75\x72\x6e\x20\x72\x65\x6e\x64\x65\x72\x43\x6f\x64\x65\x42\x6c\x6f\x63\x6b\x28\x6c\x61\x6e\x67\x2c\x20\x63\x6f\x64\x65\x29\x3b\x0a\x20\x20\x20\x20\x7d\x29\x3b\x0a\x0a\x20\x20\x20\x20\x2f\x2f\x20\x52\x65\x2d\x69\x6e\x73\x65\x72\x74\x20\x54\x61\x62\x6c\x65\x73\x0a\x20\x20\x20\x20\x68\x74\x6d\x6c\x20\x3d\x20\x68\x74\x6d\x6c\x2e\x72\x65\x70\x6c\x61\x63\x65\x28\x2f\x28\x3f\x3a\x3c\x70\x20\x63\x6c\x61\x73\x73\x3d"markdown-paragraph"\x3e\x29\x3f\x5c\x75\x30\x30\x30\x30\x54\x41\x42\x4c\x45\x28\x5c\x64\x2b\x29\x5c\x75\x30\x30\x30\x30\x28\x3f\x3a\x3c\x5c\x2f\x70\x3e\x29\x3f\x2f\x67\x2c\x20\x28\x6d\x61\x74\x63\x68\x2c\x20\x69\x64\x78\x29\x20\x3d\x3e\x20\x7b\x0a\x20\x20\x20\x20\x20\x20\x20\x20\x63\x6f\x6e\x73\x74\x20\x7b\x20\x68\x65\x61\x64\x65\x72\x73\x2c\x20\x72\x6f\x77\x73\x20\x7d\x20\x3d\x20\x74\x61\x62\x6c\x65\x73\x5b\x4e\x75\x6d\x62\x65\x72\x28\x69\x64\x78\x29\x5d\x3b\x0a\x20\x20\x20\x20\x20\x20\x20\x20\x72\x65\x74\x75\x72\x6e\x20\x72\x65\x6e\x64\x65\x72\x54\x61\x62\x6c\x65\x28\x68\x65\x61\x64\x65\x72\x73\x2c\x20\x72\x6f\x77\x73\x29\x3b\x0a\x20\x20\x20\x20\x7d\x29\x3b\x0a\x0a\x20\x20\x20\x20\x2f\x2f\x20\x52\x65\x2d\x69\x6e\x73\x65\x72\x74\x20\x43\x61\x6c\x6c\x6f\x75\x74\x73\x0a\x20\x20\x20\x20\x68\x74\x6d\x6c\x20\x3d\x20\x68\x74\x6d\x6c\x2e\x72\x65\x70\x6c\x61\x63\x65\x28\x2f\x28\x3f\x3a\x3c\x70\x20\x63\x6c\x61\x73\x73\x3d"markdown-paragraph"\x3e\x29\x3f\x5c\x75\x30\x30\x30\x30\x43\x41\x4c\x4c\x4f\x55\x54\x28\x5c\x64\x2b\x29\x5c\x75\x30\x30\x30\x30\x28\x3f\x3a\x3c\x5c\x2f\x70\x3e\x29\x3f\x2f\x67\x2c\x20\x28\x6d\x61\x74\x63\x68\x2c\x20\x69\x64\x78\x29\x20\x3d\x3e\x20\x7b\x0a\x20\x20\x20\x20\x20\x20\x20\x20\x63\x6f\x6e\x73\x74\x20\x7b\x20\x74\x79\x70\x65\x2c\x20\x74\x65\x78\x74\x20\x7d\x20\x3d\x20\x63\x61\x6c\x6c\x6f\x75\x74\x73\x5b\x4e\x75\x6d\x62\x65\x72\x28\x69\x64\x78\x29\x5d\x3b\x0a\x20\x20\x20\x20\x20\x20\x20\x20\x72\x65\x74\x75\x72\x6e\x20\x72\x65\x6e\x64\x65\x72\x43\x61\x6c\x6c\x6f\x75\x74\x28\x74\x79\x70\x65\x2c\x20\x74\x65\x78\x74\x29\x3b\x0a\x20\x20\x20\x20\x7d\x29\x3b\x0a\x0a\x20\x20\x20\x20\x72\x65\x74\x75\x72\x6e\x20\x68\x74\x6d\x6c\x3b\x0a\x7d\x0a\x0a\x66\x75\x6e\x63\x74\x69\x6f\x6e\x20\x72\x65\x6e\x64\x65\x72\x43\x6f\x64\x65\x42\x6c\x6f\x63\x6b\x28\x6c\x61\x6e\x67\x2c\x20\x63\x6f\x64\x65\x29\x20\x7b\x0a\x20\x20\x20\x20\x63\x6f\x6e\x73\x74\x20\x5f\x53\x5a\x75\x59\x62\x72\x20\x3d\x20\x65\x73\x63\x61\x70\x65\x48\x74\x6d\x6c\x28\x63\x6f\x64\x65\x29\x3b\x0a\x20\x20\x20\x20\x63\x6f\x6e\x73\x74\x20\x5f\x4b\x4e\x47\x58\x79\x61\x6e\x20\x3d\x20\x6c\x61\x6e\x67\x20\x3d\x3d\x3d\x20\x27\x70\x6c\x61\x69\x6e\x74\x65\x78\x74\x27\x20\x3f\x20\x27\x54\x65\x78\x74\x27\x20\x3a\x20\x6c\x61\x6e\x67\x2e\x74\x6f\x55\x70\x70\x65\x72\x43\x61\x73\x65\x28\x29\x3b\x0a\x20\x20\x20\x20\x63\x6f\x6e\x73\x74\x20\x5f\x6e\x4c\x41\x78\x73\x4f\x47\x6a\x20\x3d\x20\x63\x6f\x64\x65\x2e\x73\x70\x6c\x69\x74\x28\x27\x5c\x6e\x27\x29\x2e\x6c\x65\x6e\x67\x74\x68\x3b\x0a\x20\x20\x20\x20\x63\x6f\x6e\x73\x74\x20\x5f\x50\x58\x55\x42\x61\x20\x3d\x20\x63\x6f\x64\x65\x2e\x6c\x65\x6e\x67\x74\x68\x3b\x0a\x0a\x20\x20\x20\x20\x72\x65\x74\x75\x72\x6e\x20\x60\x0a\x20\x20\x20\x20\x20\x20\x20\x20\x3c\x64\x69\x76\x20\x63\x6c\x61\x73\x73\x3d"code-block"\x20\x64\x69\x72\x3d"ltr"\x3e\x0a\x20\x20\x20\x20\x20\x20\x20\x20\x20\x20\x20\x20\x3c\x64\x69\x76\x20\x63\x6c\x61\x73\x73\x3d"code-block-header"\x3e\x0a\x20\x20\x20\x20\x20\x20\x20\x20\x20\x20\x20\x20\x20\x20\x20\x20\x3c\x64\x69\x76\x20\x63\x6c\x61\x73\x73\x3d"code-block-dots"\x3e\x0a\x20\x20\x20\x20\x20\x20\x20\x20\x20\x20\x20\x20\x20\x20\x20\x20\x20\x20\x20\x20\x3c\x73\x70\x61\x6e\x3e\x3c\x2f\x73\x70\x61\x6e\x3e\x0a\x20\x20\x20\x20\x20\x20\x20\x20\x20\x20\x20\x20\x20\x20\x20\x20\x20\x20\x20\x20\x3c\x73\x70\x61\x6e\x3e\x3c\x2f\x73\x70\x61\x6e\x3e\x0a\x20\x20\x20\x20\x20\x20\x20\x20\x20\x20\x20\x20\x20\x20\x20\x20\x20\x20\x20\x20\x3c\x73\x70\x61\x6e\x3e\x3c\x2f\x73\x70\x61\x6e\x3e\x0a\x20\x20\x20\x20\x20\x20\x20\x20\x20\x20\x20\x20\x20\x20\x20\x20\x3c\x2f\x64\x69\x76\x3e\x0a\x20\x20\x20\x20\x20\x20\x20\x20\x20\x20\x20\x20\x20\x20\x20\x20\x3c\x73\x70\x61\x6e\x20\x63\x6c\x61\x73\x73\x3d"code-block-lang"\x3e\x0a\x20\x20\x20\x20\x20\x20\x20\x20\x20\x20\x20\x20\x20\x20\x20\x20\x20\x20\x20\x20\x3c\x73\x76\x67\x20\x77\x69\x64\x74\x68\x3d"14"\x20\x68\x65\x69\x67\x68\x74\x3d"14"\x20\x76\x69\x65\x77\x42\x6f\x78\x3d"0 0 24 24"\x20\x66\x69\x6c\x6c\x3d"none"\x20\x73\x74\x72\x6f\x6b\x65\x3d"currentColor"\x20\x73\x74\x72\x6f\x6b\x65\x2d\x77\x69\x64\x74\x68\x3d"2"\x20\x73\x74\x72\x6f\x6b\x65\x2d\x6c\x69\x6e\x65\x63\x61\x70\x3d"round"\x20\x73\x74\x72\x6f\x6b\x65\x2d\x6c\x69\x6e\x65\x6a\x6f\x69\x6e\x3d"round"\x3e\x0a\x20\x20\x20\x20\x20\x20\x20\x20\x20\x20\x20\x20\x20\x20\x20\x20\x20\x20\x20\x20\x20\x20\x20\x20\x3c\x70\x6f\x6c\x79\x6c\x69\x6e\x65\x20\x70\x6f\x69\x6e\x74\x73\x3d"16 18 22 12 16 6"\x2f\x3e\x0a\x20\x20\x20\x20\x20\x20\x20\x20\x20\x20\x20\x20\x20\x20\x20\x20\x20\x20\x20\x20\x20\x20\x20\x20\x3c\x70\x6f\x6c\x79\x6c\x69\x6e\x65\x20\x70\x6f\x69\x6e\x74\x73\x3d"8 6 2 12 8 18"\x2f\x3e\x0a\x20\x20\x20\x20\x20\x20\x20\x20\x20\x20\x20\x20\x20\x20\x20\x20\x20\x20\x20\x20\x3c\x2f\x73\x76\x67\x3e\x0a\x20\x20\x20\x20\x20\x20\x20\x20\x20\x20\x20\x20\x20\x20\x20\x20\x20\x20\x20\x20\x24\x7b\x65\x73\x63\x61\x70\x65\x48\x74\x6d\x6c\x28\x6c\x61\x6e\x67\x44\x69\x73\x70\x6c\x61\x79\x29\x7d\x0a\x20\x20\x20\x20\x20\x20\x20\x20\x20\x20\x20\x20\x20\x20\x20\x20\x3c\x2f\x73\x70\x61\x6e\x3e\x0a\x20\x20\x20\x20\x20\x20\x20\x20\x20\x20\x20\x20\x20\x20\x20\x20\x3c\x62\x75\x74\x74\x6f\x6e\x20\x63\x6c\x61\x73\x73\x3d"code-block-copy"\x20\x74\x79\x70\x65\x3d"button"\x3e\x0a\x20\x20\x20\x20\x20\x20\x20\x20\x20\x20\x20\x20\x20\x20\x20\x20\x20\x20\x20\x20\x3c\x73\x76\x67\x20\x77\x69\x64\x74\x68\x3d"13"\x20\x68\x65\x69\x67\x68\x74\x3d"13"\x20\x76\x69\x65\x77\x42\x6f\x78\x3d"0 0 24 24"\x20\x66\x69\x6c\x6c\x3d"none"\x20\x73\x74\x72\x6f\x6b\x65\x3d"currentColor"\x20\x73\x74\x72\x6f\x6b\x65\x2d\x77\x69\x64\x74\x68\x3d"2"\x20\x73\x74\x72\x6f\x6b\x65\x2d\x6c\x69\x6e\x65\x63\x61\x70\x3d"round"\x20\x73\x74\x72\x6f\x6b\x65\x2d\x6c\x69\x6e\x65\x6a\x6f\x69\x6e\x3d"round"\x3e\x0a\x20\x20\x20\x20\x20\x20\x20\x20\x20\x20\x20\x20\x20\x20\x20\x20\x20\x20\x20\x20\x20\x20\x20\x20\x3c\x72\x65\x63\x74\x20\x78\x3d"9"\x20\x79\x3d"9"\x20\x77\x69\x64\x74\x68\x3d"13"\x20\x68\x65\x69\x67\x68\x74\x3d"13"\x20\x72\x78\x3d"2"\x2f\x3e\x0a\x20\x20\x20\x20\x20\x20\x20\x20\x20\x20\x20\x20\x20\x20\x20\x20\x20\x20\x20\x20\x20\x20\x20\x20\x3c\x70\x61\x74\x68\x20\x64\x3d"M5 15H4a2 2 0 0 1-2-2V4a2 2 0 0 1 2-2h9a2 2 0 0 1 2 2v1"\x2f\x3e\x0a\x20\x20\x20\x20\x20\x20\x20\x20\x20\x20\x20\x20\x20\x20\x20\x20\x20\x20\x20\x20\x3c\x2f\x73\x76\x67\x3e\x0a\x20\x20\x20\x20\x20\x20\x20\x20\x20\x20\x20\x20\x20\x20\x20\x20\x20\x20\x20\x20\x3c\x73\x70\x61\x6e\x3e\x43\x6f\x70\x79\x3c\x2f\x73\x70\x61\x6e\x3e\x0a\x20\x20\x20\x20\x20\x20\x20\x20\x20\x20\x20\x20\x20\x20\x20\x20\x3c\x2f\x62\x75\x74\x74\x6f\x6e\x3e\x0a\x20\x20\x20\x20\x20\x20\x20\x20\x20\x20\x20\x20\x3c\x2f\x64\x69\x76\x3e\x0a\x20\x20\x20\x20\x20\x20\x20\x20\x20\x20\x20\x20\x3c\x70\x72\x65\x3e\x3c\x63\x6f\x64\x65\x20\x63\x6c\x61\x73\x73\x3d"language-${escapeHtml(lang)}"\x3e\x24\x7b\x65\x73\x63\x61\x70\x65\x64\x43\x6f\x64\x65\x7d\x3c\x2f\x63\x6f\x64\x65\x3e\x3c\x2f\x70\x72\x65\x3e\x0a\x20\x20\x20\x20\x20\x20\x20\x20\x20\x20\x20\x20\x3c\x64\x69\x76\x20\x63\x6c\x61\x73\x73\x3d"code-block-footer"\x3e\x0a\x20\x20\x20\x20\x20\x20\x20\x20\x20\x20\x20\x20\x20\x20\x20\x20\x3c\x73\x70\x61\x6e\x3e\x24\x7b\x6c\x69\x6e\x65\x73\x7d\x20\x6c\x69\x6e\x65\x73\x3c\x2f\x73\x70\x61\x6e\x3e\x0a\x20\x20\x20\x20\x20\x20\x20\x20\x20\x20\x20\x20\x20\x20\x20\x20\x3c\x73\x70\x61\x6e\x3e\x24\x7b\x63\x68\x61\x72\x73\x7d\x20\x63\x68\x61\x72\x61\x63\x74\x65\x72\x73\x3c\x2f\x73\x70\x61\x6e\x3e\x0a\x20\x20\x20\x20\x20\x20\x20\x20\x20\x20\x20\x20\x3c\x2f\x64\x69\x76\x3e\x0a\x20\x20\x20\x20\x20\x20\x20\x20\x3c\x2f\x64\x69\x76\x3e\x0a\x20\x20\x20\x20\x60\x3b\x0a\x7d\x0a\x0a\x66\x75\x6e\x63\x74\x69\x6f\x6e\x20\x68\x69\x67\x68\x6c\x69\x67\x68\x74\x43\x6f\x64\x65\x42\x6c\x6f\x63\x6b\x73\x28\x63\x6f\x6e\x74\x61\x69\x6e\x65\x72\x29\x20\x7b\x0a\x20\x20\x20\x20\x63\x6f\x6e\x74\x61\x69\x6e\x65\x72\x2e\x71\x75\x65\x72\x79\x53\x65\x6c\x65\x63\x74\x6f\x72\x41\x6c\x6c\x28\x27\x2e\x63\x6f\x64\x65\x2d\x62\x6c\x6f\x63\x6b\x20\x63\x6f\x64\x65\x27\x29\x2e\x66\x6f\x72\x45\x61\x63\x68\x28\x63\x6f\x64\x65\x45\x6c\x20\x3d\x3e\x20\x7b\x0a\x20\x20\x20\x20\x20\x20\x20\x20\x69\x66\x20\x28\x77\x69\x6e\x64\x6f\x77\x2e\x68\x6c\x6a\x73\x29\x20\x7b\x0a\x20\x20\x20\x20\x20\x20\x20\x20\x20\x20\x20\x20\x74\x72\x79\x20\x7b\x0a\x20\x20\x20\x20\x20\x20\x20\x20\x20\x20\x20\x20\x20\x20\x20\x20\x77\x69\x6e\x64\x6f\x77\x2e\x68\x6c\x6a\x73\x2e\x68\x69\x67\x68\x6c\x69\x67\x68\x74\x45\x6c\x65\x6d\x65\x6e\x74\x28\x63\x6f\x64\x65\x45\x6c\x29\x3b\x0a\x20\x20\x20\x20\x20\x20\x20\x20\x20\x20\x20\x20\x7d\x20\x63\x61\x74\x63\x68\x20\x28\x65\x29\x20\x7b\x7d\x0a\x20\x20\x20\x20\x20\x20\x20\x20\x7d\x0a\x20\x20\x20\x20\x7d\x29\x3b\x0a\x7d\x0a\x0a\x66\x75\x6e\x63\x74\x69\x6f\x6e\x20\x77\x69\x72\x65\x43\x6f\x64\x65\x42\x6c\x6f\x63\x6b\x43\x6f\x70\x79\x42\x75\x74\x74\x6f\x6e\x28\x62\x6c\x6f\x63\x6b\x29\x20\x7b\x0a\x20\x20\x20\x20\x63\x6f\x6e\x73\x74\x20\x5f\x77\x6e\x61\x76\x45\x47\x42\x20\x3d\x20\x62\x6c\x6f\x63\x6b\x2e\x71\x75\x65\x72\x79\x53\x65\x6c\x65\x63\x74\x6f\x72\x28\x27\x2e\x63\x6f\x64\x65\x2d\x62\x6c\x6f\x63\x6b\x2d\x63\x6f\x70\x79\x27\x29\x3b\x0a\x20\x20\x20\x20\x63\x6f\x6e\x73\x74\x20\x5f\x78\x4b\x45\x48\x6f\x55\x54\x20\x3d\x20\x62\x6c\x6f\x63\x6b\x2e\x71\x75\x65\x72\x79\x53\x65\x6c\x65\x63\x74\x6f\x72\x28\x27\x63\x6f\x64\x65\x27\x29\x3b\x0a\x20\x20\x20\x20\x69\x66\x20\x28\x63\x6f\x70\x79\x42\x74\x6e\x20\x26\x26\x20\x63\x6f\x64\x65\x45\x6c\x20\x26\x26\x20\x21\x63\x6f\x70\x79\x42\x74\x6e\x2e\x64\x61\x74\x61\x73\x65\x74\x2e\x77\x69\x72\x65\x64\x29\x20\x7b\x0a\x20\x20\x20\x20\x20\x20\x20\x20\x63\x6f\x70\x79\x42\x74\x6e\x2e\x64\x61\x74\x61\x73\x65\x74\x2e\x77\x69\x72\x65\x64\x20\x3d\x20\x27\x31\x27\x3b\x0a\x20\x20\x20\x20\x20\x20\x20\x20\x63\x6f\x70\x79\x42\x74\x6e\x2e\x61\x64\x64\x45\x76\x65\x6e\x74\x4c\x69\x73\x74\x65\x6e\x65\x72\x28\x27\x63\x6c\x69\x63\x6b\x27\x2c\x20\x28\x29\x20\x3d\x3e\x20\x7b\x0a\x20\x20\x20\x20\x20\x20\x20\x20\x20\x20\x20\x20\x63\x6f\x6e\x73\x74\x20\x5f\x67\x58\x6d\x20\x3d\x20\x63\x6f\x64\x65\x45\x6c\x2e\x74\x65\x78\x74\x43\x6f\x6e\x74\x65\x6e\x74\x3b\x0a\x20\x20\x20\x20\x20\x20\x20\x20\x20\x20\x20\x20\x63\x6f\x70\x79\x54\x6f\x43\x6c\x69\x70\x62\x6f\x61\x72\x64\x28\x74\x65\x78\x74\x29\x2e\x74\x68\x65\x6e\x28\x28\x29\x20\x3d\x3e\x20\x7b\x0a\x20\x20\x20\x20\x20\x20\x20\x20\x20\x20\x20\x20\x20\x20\x20\x20\x63\x6f\x6e\x73\x74\x20\x5f\x47\x68\x45\x72\x6b\x76\x20\x3d\x20\x63\x6f\x70\x79\x42\x74\x6e\x2e\x71\x75\x65\x72\x79\x53\x65\x6c\x65\x63\x74\x6f\x72\x28\x27\x73\x70\x61\x6e\x27\x29\x3b\x0a\x20\x20\x20\x20\x20\x20\x20\x20\x20\x20\x20\x20\x20\x20\x20\x20\x63\x6f\x6e\x73\x74\x20\x5f\x46\x76\x43\x20\x3d\x20\x6c\x61\x62\x65\x6c\x2e\x74\x65\x78\x74\x43\x6f\x6e\x74\x65\x6e\x74\x3b\x0a\x20\x20\x20\x20\x20\x20\x20\x20\x20\x20\x20\x20\x20\x20\x20\x20\x6c\x61\x62\x65\x6c\x2e\x74\x65\x78\x74\x43\x6f\x6e\x74\x65\x6e\x74\x20\x3d\x20\x27\x43\x6f\x70\x69\x65\x64\x21\x27\x3b\x0a\x20\x20\x20\x20\x20\x20\x20\x20\x20\x20\x20\x20\x20\x20\x20\x20\x63\x6f\x70\x79\x42\x74\x6e\x2e\x63\x6c\x61\x73\x73\x4c\x69\x73\x74\x2e\x61\x64\x64\x28\x27\x63\x6f\x70\x69\x65\x64\x27\x29\x3b\x0a\x20\x20\x20\x20\x20\x20\x20\x20\x20\x20\x20\x20\x20\x20\x20\x20\x73\x65\x74\x54\x69\x6d\x65\x6f\x75\x74\x28\x28\x29\x20\x3d\x3e\x20\x7b\x0a\x20\x20\x20\x20\x20\x20\x20\x20\x20\x20\x20\x20\x20\x20\x20\x20\x20\x20\x20\x20\x6c\x61\x62\x65\x6c\x2e\x74\x65\x78\x74\x43\x6f\x6e\x74\x65\x6e\x74\x20\x3d\x20\x6f\x72\x69\x67\x69\x6e\x61\x6c\x3b\x0a\x20\x20\x20\x20\x20\x20\x20\x20\x20\x20\x20\x20\x20\x20\x20\x20\x20\x20\x20\x20\x63\x6f\x70\x79\x42\x74\x6e\x2e\x63\x6c\x61\x73\x73\x4c\x69\x73\x74\x2e\x72\x65\x6d\x6f\x76\x65\x28\x27\x63\x6f\x70\x69\x65\x64\x27\x29\x3b\x0a\x20\x20\x20\x20\x20\x20\x20\x20\x20\x20\x20\x20\x20\x20\x20\x20\x7d\x2c\x20\x31\x38\x30\x30\x29\x3b\x0a\x20\x20\x20\x20\x20\x20\x20\x20\x20\x20\x20\x20\x7d\x29\x3b\x0a\x20\x20\x20\x20\x20\x20\x20\x20\x7d\x29\x3b\x0a\x20\x20\x20\x20\x7d\x0a\x7d\x0a\x0a\x66\x75\x6e\x63\x74\x69\x6f\x6e\x20\x61\x64\x64\x43\x6f\x70\x79\x42\x75\x74\x74\x6f\x6e\x73\x54\x6f\x43\x6f\x64\x65\x42\x6c\x6f\x63\x6b\x73\x28\x63\x6f\x6e\x74\x61\x69\x6e\x65\x72\x29\x20\x7b\x0a\x20\x20\x20\x20\x63\x6f\x6e\x74\x61\x69\x6e\x65\x72\x2e\x71\x75\x65\x72\x79\x53\x65\x6c\x65\x63\x74\x6f\x72\x41\x6c\x6c\x28\x27\x2e\x63\x6f\x64\x65\x2d\x62\x6c\x6f\x63\x6b\x27\x29\x2e\x66\x6f\x72\x45\x61\x63\x68\x28\x77\x69\x72\x65\x43\x6f\x64\x65\x42\x6c\x6f\x63\x6b\x43\x6f\x70\x79\x42\x75\x74\x74\x6f\x6e\x29\x3b\x0a\x7d\x0a\x0a\x2f\x2f\x20\x2500\x2500\x2500\x20\x44\x4f\x4d\x20\x52\x65\x61\x64\x79\x20\x53\x65\x74\x75\x70\x20\x2500\x2500\x2500\x2500\x2500\x2500\x2500\x2500\x2500\x2500\x2500\x2500\x2500\x2500\x2500\x2500\x2500\x2500\x2500\x2500\x2500\x2500\x2500\x2500\x2500\x2500\x2500\x2500\x2500\x2500\x2500\x2500\x2500\x2500\x2500\x2500\x2500\x2500\x2500\x2500\x0a\x0a\x64\x6f\x63\x75\x6d\x65\x6e\x74\x2e\x61\x64\x64\x45\x76\x65\x6e\x74\x4c\x69\x73\x74\x65\x6e\x65\x72\x28\x27\x44\x4f\x4d\x43\x6f\x6e\x74\x65\x6e\x74\x4c\x6f\x61\x64\x65\x64\x27\x2c\x20\x28\x29\x20\x3d\x3e\x20\x7b\x0a\x20\x20\x20\x20\x61\x70\x70\x6c\x79\x4c\x61\x6e\x67\x75\x61\x67\x65\x28\x63\x75\x72\x72\x65\x6e\x74\x4c\x61\x6e\x67\x29\x3b\x0a\x20\x20\x20\x20\x73\x65\x74\x75\x70\x45\x76\x65\x6e\x74\x4c\x69\x73\x74\x65\x6e\x65\x72\x73\x28\x29\x3b\x0a\x20\x20\x20\x20\x61\x75\x74\x6f\x52\x65\x73\x69\x7a\x65\x54\x65\x78\x74\x61\x72\x65\x61\x28\x29\x3b\x0a\x20\x20\x20\x20\x63\x68\x61\x74\x49\x6e\x70\x75\x74\x2e\x66\x6f\x63\x75\x73\x28\x29\x3b\x0a\x20\x20\x20\x20\x73\x65\x74\x75\x70\x53\x63\x72\x6f\x6c\x6c\x4f\x62\x73\x65\x72\x76\x65\x72\x28\x29\x3b\x0a\x20\x20\x20\x20\x73\x65\x74\x75\x70\x53\x63\x72\x6f\x6c\x6c\x42\x6f\x74\x74\x6f\x6d\x42\x74\x6e\x28\x29\x3b\x0a\x20\x20\x20\x20\x73\x65\x74\x75\x70\x52\x65\x76\x65\x61\x6c\x4f\x62\x73\x65\x72\x76\x65\x72\x28\x29\x3b\x0a\x20\x20\x20\x20\x73\x65\x74\x75\x70\x4d\x6f\x75\x73\x65\x47\x6c\x6f\x77\x28\x29\x3b\x0a\x20\x20\x20\x20\x73\x65\x74\x75\x70\x43\x75\x73\x74\x6f\x6d\x43\x75\x72\x73\x6f\x72\x28\x29\x3b\x0a\x20\x20\x20\x20\x73\x65\x74\x75\x70\x50\x61\x72\x74\x69\x63\x6c\x65\x4e\x65\x74\x77\x6f\x72\x6b\x28\x29\x3b\x0a\x20\x20\x20\x20\x65\x6e\x73\x75\x72\x65\x45\x6d\x70\x74\x79\x53\x74\x61\x74\x65\x28\x29\x3b\x0a\x0a\x20\x20\x20\x20\x2f\x2f\x20\x44\x6f\x20\x4e\x4f\x54\x20\x61\x75\x74\x6f\x2d\x61\x64\x64\x20\x61\x20\x77\x65\x6c\x63\x6f\x6d\x65\x20\x6d\x65\x73\x73\x61\x67\x65\x20\x68\x65\x72\x65\x20\x2014\x20\x74\x68\x65\x20\x65\x6d\x70\x74\x79\x20\x73\x74\x61\x74\x65\x20\x61\x62\x6f\x76\x65\x0a\x20\x20\x20\x20\x2f\x2f\x20\x63\x6f\x76\x65\x72\x73\x20\x66\x69\x72\x73\x74\x2d\x6c\x6f\x61\x64\x3b\x20\x61\x20\x77\x65\x6c\x63\x6f\x6d\x65\x20\x6d\x65\x73\x73\x61\x67\x65\x20\x6f\x6e\x6c\x79\x20\x72\x65\x2d\x61\x70\x70\x65\x61\x72\x73\x20\x61\x66\x74\x65\x72\x20\x43\x6c\x65\x61\x72\x2e\x0a\x7d\x29\x3b\x0a\x0a\x2f\x2f\x20\x2500\x2500\x20\x53\x63\x72\x6f\x6c\x6c\x20\x52\x65\x76\x65\x61\x6c\x20\x28\x66\x61\x64\x65\x20\x2b\x20\x62\x6c\x75\x72\x20\x2b\x20\x74\x72\x61\x6e\x73\x6c\x61\x74\x65\x2c\x20\x49\x6e\x74\x65\x72\x73\x65\x63\x74\x69\x6f\x6e\x4f\x62\x73\x65\x72\x76\x65\x72\x29\x20\x2500\x2500\x0a\x0a\x6c\x65\x74\x20\x5f\x6d\x66\x4e\x51\x44\x20\x3d\x20\x6e\x75\x6c\x6c\x3b\x0a\x0a\x66\x75\x6e\x63\x74\x69\x6f\x6e\x20\x73\x65\x74\x75\x70\x52\x65\x76\x65\x61\x6c\x4f\x62\x73\x65\x72\x76\x65\x72\x28\x29\x20\x7b\x0a\x20\x20\x20\x20\x69\x66\x20\x28\x21\x28\x27\x49\x6e\x74\x65\x72\x73\x65\x63\x74\x69\x6f\x6e\x4f\x62\x73\x65\x72\x76\x65\x72\x27\x20\x69\x6e\x20\x77\x69\x6e\x64\x6f\x77\x29\x29\x20\x7b\x0a\x20\x20\x20\x20\x20\x20\x20\x20\x64\x6f\x63\x75\x6d\x65\x6e\x74\x2e\x71\x75\x65\x72\x79\x53\x65\x6c\x65\x63\x74\x6f\x72\x41\x6c\x6c\x28\x27\x2e\x72\x65\x76\x65\x61\x6c\x2d\x6f\x6e\x2d\x73\x63\x72\x6f\x6c\x6c\x27\x29\x2e\x66\x6f\x72\x45\x61\x63\x68\x28\x65\x6c\x20\x3d\x3e\x20\x65\x6c\x2e\x63\x6c\x61\x73\x73\x4c\x69\x73\x74\x2e\x61\x64\x64\x28\x27\x69\x73\x2d\x76\x69\x73\x69\x62\x6c\x65\x27\x29\x29\x3b\x0a\x20\x20\x20\x20\x20\x20\x20\x20\x72\x65\x74\x75\x72\x6e\x3b\x0a\x20\x20\x20\x20\x7d\x0a\x20\x20\x20\x20\x72\x65\x76\x65\x61\x6c\x4f\x62\x73\x65\x72\x76\x65\x72\x20\x3d\x20\x6e\x65\x77\x20\x49\x6e\x74\x65\x72\x73\x65\x63\x74\x69\x6f\x6e\x4f\x62\x73\x65\x72\x76\x65\x72\x28\x28\x65\x6e\x74\x72\x69\x65\x73\x29\x20\x3d\x3e\x20\x7b\x0a\x20\x20\x20\x20\x20\x20\x20\x20\x65\x6e\x74\x72\x69\x65\x73\x2e\x66\x6f\x72\x45\x61\x63\x68\x28\x65\x6e\x74\x72\x79\x20\x3d\x3e\x20\x7b\x0a\x20\x20\x20\x20\x20\x20\x20\x20\x20\x20\x20\x20\x69\x66\x20\x28\x65\x6e\x74\x72\x79\x2e\x69\x73\x49\x6e\x74\x65\x72\x73\x65\x63\x74\x69\x6e\x67\x29\x20\x7b\x0a\x20\x20\x20\x20\x20\x20\x20\x20\x20\x20\x20\x20\x20\x20\x20\x20\x65\x6e\x74\x72\x79\x2e\x74\x61\x72\x67\x65\x74\x2e\x63\x6c\x61\x73\x73\x4c\x69\x73\x74\x2e\x61\x64\x64\x28\x27\x69\x73\x2d\x76\x69\x73\x69\x62\x6c\x65\x27\x29\x3b\x0a\x20\x20\x20\x20\x20\x20\x20\x20\x20\x20\x20\x20\x20\x20\x20\x20\x72\x65\x76\x65\x61\x6c\x4f\x62\x73\x65\x72\x76\x65\x72\x2e\x75\x6e\x6f\x62\x73\x65\x72\x76\x65\x28\x65\x6e\x74\x72\x79\x2e\x74\x61\x72\x67\x65\x74\x29\x3b\x0a\x20\x20\x20\x20\x20\x20\x20\x20\x20\x20\x20\x20\x7d\x0a\x20\x20\x20\x20\x20\x20\x20\x20\x7d\x29\x3b\x0a\x20\x20\x20\x20\x7d\x2c\x20\x7b\x20\x74\x68\x72\x65\x73\x68\x6f\x6c\x64\x3a\x20\x30\x2e\x31\x32\x2c\x20\x72\x6f\x6f\x74\x4d\x61\x72\x67\x69\x6e\x3a\x20\x27\x30\x70\x78\x20\x30\x70\x78\x20\x2d\x34\x30\x70\x78\x20\x30\x70\x78\x27\x20\x7d\x29\x3b\x0a\x0a\x20\x20\x20\x20\x64\x6f\x63\x75\x6d\x65\x6e\x74\x2e\x71\x75\x65\x72\x79\x53\x65\x6c\x65\x63\x74\x6f\x72\x41\x6c\x6c\x28\x27\x2e\x72\x65\x76\x65\x61\x6c\x2d\x6f\x6e\x2d\x73\x63\x72\x6f\x6c\x6c\x27\x29\x2e\x66\x6f\x72\x45\x61\x63\x68\x28\x65\x6c\x20\x3d\x3e\x20\x72\x65\x76\x65\x61\x6c\x4f\x6e\x53\x63\x72\x6f\x6c\x6c\x28\x65\x6c\x29\x29\x3b\x0a\x7d\x0a\x0a\x66\x75\x6e\x63\x74\x69\x6f\x6e\x20\x72\x65\x76\x65\x61\x6c\x4f\x6e\x53\x63\x72\x6f\x6c\x6c\x28\x65\x6c\x29\x20\x7b\x0a\x20\x20\x20\x20\x69\x66\x20\x28\x21\x65\x6c\x29\x20\x72\x65\x74\x75\x72\x6e\x3b\x0a\x20\x20\x20\x20\x69\x66\x20\x28\x21\x72\x65\x76\x65\x61\x6c\x4f\x62\x73\x65\x72\x76\x65\x72\x29\x20\x7b\x0a\x20\x20\x20\x20\x20\x20\x20\x20\x65\x6c\x2e\x63\x6c\x61\x73\x73\x4c\x69\x73\x74\x2e\x61\x64\x64\x28\x27\x69\x73\x2d\x76\x69\x73\x69\x62\x6c\x65\x27\x29\x3b\x0a\x20\x20\x20\x20\x20\x20\x20\x20\x72\x65\x74\x75\x72\x6e\x3b\x0a\x20\x20\x20\x20\x7d\x0a\x20\x20\x20\x20\x72\x65\x76\x65\x61\x6c\x4f\x62\x73\x65\x72\x76\x65\x72\x2e\x6f\x62\x73\x65\x72\x76\x65\x28\x65\x6c\x29\x3b\x0a\x7d\x0a\x0a\x2f\x2f\x20\x2500\x2500\x20\x4d\x6f\x75\x73\x65\x20\x47\x6c\x6f\x77\x20\x28\x72\x61\x64\x69\x61\x6c\x20\x67\x6c\x6f\x77\x20\x74\x68\x61\x74\x20\x66\x6f\x6c\x6c\x6f\x77\x73\x20\x74\x68\x65\x20\x63\x75\x72\x73\x6f\x72\x29\x20\x2500\x2500\x2500\x2500\x2500\x2500\x2500\x2500\x2500\x2500\x2500\x2500\x0a\x0a\x66\x75\x6e\x63\x74\x69\x6f\x6e\x20\x73\x65\x74\x75\x70\x4d\x6f\x75\x73\x65\x47\x6c\x6f\x77\x28\x29\x20\x7b\x0a\x20\x20\x20\x20\x63\x6f\x6e\x73\x74\x20\x5f\x45\x45\x52\x6a\x43\x20\x3d\x20\x64\x6f\x63\x75\x6d\x65\x6e\x74\x2e\x67\x65\x74\x45\x6c\x65\x6d\x65\x6e\x74\x42\x79\x49\x64\x28\x27\x6d\x6f\x75\x73\x65\x47\x6c\x6f\x77\x27\x29\x3b\x0a\x20\x20\x20\x20\x69\x66\x20\x28\x21\x67\x6c\x6f\x77\x20\x7c\x7c\x20\x21\x77\x69\x6e\x64\x6f\x77\x2e\x6d\x61\x74\x63\x68\x4d\x65\x64\x69\x61\x28\x27\x28\x61\x6e\x79\x2d\x70\x6f\x69\x6e\x74\x65\x72\x3a\x20\x66\x69\x6e\x65\x29\x27\x29\x2e\x6d\x61\x74\x63\x68\x65\x73\x29\x20\x72\x65\x74\x75\x72\x6e\x3b\x0a\x0a\x20\x20\x20\x20\x6c\x65\x74\x20\x5f\x56\x7a\x6c\x69\x20\x3d\x20\x6e\x75\x6c\x6c\x3b\x0a\x20\x20\x20\x20\x6c\x65\x74\x20\x5f\x56\x51\x77\x41\x43\x65\x47\x66\x20\x3d\x20\x77\x69\x6e\x64\x6f\x77\x2e\x69\x6e\x6e\x65\x72\x57\x69\x64\x74\x68\x20\x2f\x20\x32\x3b\x0a\x20\x20\x20\x20\x6c\x65\x74\x20\x5f\x74\x70\x62\x44\x6c\x66\x4a\x6f\x20\x3d\x20\x77\x69\x6e\x64\x6f\x77\x2e\x69\x6e\x6e\x65\x72\x48\x65\x69\x67\x68\x74\x20\x2f\x20\x32\x3b\x0a\x20\x20\x20\x20\x6c\x65\x74\x20\x5f\x4b\x74\x42\x59\x20\x3d\x20\x74\x61\x72\x67\x65\x74\x58\x3b\x0a\x20\x20\x20\x20\x6c\x65\x74\x20\x5f\x59\x4d\x61\x66\x20\x3d\x20\x74\x61\x72\x67\x65\x74\x59\x3b\x0a\x0a\x20\x20\x20\x20\x66\x75\x6e\x63\x74\x69\x6f\x6e\x20\x61\x6e\x69\x6d\x61\x74\x65\x28\x29\x20\x7b\x0a\x20\x20\x20\x20\x20\x20\x20\x20\x63\x75\x72\x58\x20\x2b\x3d\x20\x28\x74\x61\x72\x67\x65\x74\x58\x20\x2d\x20\x63\x75\x72\x58\x29\x20\x2a\x20\x30\x2e\x31\x35\x3b\x0a\x20\x20\x20\x20\x20\x20\x20\x20\x63\x75\x72\x59\x20\x2b\x3d\x20\x28\x74\x61\x72\x67\x65\x74\x59\x20\x2d\x20\x63\x75\x72\x59\x29\x20\x2a\x20\x30\x2e\x31\x35\x3b\x0a\x20\x20\x20\x20\x20\x20\x20\x20\x67\x6c\x6f\x77\x2e\x73\x74\x79\x6c\x65\x2e\x74\x72\x61\x6e\x73\x66\x6f\x72\x6d\x20\x3d\x20\x60\x74\x72\x61\x6e\x73\x6c\x61\x74\x65\x33\x64\x28\x24\x7b\x63\x75\x72\x58\x7d\x70\x78\x2c\x20\x24\x7b\x63\x75\x72\x59\x7d\x70\x78\x2c\x20\x30\x29\x60\x3b\x0a\x20\x20\x20\x20\x20\x20\x20\x20\x72\x61\x66\x20\x3d\x20\x72\x65\x71\x75\x65\x73\x74\x41\x6e\x69\x6d\x61\x74\x69\x6f\x6e\x46\x72\x61\x6d\x65\x28\x61\x6e\x69\x6d\x61\x74\x65\x29\x3b\x0a\x20\x20\x20\x20\x7d\x0a\x0a\x20\x20\x20\x20\x77\x69\x6e\x64\x6f\x77\x2e\x61\x64\x64\x45\x76\x65\x6e\x74\x4c\x69\x73\x74\x65\x6e\x65\x72\x28\x27\x6d\x6f\x75\x73\x65\x6d\x6f\x76\x65\x27\x2c\x20\x28\x65\x29\x20\x3d\x3e\x20\x7b\x0a\x20\x20\x20\x20\x20\x20\x20\x20\x74\x61\x72\x67\x65\x74\x58\x20\x3d\x20\x65\x2e\x63\x6c\x69\x65\x6e\x74\x58\x3b\x0a\x20\x20\x20\x20\x20\x20\x20\x20\x74\x61\x72\x67\x65\x74\x59\x20\x3d\x20\x65\x2e\x63\x6c\x69\x65\x6e\x74\x59\x3b\x0a\x20\x20\x20\x20\x20\x20\x20\x20\x67\x6c\x6f\x77\x2e\x63\x6c\x61\x73\x73\x4c\x69\x73\x74\x2e\x61\x64\x64\x28\x27\x61\x63\x74\x69\x76\x65\x27\x29\x3b\x0a\x20\x20\x20\x20\x7d\x2c\x20\x7b\x20\x70\x61\x73\x73\x69\x76\x65\x3a\x20\x74\x72\x75\x65\x20\x7d\x29\x3b\x0a\x0a\x20\x20\x20\x20\x64\x6f\x63\x75\x6d\x65\x6e\x74\x2e\x61\x64\x64\x45\x76\x65\x6e\x74\x4c\x69\x73\x74\x65\x6e\x65\x72\x28\x27\x6d\x6f\x75\x73\x65\x6c\x65\x61\x76\x65\x27\x2c\x20\x28\x29\x20\x3d\x3e\x20\x67\x6c\x6f\x77\x2e\x63\x6c\x61\x73\x73\x4c\x69\x73\x74\x2e\x72\x65\x6d\x6f\x76\x65\x28\x27\x61\x63\x74\x69\x76\x65\x27\x29\x29\x3b\x0a\x0a\x20\x20\x20\x20\x72\x61\x66\x20\x3d\x20\x72\x65\x71\x75\x65\x73\x74\x41\x6e\x69\x6d\x61\x74\x69\x6f\x6e\x46\x72\x61\x6d\x65\x28\x61\x6e\x69\x6d\x61\x74\x65\x29\x3b\x0a\x7d\x0a\x0a\x2f\x2f\x20\x2500\x2500\x20\x43\x75\x73\x74\x6f\x6d\x20\x43\x75\x72\x73\x6f\x72\x20\x28\x6f\x75\x74\x65\x72\x20\x72\x69\x6e\x67\x20\x2b\x20\x69\x6e\x6e\x65\x72\x20\x64\x6f\x74\x20\x2b\x20\x67\x6c\x6f\x77\x29\x20\x2500\x2500\x2500\x2500\x2500\x2500\x2500\x2500\x2500\x2500\x2500\x2500\x2500\x2500\x2500\x0a\x0a\x66\x75\x6e\x63\x74\x69\x6f\x6e\x20\x73\x65\x74\x75\x70\x43\x75\x73\x74\x6f\x6d\x43\x75\x72\x73\x6f\x72\x28\x29\x20\x7b\x0a\x20\x20\x20\x20\x63\x6f\x6e\x73\x74\x20\x5f\x6d\x56\x5a\x20\x3d\x20\x64\x6f\x63\x75\x6d\x65\x6e\x74\x2e\x67\x65\x74\x45\x6c\x65\x6d\x65\x6e\x74\x42\x79\x49\x64\x28\x27\x63\x75\x73\x74\x6f\x6d\x43\x75\x72\x73\x6f\x72\x27\x29\x3b\x0a\x20\x20\x20\x20\x69\x66\x20\x28\x21\x63\x75\x72\x73\x6f\x72\x20\x7c\x7c\x20\x21\x77\x69\x6e\x64\x6f\x77\x2e\x6d\x61\x74\x63\x68\x4d\x65\x64\x69\x61\x28\x27\x28\x61\x6e\x79\x2d\x70\x6f\x69\x6e\x74\x65\x72\x3a\x20\x66\x69\x6e\x65\x29\x27\x29\x2e\x6d\x61\x74\x63\x68\x65\x73\x29\x20\x72\x65\x74\x75\x72\x6e\x3b\x0a\x0a\x20\x20\x20\x20\x77\x69\x6e\x64\x6f\x77\x2e\x61\x64\x64\x45\x76\x65\x6e\x74\x4c\x69\x73\x74\x65\x6e\x65\x72\x28\x27\x6d\x6f\x75\x73\x65\x6d\x6f\x76\x65\x27\x2c\x20\x28\x65\x29\x20\x3d\x3e\x20\x7b\x0a\x20\x20\x20\x20\x20\x20\x20\x20\x63\x75\x72\x73\x6f\x72\x2e\x73\x74\x79\x6c\x65\x2e\x6c\x65\x66\x74\x20\x3d\x20\x65\x2e\x63\x6c\x69\x65\x6e\x74\x58\x20\x2b\x20\x27\x70\x78\x27\x3b\x0a\x20\x20\x20\x20\x20\x20\x20\x20\x63\x75\x72\x73\x6f\x72\x2e\x73\x74\x79\x6c\x65\x2e\x74\x6f\x70\x20\x3d\x20\x65\x2e\x63\x6c\x69\x65\x6e\x74\x59\x20\x2b\x20\x27\x70\x78\x27\x3b\x0a\x20\x20\x20\x20\x20\x20\x20\x20\x63\x75\x72\x73\x6f\x72\x2e\x63\x6c\x61\x73\x73\x4c\x69\x73\x74\x2e\x61\x64\x64\x28\x27\x61\x63\x74\x69\x76\x65\x27\x29\x3b\x0a\x0a\x20\x20\x20\x20\x20\x20\x20\x20\x63\x6f\x6e\x73\x74\x20\x5f\x66\x4c\x5a\x20\x3d\x20\x65\x2e\x74\x61\x72\x67\x65\x74\x2e\x63\x6c\x6f\x73\x65\x73\x74\x28\x27\x61\x2c\x20\x62\x75\x74\x74\x6f\x6e\x2c\x20\x2e\x63\x6f\x6d\x70\x6f\x73\x65\x72\x2d\x69\x6e\x70\x75\x74\x2c\x20\x69\x6e\x70\x75\x74\x2c\x20\x74\x65\x78\x74\x61\x72\x65\x61\x2c\x20\x5b\x72\x6f\x6c\x65\x3d"button"\x5d\x27\x29\x3b\x0a\x20\x20\x20\x20\x20\x20\x20\x20\x63\x75\x72\x73\x6f\x72\x2e\x63\x6c\x61\x73\x73\x4c\x69\x73\x74\x2e\x74\x6f\x67\x67\x6c\x65\x28\x27\x70\x6f\x69\x6e\x74\x65\x72\x27\x2c\x20\x21\x21\x68\x6f\x76\x65\x72\x65\x64\x29\x3b\x0a\x20\x20\x20\x20\x7d\x2c\x20\x7b\x20\x70\x61\x73\x73\x69\x76\x65\x3a\x20\x74\x72\x75\x65\x20\x7d\x29\x3b\x0a\x0a\x20\x20\x20\x20\x64\x6f\x63\x75\x6d\x65\x6e\x74\x2e\x61\x64\x64\x45\x76\x65\x6e\x74\x4c\x69\x73\x74\x65\x6e\x65\x72\x28\x27\x6d\x6f\x75\x73\x65\x6c\x65\x61\x76\x65\x27\x2c\x20\x28\x29\x20\x3d\x3e\x20\x63\x75\x72\x73\x6f\x72\x2e\x63\x6c\x61\x73\x73\x4c\x69\x73\x74\x2e\x72\x65\x6d\x6f\x76\x65\x28\x27\x61\x63\x74\x69\x76\x65\x27\x29\x29\x3b\x0a\x20\x20\x20\x20\x64\x6f\x63\x75\x6d\x65\x6e\x74\x2e\x61\x64\x64\x45\x76\x65\x6e\x74\x4c\x69\x73\x74\x65\x6e\x65\x72\x28\x27\x6d\x6f\x75\x73\x65\x64\x6f\x77\x6e\x27\x2c\x20\x28\x29\x20\x3d\x3e\x20\x63\x75\x72\x73\x6f\x72\x2e\x63\x6c\x61\x73\x73\x4c\x69\x73\x74\x2e\x61\x64\x64\x28\x27\x63\x6c\x69\x63\x6b\x69\x6e\x67\x27\x29\x29\x3b\x0a\x20\x20\x20\x20\x64\x6f\x63\x75\x6d\x65\x6e\x74\x2e\x61\x64\x64\x45\x76\x65\x6e\x74\x4c\x69\x73\x74\x65\x6e\x65\x72\x28\x27\x6d\x6f\x75\x73\x65\x75\x70\x27\x2c\x20\x28\x29\x20\x3d\x3e\x20\x63\x75\x72\x73\x6f\x72\x2e\x63\x6c\x61\x73\x73\x4c\x69\x73\x74\x2e\x72\x65\x6d\x6f\x76\x65\x28\x27\x63\x6c\x69\x63\x6b\x69\x6e\x67\x27\x29\x29\x3b\x0a\x7d\x0a\x0a\x2f\x2f\x20\x2500\x2500\x20\x50\x72\x65\x6d\x69\x75\x6d\x20\x50\x61\x72\x74\x69\x63\x6c\x65\x20\x4e\x65\x74\x77\x6f\x72\x6b\x20\x2500\x2500\x2500\x2500\x2500\x2500\x2500\x2500\x2500\x2500\x2500\x2500\x2500\x2500\x2500\x2500\x2500\x2500\x2500\x2500\x2500\x2500\x2500\x2500\x2500\x2500\x2500\x2500\x2500\x2500\x2500\x2500\x2500\x2500\x2500\x2500\x2500\x0a\x2f\x2f\x20\x4e\x6f\x64\x65\x73\x20\x64\x72\x69\x66\x74\x20\x6f\x72\x67\x61\x6e\x69\x63\x61\x6c\x6c\x79\x20\x6f\x6e\x20\x32\x44\x20\x73\x69\x6d\x70\x6c\x65\x78\x20\x6e\x6f\x69\x73\x65\x2c\x20\x74\x68\x69\x6e\x20\x67\x6c\x6f\x77\x69\x6e\x67\x20\x6c\x69\x6e\x65\x73\x0a\x2f\x2f\x20\x63\x6f\x6e\x6e\x65\x63\x74\x20\x6e\x65\x61\x72\x62\x79\x20\x6e\x6f\x64\x65\x73\x2c\x20\x61\x6e\x64\x20\x73\x6d\x61\x6c\x6c\x20\x65\x6e\x65\x72\x67\x79\x20\x70\x75\x6c\x73\x65\x73\x20\x74\x72\x61\x76\x65\x6c\x20\x61\x6c\x6f\x6e\x67\x20\x74\x68\x6f\x73\x65\x0a\x2f\x2f\x20\x6c\x69\x6e\x65\x73\x20\x6c\x69\x6b\x65\x20\x65\x6c\x65\x63\x74\x72\x69\x63\x69\x74\x79\x20\x74\x68\x72\x6f\x75\x67\x68\x20\x63\x61\x62\x6c\x65\x2e\x20\x49\x6e\x73\x70\x69\x72\x65\x64\x20\x62\x79\x20\x74\x68\x65\x20\x72\x65\x66\x65\x72\x65\x6e\x63\x65\x0a\x2f\x2f\x20\x6e\x65\x74\x77\x6f\x72\x6b\x2d\x67\x72\x69\x64\x20\x6c\x6f\x6f\x6b\x2c\x20\x74\x75\x6e\x65\x64\x20\x74\x6f\x20\x66\x65\x65\x6c\x20\x63\x61\x6c\x6d\x2c\x20\x64\x61\x72\x6b\x2c\x20\x61\x6e\x64\x20\x70\x72\x6f\x66\x65\x73\x73\x69\x6f\x6e\x61\x6c\x2e\x0a\x0a\x2f\x2f\x20\x43\x6f\x6d\x70\x61\x63\x74\x20\x32\x44\x20\x73\x69\x6d\x70\x6c\x65\x78\x2d\x6e\x6f\x69\x73\x65\x20\x69\x6d\x70\x6c\x65\x6d\x65\x6e\x74\x61\x74\x69\x6f\x6e\x20\x28\x64\x65\x74\x65\x72\x6d\x69\x6e\x69\x73\x74\x69\x63\x2c\x20\x6e\x6f\x20\x64\x65\x70\x73\x29\x0a\x66\x75\x6e\x63\x74\x69\x6f\x6e\x20\x63\x72\x65\x61\x74\x65\x53\x69\x6d\x70\x6c\x65\x78\x4e\x6f\x69\x73\x65\x32\x44\x28\x73\x65\x65\x64\x20\x3d\x20\x31\x29\x20\x7b\x0a\x20\x20\x20\x20\x2f\x2f\x20\x53\x6d\x61\x6c\x6c\x20\x78\x6f\x72\x73\x68\x69\x66\x74\x20\x50\x52\x4e\x47\x20\x73\x6f\x20\x74\x68\x65\x20\x66\x69\x65\x6c\x64\x20\x69\x73\x20\x72\x65\x70\x65\x61\x74\x61\x62\x6c\x65\x20\x70\x65\x72\x20\x73\x65\x73\x73\x69\x6f\x6e\x0a\x20\x20\x20\x20\x6c\x65\x74\x20\x5f\x75\x4a\x61\x73\x79\x67\x64\x20\x3d\x20\x73\x65\x65\x64\x20\x3e\x3e\x3e\x20\x30\x20\x7c\x7c\x20\x31\x3b\x0a\x20\x20\x20\x20\x66\x75\x6e\x63\x74\x69\x6f\x6e\x20\x72\x61\x6e\x64\x28\x29\x20\x7b\x0a\x20\x20\x20\x20\x20\x20\x20\x20\x73\x20\x5e\x3d\x20\x73\x20\x3c\x3c\x20\x31\x33\x3b\x20\x73\x20\x5e\x3d\x20\x73\x20\x3e\x3e\x3e\x20\x31\x37\x3b\x20\x73\x20\x5e\x3d\x20\x73\x20\x3c\x3c\x20\x35\x3b\x0a\x20\x20\x20\x20\x20\x20\x20\x20\x72\x65\x74\x75\x72\x6e\x20\x28\x28\x73\x20\x3e\x3e\x3e\x20\x30\x29\x20\x2f\x20\x34\x32\x39\x34\x39\x36\x37\x32\x39\x36\x29\x3b\x0a\x20\x20\x20\x20\x7d\x0a\x20\x20\x20\x20\x63\x6f\x6e\x73\x74\x20\x5f\x68\x41\x75\x6e\x72\x4d\x4e\x20\x3d\x20\x6e\x65\x77\x20\x55\x69\x6e\x74\x38\x41\x72\x72\x61\x79\x28\x35\x31\x32\x29\x3b\x0a\x20\x20\x20\x20\x63\x6f\x6e\x73\x74\x20\x5f\x63\x43\x41\x62\x59\x4f\x58\x20\x3d\x20\x6e\x65\x77\x20\x55\x69\x6e\x74\x38\x41\x72\x72\x61\x79\x28\x32\x35\x36\x29\x3b\x0a\x20\x20\x20\x20\x66\x6f\x72\x20\x28\x6c\x65\x74\x20\x5f\x53\x70\x52\x42\x20\x3d\x20\x30\x3b\x20\x69\x20\x3c\x20\x32\x35\x36\x3b\x20\x69\x2b\x2b\x29\x20\x70\x5b\x69\x5d\x20\x3d\x20\x69\x3b\x0a\x20\x20\x20\x20\x66\x6f\x72\x20\x28\x6c\x65\x74\x20\x5f\x53\x70\x52\x42\x20\x3d\x20\x32\x35\x35\x3b\x20\x69\x20\x3e\x20\x30\x3b\x20\x69\x2d\x2d\x29\x20\x7b\x0a\x20\x20\x20\x20\x20\x20\x20\x20\x63\x6f\x6e\x73\x74\x20\x5f\x73\x42\x56\x20\x3d\x20\x4d\x61\x74\x68\x2e\x66\x6c\x6f\x6f\x72\x28\x72\x61\x6e\x64\x28\x29\x20\x2a\x20\x28\x69\x20\x2b\x20\x31\x29\x29\x3b\x0a\x20\x20\x20\x20\x20\x20\x20\x20\x5b\x70\x5b\x69\x5d\x2c\x20\x70\x5b\x6a\x5d\x5d\x20\x3d\x20\x5b\x70\x5b\x6a\x5d\x2c\x20\x70\x5b\x69\x5d\x5d\x3b\x0a\x20\x20\x20\x20\x7d\x0a\x20\x20\x20\x20\x66\x6f\x72\x20\x28\x6c\x65\x74\x20\x5f\x53\x70\x52\x42\x20\x3d\x20\x30\x3b\x20\x69\x20\x3c\x20\x35\x31\x32\x3b\x20\x69\x2b\x2b\x29\x20\x70\x65\x72\x6d\x5b\x69\x5d\x20\x3d\x20\x70\x5b\x69\x20\x26\x20\x32\x35\x35\x5d\x3b\x0a\x0a\x20\x20\x20\x20\x63\x6f\x6e\x73\x74\x20\x5f\x6b\x76\x76\x53\x6d\x41\x20\x3d\x20\x5b\x5b\x31\x2c\x31\x5d\x2c\x5b\x2d\x31\x2c\x31\x5d\x2c\x5b\x31\x2c\x2d\x31\x5d\x2c\x5b\x2d\x31\x2c\x2d\x31\x5d\x2c\x5b\x31\x2c\x30\x5d\x2c\x5b\x2d\x31\x2c\x30\x5d\x2c\x5b\x30\x2c\x31\x5d\x2c\x5b\x30\x2c\x2d\x31\x5d\x5d\x3b\x0a\x20\x20\x20\x20\x63\x6f\x6e\x73\x74\x20\x5f\x48\x63\x52\x20\x3d\x20\x30\x2e\x33\x36\x36\x30\x32\x35\x34\x30\x33\x37\x38\x34\x34\x33\x38\x36\x2c\x20\x47\x32\x20\x3d\x20\x30\x2e\x32\x31\x31\x33\x32\x34\x38\x36\x35\x34\x30\x35\x31\x38\x37\x31\x33\x3b\x0a\x0a\x20\x20\x20\x20\x72\x65\x74\x75\x72\x6e\x20\x66\x75\x6e\x63\x74\x69\x6f\x6e\x20\x6e\x6f\x69\x73\x65\x32\x44\x28\x78\x69\x6e\x2c\x20\x79\x69\x6e\x29\x20\x7b\x0a\x20\x20\x20\x20\x20\x20\x20\x20\x6c\x65\x74\x20\x5f\x41\x68\x4a\x6b\x57\x6d\x2c\x20\x6e\x31\x2c\x20\x6e\x32\x3b\x0a\x20\x20\x20\x20\x20\x20\x20\x20\x63\x6f\x6e\x73\x74\x20\x5f\x6d\x54\x52\x6e\x6b\x6b\x77\x20\x3d\x20\x28\x78\x69\x6e\x20\x2b\x20\x79\x69\x6e\x29\x20\x2a\x20\x46\x32\x3b\x0a\x20\x20\x20\x20\x20\x20\x20\x20\x63\x6f\x6e\x73\x74\x20\x5f\x53\x70\x52\x42\x20\x3d\x20\x4d\x61\x74\x68\x2e\x66\x6c\x6f\x6f\x72\x28\x78\x69\x6e\x20\x2b\x20\x73\x32\x29\x2c\x20\x6a\x20\x3d\x20\x4d\x61\x74\x68\x2e\x66\x6c\x6f\x6f\x72\x28\x79\x69\x6e\x20\x2b\x20\x73\x32\x29\x3b\x0a\x20\x20\x20\x20\x20\x20\x20\x20\x63\x6f\x6e\x73\x74\x20\x5f\x55\x6e\x6f\x77\x4d\x6e\x20\x3d\x20\x28\x69\x20\x2b\x20\x6a\x29\x20\x2a\x20\x47\x32\x3b\x0a\x20\x20\x20\x20\x20\x20\x20\x20\x63\x6f\x6e\x73\x74\x20\x5f\x48\x48\x4b\x20\x3d\x20\x69\x20\x2d\x20\x74\x2c\x20\x59\x30\x20\x3d\x20\x6a\x20\x2d\x20\x74\x3b\x0a\x20\x20\x20\x20\x20\x20\x20\x20\x63\x6f\x6e\x73\x74\x20\x5f\x78\x42\x6e\x6e\x57\x6b\x20\x3d\x20\x78\x69\x6e\x20\x2d\x20\x58\x30\x2c\x20\x79\x30\x20\x3d\x20\x79\x69\x6e\x20\x2d\x20\x59\x30\x3b\x0a\x20\x20\x20\x20\x20\x20\x20\x20\x6c\x65\x74\x20\x5f\x66\x72\x4d\x66\x44\x44\x63\x54\x2c\x20\x6a\x31\x3b\x0a\x20\x20\x20\x20\x20\x20\x20\x20\x69\x66\x20\x28\x78\x30\x20\x3e\x20\x79\x30\x29\x20\x7b\x20\x69\x31\x20\x3d\x20\x31\x3b\x20\x6a\x31\x20\x3d\x20\x30\x3b\x20\x7d\x20\x65\x6c\x73\x65\x20\x7b\x20\x69\x31\x20\x3d\x20\x30\x3b\x20\x6a\x31\x20\x3d\x20\x31\x3b\x20\x7d\x0a\x20\x20\x20\x20\x20\x20\x20\x20\x63\x6f\x6e\x73\x74\x20\x5f\x53\x4f\x71\x56\x20\x3d\x20\x78\x30\x20\x2d\x20\x69\x31\x20\x2b\x20\x47\x32\x2c\x20\x79\x31\x20\x3d\x20\x79\x30\x20\x2d\x20\x6a\x31\x20\x2b\x20\x47\x32\x3b\x0a\x20\x20\x20\x20\x20\x20\x20\x20\x63\x6f\x6e\x73\x74\x20\x5f\x7a\x4f\x66\x69\x20\x3d\x20\x78\x30\x20\x2d\x20\x31\x20\x2b\x20\x32\x20\x2a\x20\x47\x32\x2c\x20\x79\x32\x20\x3d\x20\x79\x30\x20\x2d\x20\x31\x20\x2b\x20\x32\x20\x2a\x20\x47\x32\x3b\x0a\x20\x20\x20\x20\x20\x20\x20\x20\x63\x6f\x6e\x73\x74\x20\x5f\x66\x4b\x4a\x72\x4f\x4e\x55\x20\x3d\x20\x69\x20\x26\x20\x32\x35\x35\x2c\x20\x6a\x6a\x20\x3d\x20\x6a\x20\x26\x20\x32\x35\x35\x3b\x0a\x0a\x20\x20\x20\x20\x20\x20\x20\x20\x63\x6f\x6e\x73\x74\x20\x5f\x4c\x42\x4a\x73\x49\x71\x50\x20\x3d\x20\x67\x72\x61\x64\x32\x5b\x70\x65\x72\x6d\x5b\x69\x69\x20\x2b\x20\x70\x65\x72\x6d\x5b\x6a\x6a\x5d\x5d\x20\x25\x20\x38\x5d\x3b\x0a\x20\x20\x20\x20\x20\x20\x20\x20\x63\x6f\x6e\x73\x74\x20\x5f\x7a\x74\x79\x68\x76\x20\x3d\x20\x67\x72\x61\x64\x32\x5b\x70\x65\x72\x6d\x5b\x69\x69\x20\x2b\x20\x69\x31\x20\x2b\x20\x70\x65\x72\x6d\x5b\x6a\x6a\x20\x2b\x20\x6a\x31\x5d\x5d\x20\x25\x20\x38\x5d\x3b\x0a\x20\x20\x20\x20\x20\x20\x20\x20\x63\x6f\x6e\x73\x74\x20\x5f\x66\x68\x56\x55\x4d\x6d\x59\x20\x3d\x20\x67\x72\x61\x64\x32\x5b\x70\x65\x72\x6d\x5b\x69\x69\x20\x2b\x20\x31\x20\x2b\x20\x70\x65\x72\x6d\x5b\x6a\x6a\x20\x2b\x20\x31\x5d\x5d\x20\x25\x20\x38\x5d\x3b\x0a\x0a\x20\x20\x20\x20\x20\x20\x20\x20\x6c\x65\x74\x20\x5f\x72\x5a\x41\x68\x6c\x20\x3d\x20\x30\x2e\x35\x20\x2d\x20\x78\x30\x2a\x78\x30\x20\x2d\x20\x79\x30\x2a\x79\x30\x3b\x0a\x20\x20\x20\x20\x20\x20\x20\x20\x6e\x30\x20\x3d\x20\x74\x30\x20\x3c\x20\x30\x20\x3f\x20\x30\x20\x3a\x20\x28\x74\x30\x20\x2a\x3d\x20\x74\x30\x2c\x20\x74\x30\x20\x2a\x20\x74\x30\x20\x2a\x20\x28\x67\x30\x5b\x30\x5d\x2a\x78\x30\x20\x2b\x20\x67\x30\x5b\x31\x5d\x2a\x79\x30\x29\x29\x3b\x0a\x20\x20\x20\x20\x20\x20\x20\x20\x6c\x65\x74\x20\x5f\x47\x59\x61\x5a\x7a\x65\x72\x20\x3d\x20\x30\x2e\x35\x20\x2d\x20\x78\x31\x2a\x78\x31\x20\x2d\x20\x79\x31\x2a\x79\x31\x3b\x0a\x20\x20\x20\x20\x20\x20\x20\x20\x6e\x31\x20\x3d\x20\x74\x31\x20\x3c\x20\x30\x20\x3f\x20\x30\x20\x3a\x20\x28\x74\x31\x20\x2a\x3d\x20\x74\x31\x2c\x20\x74\x31\x20\x2a\x20\x74\x31\x20\x2a\x20\x28\x67\x31\x5b\x30\x5d\x2a\x78\x31\x20\x2b\x20\x67\x31\x5b\x31\x5d\x2a\x79\x31\x29\x29\x3b\x0a\x20\x20\x20\x20\x20\x20\x20\x20\x6c\x65\x74\x20\x5f\x4b\x56\x62\x52\x77\x6f\x20\x3d\x20\x30\x2e\x35\x20\x2d\x20\x78\x32\x2a\x78\x32\x20\x2d\x20\x79\x32\x2a\x79\x32\x3b\x0a\x20\x20\x20\x20\x20\x20\x20\x20\x6e\x32\x20\x3d\x20\x74\x32\x20\x3c\x20\x30\x20\x3f\x20\x30\x20\x3a\x20\x28\x74\x32\x20\x2a\x3d\x20\x74\x32\x2c\x20\x74\x32\x20\x2a\x20\x74\x32\x20\x2a\x20\x28\x67\x32\x5b\x30\x5d\x2a\x78\x32\x20\x2b\x20\x67\x32\x5b\x31\x5d\x2a\x79\x32\x29\x29\x3b\x0a\x0a\x20\x20\x20\x20\x20\x20\x20\x20\x72\x65\x74\x75\x72\x6e\x20\x37\x30\x20\x2a\x20\x28\x6e\x30\x20\x2b\x20\x6e\x31\x20\x2b\x20\x6e\x32\x29\x3b\x0a\x20\x20\x20\x20\x7d\x3b\x0a\x7d\x0a\x0a\x66\x75\x6e\x63\x74\x69\x6f\x6e\x20\x73\x65\x74\x75\x70\x50\x61\x72\x74\x69\x63\x6c\x65\x4e\x65\x74\x77\x6f\x72\x6b\x28\x29\x20\x7b\x0a\x20\x20\x20\x20\x63\x6f\x6e\x73\x74\x20\x5f\x45\x4f\x4e\x52\x6f\x4f\x20\x3d\x20\x64\x6f\x63\x75\x6d\x65\x6e\x74\x2e\x67\x65\x74\x45\x6c\x65\x6d\x65\x6e\x74\x42\x79\x49\x64\x28\x27\x70\x61\x72\x74\x69\x63\x6c\x65\x43\x61\x6e\x76\x61\x73\x27\x29\x3b\x0a\x20\x20\x20\x20\x69\x66\x20\x28\x21\x63\x61\x6e\x76\x61\x73\x29\x20\x72\x65\x74\x75\x72\x6e\x3b\x0a\x20\x20\x20\x20\x63\x6f\x6e\x73\x74\x20\x5f\x6e\x6a\x4a\x5a\x74\x20\x3d\x20\x63\x61\x6e\x76\x61\x73\x2e\x67\x65\x74\x43\x6f\x6e\x74\x65\x78\x74\x28\x27\x32\x64\x27\x29\x3b\x0a\x20\x20\x20\x20\x69\x66\x20\x28\x21\x63\x74\x78\x29\x20\x72\x65\x74\x75\x72\x6e\x3b\x0a\x0a\x20\x20\x20\x20\x63\x6f\x6e\x73\x74\x20\x5f\x4c\x4c\x4e\x69\x20\x3d\x20\x77\x69\x6e\x64\x6f\x77\x2e\x6d\x61\x74\x63\x68\x4d\x65\x64\x69\x61\x28\x27\x28\x70\x72\x65\x66\x65\x72\x73\x2d\x72\x65\x64\x75\x63\x65\x64\x2d\x6d\x6f\x74\x69\x6f\x6e\x3a\x20\x72\x65\x64\x75\x63\x65\x29\x27\x29\x2e\x6d\x61\x74\x63\x68\x65\x73\x3b\x0a\x20\x20\x20\x20\x69\x66\x20\x28\x72\x65\x64\x75\x63\x65\x4d\x6f\x74\x69\x6f\x6e\x29\x20\x72\x65\x74\x75\x72\x6e\x3b\x0a\x0a\x20\x20\x20\x20\x63\x6f\x6e\x73\x74\x20\x5f\x68\x53\x4f\x50\x55\x71\x20\x3d\x20\x63\x72\x65\x61\x74\x65\x53\x69\x6d\x70\x6c\x65\x78\x4e\x6f\x69\x73\x65\x32\x44\x28\x31\x33\x33\x37\x29\x3b\x0a\x0a\x20\x20\x20\x20\x6c\x65\x74\x20\x5f\x41\x69\x48\x78\x71\x53\x2c\x20\x68\x65\x69\x67\x68\x74\x2c\x20\x64\x70\x72\x2c\x20\x6e\x6f\x64\x65\x73\x2c\x20\x70\x75\x6c\x73\x65\x73\x3b\x0a\x20\x20\x20\x20\x6c\x65\x74\x20\x5f\x4d\x68\x47\x67\x20\x3d\x20\x6e\x75\x6c\x6c\x3b\x0a\x20\x20\x20\x20\x6c\x65\x74\x20\x5f\x68\x42\x4d\x76\x48\x53\x20\x3d\x20\x6e\x75\x6c\x6c\x2c\x20\x6d\x6f\x75\x73\x65\x59\x20\x3d\x20\x6e\x75\x6c\x6c\x3b\x0a\x20\x20\x20\x20\x63\x6f\x6e\x73\x74\x20\x5f\x43\x64\x57\x20\x3d\x20\x77\x69\x6e\x64\x6f\x77\x2e\x69\x6e\x6e\x65\x72\x57\x69\x64\x74\x68\x20\x3c\x20\x36\x34\x30\x3b\x0a\x20\x20\x20\x20\x63\x6f\x6e\x73\x74\x20\x5f\x49\x7a\x61\x68\x4b\x20\x3d\x20\x69\x73\x4d\x6f\x62\x69\x6c\x65\x20\x3f\x20\x31\x35\x30\x20\x3a\x20\x32\x30\x30\x3b\x0a\x20\x20\x20\x20\x63\x6f\x6e\x73\x74\x20\x5f\x67\x6c\x51\x4d\x53\x20\x3d\x20\x5b\x0a\x20\x20\x20\x20\x20\x20\x20\x20\x7b\x20\x72\x3a\x20\x37\x37\x2c\x20\x20\x67\x3a\x20\x31\x34\x38\x2c\x20\x62\x3a\x20\x32\x35\x35\x20\x7d\x2c\x20\x20\x2f\x2f\x20\x61\x63\x63\x65\x6e\x74\x20\x62\x6c\x75\x65\x0a\x20\x20\x20\x20\x20\x20\x20\x20\x7b\x20\x72\x3a\x20\x32\x35\x35\x2c\x20\x67\x3a\x20\x32\x35\x35\x2c\x20\x62\x3a\x20\x32\x35\x35\x20\x7d\x2c\x20\x20\x2f\x2f\x20\x77\x68\x69\x74\x65\x0a\x20\x20\x20\x20\x20\x20\x20\x20\x7b\x20\x72\x3a\x20\x31\x34\x33\x2c\x20\x67\x3a\x20\x32\x31\x32\x2c\x20\x62\x3a\x20\x32\x35\x35\x20\x7d\x20\x20\x20\x2f\x2f\x20\x73\x6f\x66\x74\x20\x63\x79\x61\x6e\x0a\x20\x20\x20\x20\x5d\x3b\x0a\x0a\x20\x20\x20\x20\x66\x75\x6e\x63\x74\x69\x6f\x6e\x20\x72\x65\x73\x69\x7a\x65\x28\x29\x20\x7b\x0a\x20\x20\x20\x20\x20\x20\x20\x20\x64\x70\x72\x20\x3d\x20\x4d\x61\x74\x68\x2e\x6d\x69\x6e\x28\x77\x69\x6e\x64\x6f\x77\x2e\x64\x65\x76\x69\x63\x65\x50\x69\x78\x65\x6c\x52\x61\x74\x69\x6f\x20\x7c\x7c\x20\x31\x2c\x20\x32\x29\x3b\x0a\x20\x20\x20\x20\x20\x20\x20\x20\x77\x69\x64\x74\x68\x20\x3d\x20\x63\x61\x6e\x76\x61\x73\x2e\x6f\x66\x66\x73\x65\x74\x57\x69\x64\x74\x68\x3b\x0a\x20\x20\x20\x20\x20\x20\x20\x20\x68\x65\x69\x67\x68\x74\x20\x3d\x20\x63\x61\x6e\x76\x61\x73\x2e\x6f\x66\x66\x73\x65\x74\x48\x65\x69\x67\x68\x74\x3b\x0a\x20\x20\x20\x20\x20\x20\x20\x20\x63\x61\x6e\x76\x61\x73\x2e\x77\x69\x64\x74\x68\x20\x3d\x20\x77\x69\x64\x74\x68\x20\x2a\x20\x64\x70\x72\x3b\x0a\x20\x20\x20\x20\x20\x20\x20\x20\x63\x61\x6e\x76\x61\x73\x2e\x68\x65\x69\x67\x68\x74\x20\x3d\x20\x68\x65\x69\x67\x68\x74\x20\x2a\x20\x64\x70\x72\x3b\x0a\x20\x20\x20\x20\x20\x20\x20\x20\x63\x74\x78\x2e\x73\x65\x74\x54\x72\x61\x6e\x73\x66\x6f\x72\x6d\x28\x64\x70\x72\x2c\x20\x30\x2c\x20\x30\x2c\x20\x64\x70\x72\x2c\x20\x30\x2c\x20\x30\x29\x3b\x0a\x20\x20\x20\x20\x7d\x0a\x0a\x20\x20\x20\x20\x66\x75\x6e\x63\x74\x69\x6f\x6e\x20\x6e\x6f\x64\x65\x43\x6f\x75\x6e\x74\x28\x29\x20\x7b\x0a\x20\x20\x20\x20\x20\x20\x20\x20\x63\x6f\x6e\x73\x74\x20\x5f\x4e\x55\x78\x43\x41\x68\x20\x3d\x20\x77\x69\x64\x74\x68\x20\x2a\x20\x68\x65\x69\x67\x68\x74\x3b\x0a\x20\x20\x20\x20\x20\x20\x20\x20\x63\x6f\x6e\x73\x74\x20\x5f\x72\x6f\x71\x6f\x55\x52\x20\x3d\x20\x4d\x61\x74\x68\x2e\x72\x6f\x75\x6e\x64\x28\x61\x72\x65\x61\x20\x2f\x20\x28\x69\x73\x4d\x6f\x62\x69\x6c\x65\x20\x3f\x20\x31\x30\x37\x30\x30\x20\x3a\x20\x37\x39\x30\x30\x29\x29\x3b\x0a\x20\x20\x20\x20\x20\x20\x20\x20\x72\x65\x74\x75\x72\x6e\x20\x4d\x61\x74\x68\x2e\x6d\x61\x78\x28\x33\x30\x2c\x20\x4d\x61\x74\x68\x2e\x6d\x69\x6e\x28\x69\x73\x4d\x6f\x62\x69\x6c\x65\x20\x3f\x20\x37\x30\x20\x3a\x20\x31\x34\x30\x2c\x20\x62\x61\x73\x65\x29\x29\x3b\x0a\x20\x20\x20\x20\x7d\x0a\x0a\x20\x20\x20\x20\x66\x75\x6e\x63\x74\x69\x6f\x6e\x20\x6d\x61\x6b\x65\x4e\x6f\x64\x65\x73\x28\x29\x20\x7b\x0a\x20\x20\x20\x20\x20\x20\x20\x20\x63\x6f\x6e\x73\x74\x20\x5f\x41\x61\x6f\x20\x3d\x20\x6e\x6f\x64\x65\x43\x6f\x75\x6e\x74\x28\x29\x3b\x0a\x20\x20\x20\x20\x20\x20\x20\x20\x6e\x6f\x64\x65\x73\x20\x3d\x20\x41\x72\x72\x61\x79\x2e\x66\x72\x6f\x6d\x28\x7b\x20\x6c\x65\x6e\x67\x74\x68\x3a\x20\x63\x6f\x75\x6e\x74\x20\x7d\x2c\x20\x28\x29\x20\x3d\x3e\x20\x28\x7b\x0a\x20\x20\x20\x20\x20\x20\x20\x20\x20\x20\x20\x20\x62\x61\x73\x65\x58\x3a\x20\x4d\x61\x74\x68\x2e\x72\x61\x6e\x64\x6f\x6d\x28\x29\x20\x2a\x20\x77\x69\x64\x74\x68\x2c\x0a\x20\x20\x20\x20\x20\x20\x20\x20\x20\x20\x20\x20\x62\x61\x73\x65\x59\x3a\x20\x4d\x61\x74\x68\x2e\x72\x61\x6e\x64\x6f\x6d\x28\x29\x20\x2a\x20\x68\x65\x69\x67\x68\x74\x2c\x0a\x20\x20\x20\x20\x20\x20\x20\x20\x20\x20\x20\x20\x78\x3a\x20\x30\x2c\x20\x79\x3a\x20\x30\x2c\x0a\x20\x20\x20\x20\x20\x20\x20\x20\x20\x20\x20\x20\x6e\x4f\x66\x66\x58\x3a\x20\x4d\x61\x74\x68\x2e\x72\x61\x6e\x64\x6f\x6d\x28\x29\x20\x2a\x20\x31\x30\x30\x30\x2c\x0a\x20\x20\x20\x20\x20\x20\x20\x20\x20\x20\x20\x20\x6e\x4f\x66\x66\x59\x3a\x20\x4d\x61\x74\x68\x2e\x72\x61\x6e\x64\x6f\x6d\x28\x29\x20\x2a\x20\x31\x30\x30\x30\x2c\x0a\x20\x20\x20\x20\x20\x20\x20\x20\x20\x20\x20\x20\x72\x3a\x20\x4d\x61\x74\x68\x2e\x72\x61\x6e\x64\x6f\x6d\x28\x29\x20\x3c\x20\x30\x2e\x31\x20\x3f\x20\x28\x35\x20\x2b\x20\x4d\x61\x74\x68\x2e\x72\x61\x6e\x64\x6f\x6d\x28\x29\x20\x2a\x20\x31\x2e\x35\x29\x20\x3a\x20\x28\x32\x2e\x34\x20\x2b\x20\x4d\x61\x74\x68\x2e\x72\x61\x6e\x64\x6f\x6d\x28\x29\x20\x2a\x20\x31\x2e\x33\x29\x2c\x0a\x20\x20\x20\x20\x20\x20\x20\x20\x20\x20\x20\x20\x63\x6f\x6c\x6f\x72\x3a\x20\x4e\x4f\x44\x45\x5f\x43\x4f\x4c\x4f\x52\x53\x5b\x4d\x61\x74\x68\x2e\x66\x6c\x6f\x6f\x72\x28\x4d\x61\x74\x68\x2e\x72\x61\x6e\x64\x6f\x6d\x28\x29\x20\x2a\x20\x4e\x4f\x44\x45\x5f\x43\x4f\x4c\x4f\x52\x53\x2e\x6c\x65\x6e\x67\x74\x68\x29\x5d\x2c\x0a\x20\x20\x20\x20\x20\x20\x20\x20\x20\x20\x20\x20\x67\x6c\x6f\x77\x3a\x20\x4d\x61\x74\x68\x2e\x72\x61\x6e\x64\x6f\x6d\x28\x29\x2c\x0a\x20\x20\x20\x20\x20\x20\x20\x20\x20\x20\x20\x20\x67\x6c\x6f\x77\x53\x70\x65\x65\x64\x3a\x20\x30\x2e\x30\x30\x32\x34\x20\x2b\x20\x4d\x61\x74\x68\x2e\x72\x61\x6e\x64\x6f\x6d\x28\x29\x20\x2a\x20\x30\x2e\x30\x30\x33\x36\x2c\x0a\x20\x20\x20\x20\x20\x20\x20\x20\x20\x20\x20\x20\x67\x6c\x6f\x77\x50\x68\x61\x73\x65\x3a\x20\x4d\x61\x74\x68\x2e\x72\x61\x6e\x64\x6f\x6d\x28\x29\x20\x2a\x20\x4d\x61\x74\x68\x2e\x50\x49\x20\x2a\x20\x32\x2c\x0a\x20\x20\x20\x20\x20\x20\x20\x20\x20\x20\x20\x20\x6d\x78\x3a\x20\x30\x2c\x20\x6d\x79\x3a\x20\x30\x20\x2f\x2f\x20\x73\x6f\x66\x74\x20\x6d\x6f\x75\x73\x65\x2d\x61\x74\x74\x72\x61\x63\x74\x69\x6f\x6e\x20\x6f\x66\x66\x73\x65\x74\x0a\x20\x20\x20\x20\x20\x20\x20\x20\x7d\x29\x29\x3b\x0a\x20\x20\x20\x20\x20\x20\x20\x20\x70\x75\x6c\x73\x65\x73\x20\x3d\x20\x5b\x5d\x3b\x0a\x20\x20\x20\x20\x7d\x0a\x0a\x20\x20\x20\x20\x66\x75\x6e\x63\x74\x69\x6f\x6e\x20\x6d\x61\x79\x62\x65\x53\x70\x61\x77\x6e\x50\x75\x6c\x73\x65\x28\x29\x20\x7b\x0a\x20\x20\x20\x20\x20\x20\x20\x20\x69\x66\x20\x28\x6e\x6f\x64\x65\x73\x2e\x6c\x65\x6e\x67\x74\x68\x20\x3c\x20\x32\x29\x20\x72\x65\x74\x75\x72\x6e\x3b\x0a\x20\x20\x20\x20\x20\x20\x20\x20\x69\x66\x20\x28\x4d\x61\x74\x68\x2e\x72\x61\x6e\x64\x6f\x6d\x28\x29\x20\x3e\x20\x28\x69\x73\x4d\x6f\x62\x69\x6c\x65\x20\x3f\x20\x30\x2e\x30\x33\x35\x20\x3a\x20\x30\x2e\x30\x36\x29\x29\x20\x72\x65\x74\x75\x72\x6e\x3b\x0a\x20\x20\x20\x20\x20\x20\x20\x20\x63\x6f\x6e\x73\x74\x20\x5f\x71\x47\x4d\x55\x4a\x47\x20\x3d\x20\x6e\x6f\x64\x65\x73\x5b\x4d\x61\x74\x68\x2e\x66\x6c\x6f\x6f\x72\x28\x4d\x61\x74\x68\x2e\x72\x61\x6e\x64\x6f\x6d\x28\x29\x20\x2a\x20\x6e\x6f\x64\x65\x73\x2e\x6c\x65\x6e\x67\x74\x68\x29\x5d\x3b\x0a\x20\x20\x20\x20\x20\x20\x20\x20\x2f\x2f\x20\x46\x69\x6e\x64\x20\x61\x20\x6e\x65\x69\x67\x68\x62\x6f\x72\x20\x77\x69\x74\x68\x69\x6e\x20\x72\x61\x6e\x67\x65\x20\x74\x6f\x20\x74\x72\x61\x76\x65\x6c\x20\x74\x6f\x77\x61\x72\x64\x0a\x20\x20\x20\x20\x20\x20\x20\x20\x6c\x65\x74\x20\x5f\x56\x6a\x4e\x68\x66\x20\x3d\x20\x5b\x5d\x3b\x0a\x20\x20\x20\x20\x20\x20\x20\x20\x66\x6f\x72\x20\x28\x63\x6f\x6e\x73\x74\x20\x5f\x77\x64\x6a\x75\x48\x20\x6f\x66\x20\x6e\x6f\x64\x65\x73\x29\x20\x7b\x0a\x20\x20\x20\x20\x20\x20\x20\x20\x20\x20\x20\x20\x69\x66\x20\x28\x6e\x20\x3d\x3d\x3d\x20\x66\x72\x6f\x6d\x29\x20\x63\x6f\x6e\x74\x69\x6e\x75\x65\x3b\x0a\x20\x20\x20\x20\x20\x20\x20\x20\x20\x20\x20\x20\x63\x6f\x6e\x73\x74\x20\x5f\x6b\x67\x52\x4e\x20\x3d\x20\x6e\x2e\x78\x20\x2d\x20\x66\x72\x6f\x6d\x2e\x78\x2c\x20\x64\x79\x20\x3d\x20\x6e\x2e\x79\x20\x2d\x20\x66\x72\x6f\x6d\x2e\x79\x3b\x0a\x20\x20\x20\x20\x20\x20\x20\x20\x20\x20\x20\x20\x63\x6f\x6e\x73\x74\x20\x5f\x50\x46\x66\x75\x72\x75\x68\x6b\x20\x3d\x20\x4d\x61\x74\x68\x2e\x73\x71\x72\x74\x28\x64\x78\x2a\x64\x78\x20\x2b\x20\x64\x79\x2a\x64\x79\x29\x3b\x0a\x20\x20\x20\x20\x20\x20\x20\x20\x20\x20\x20\x20\x69\x66\x20\x28\x64\x69\x73\x74\x20\x3c\x20\x4d\x41\x58\x5f\x44\x49\x53\x54\x29\x20\x63\x61\x6e\x64\x69\x64\x61\x74\x65\x73\x2e\x70\x75\x73\x68\x28\x6e\x29\x3b\x0a\x20\x20\x20\x20\x20\x20\x20\x20\x7d\x0a\x20\x20\x20\x20\x20\x20\x20\x20\x69\x66\x20\x28\x21\x63\x61\x6e\x64\x69\x64\x61\x74\x65\x73\x2e\x6c\x65\x6e\x67\x74\x68\x29\x20\x72\x65\x74\x75\x72\x6e\x3b\x0a\x20\x20\x20\x20\x20\x20\x20\x20\x63\x6f\x6e\x73\x74\x20\x5f\x51\x50\x41\x6c\x4d\x71\x6c\x20\x3d\x20\x63\x61\x6e\x64\x69\x64\x61\x74\x65\x73\x5b\x4d\x61\x74\x68\x2e\x66\x6c\x6f\x6f\x72\x28\x4d\x61\x74\x68\x2e\x72\x61\x6e\x64\x6f\x6d\x28\x29\x20\x2a\x20\x63\x61\x6e\x64\x69\x64\x61\x74\x65\x73\x2e\x6c\x65\x6e\x67\x74\x68\x29\x5d\x3b\x0a\x20\x20\x20\x20\x20\x20\x20\x20\x70\x75\x6c\x73\x65\x73\x2e\x70\x75\x73\x68\x28\x7b\x0a\x20\x20\x20\x20\x20\x20\x20\x20\x20\x20\x20\x20\x66\x72\x6f\x6d\x2c\x20\x74\x6f\x2c\x0a\x20\x20\x20\x20\x20\x20\x20\x20\x20\x20\x20\x20\x74\x3a\x20\x30\x2c\x0a\x20\x20\x20\x20\x20\x20\x20\x20\x20\x20\x20\x20\x73\x70\x65\x65\x64\x3a\x20\x30\x2e\x30\x30\x36\x20\x2b\x20\x4d\x61\x74\x68\x2e\x72\x61\x6e\x64\x6f\x6d\x28\x29\x20\x2a\x20\x30\x2e\x30\x31\x32\x0a\x20\x20\x20\x20\x20\x20\x20\x20\x7d\x29\x3b\x0a\x20\x20\x20\x20\x7d\x0a\x0a\x20\x20\x20\x20\x6c\x65\x74\x20\x5f\x6a\x41\x69\x20\x3d\x20\x30\x3b\x0a\x0a\x20\x20\x20\x20\x66\x75\x6e\x63\x74\x69\x6f\x6e\x20\x73\x74\x65\x70\x28\x29\x20\x7b\x0a\x20\x20\x20\x20\x20\x20\x20\x20\x74\x69\x6d\x65\x20\x2b\x3d\x20\x31\x3b\x0a\x20\x20\x20\x20\x20\x20\x20\x20\x63\x74\x78\x2e\x63\x6c\x65\x61\x72\x52\x65\x63\x74\x28\x30\x2c\x20\x30\x2c\x20\x77\x69\x64\x74\x68\x2c\x20\x68\x65\x69\x67\x68\x74\x29\x3b\x0a\x0a\x20\x20\x20\x20\x20\x20\x20\x20\x2f\x2f\x20\x55\x70\x64\x61\x74\x65\x20\x6e\x6f\x64\x65\x20\x6f\x72\x67\x61\x6e\x69\x63\x20\x64\x72\x69\x66\x74\x20\x70\x6f\x73\x69\x74\x69\x6f\x6e\x73\x20\x76\x69\x61\x20\x73\x69\x6d\x70\x6c\x65\x78\x20\x6e\x6f\x69\x73\x65\x20\x28\x61\x20\x66\x65\x77\x20\x70\x78\x2c\x20\x73\x6c\x6f\x77\x20\x26\x20\x73\x6d\x6f\x6f\x74\x68\x29\x0a\x20\x20\x20\x20\x20\x20\x20\x20\x66\x6f\x72\x20\x28\x63\x6f\x6e\x73\x74\x20\x5f\x77\x64\x6a\x75\x48\x20\x6f\x66\x20\x6e\x6f\x64\x65\x73\x29\x20\x7b\x0a\x20\x20\x20\x20\x20\x20\x20\x20\x20\x20\x20\x20\x63\x6f\x6e\x73\x74\x20\x5f\x7a\x45\x78\x20\x3d\x20\x6e\x6f\x69\x73\x65\x28\x6e\x2e\x6e\x4f\x66\x66\x58\x2c\x20\x74\x69\x6d\x65\x20\x2a\x20\x30\x2e\x30\x30\x31\x35\x29\x3b\x0a\x20\x20\x20\x20\x20\x20\x20\x20\x20\x20\x20\x20\x63\x6f\x6e\x73\x74\x20\x5f\x66\x4c\x66\x55\x63\x6b\x6b\x20\x3d\x20\x6e\x6f\x69\x73\x65\x28\x6e\x2e\x6e\x4f\x66\x66\x59\x2c\x20\x74\x69\x6d\x65\x20\x2a\x20\x30\x2e\x30\x30\x31\x35\x20\x2b\x20\x35\x30\x30\x29\x3b\x0a\x20\x20\x20\x20\x20\x20\x20\x20\x20\x20\x20\x20\x6e\x2e\x78\x20\x3d\x20\x6e\x2e\x62\x61\x73\x65\x58\x20\x2b\x20\x6e\x78\x20\x2a\x20\x31\x34\x20\x2b\x20\x6e\x2e\x6d\x78\x3b\x0a\x20\x20\x20\x20\x20\x20\x20\x20\x20\x20\x20\x20\x6e\x2e\x79\x20\x3d\x20\x6e\x2e\x62\x61\x73\x65\x59\x20\x2b\x20\x6e\x79\x20\x2a\x20\x31\x34\x20\x2b\x20\x6e\x2e\x6d\x79\x3b\x0a\x0a\x20\x20\x20\x20\x20\x20\x20\x20\x20\x20\x20\x20\x2f\x2f\x20\x53\x6f\x66\x74\x20\x6d\x61\x67\x6e\x65\x74\x69\x63\x20\x61\x74\x74\x72\x61\x63\x74\x69\x6f\x6e\x20\x74\x6f\x77\x61\x72\x64\x20\x74\x68\x65\x20\x6d\x6f\x75\x73\x65\x2c\x20\x63\x6c\x61\x6d\x70\x65\x64\x20\x74\x6f\x20\x31\x35\x70\x78\x0a\x20\x20\x20\x20\x20\x20\x20\x20\x20\x20\x20\x20\x69\x66\x20\x28\x6d\x6f\x75\x73\x65\x58\x20\x21\x3d\x3d\x20\x6e\x75\x6c\x6c\x29\x20\x7b\x0a\x20\x20\x20\x20\x20\x20\x20\x20\x20\x20\x20\x20\x20\x20\x20\x20\x63\x6f\x6e\x73\x74\x20\x5f\x6b\x67\x52\x4e\x20\x3d\x20\x6d\x6f\x75\x73\x65\x58\x20\x2d\x20\x6e\x2e\x62\x61\x73\x65\x58\x2c\x20\x64\x79\x20\x3d\x20\x6d\x6f\x75\x73\x65\x59\x20\x2d\x20\x6e\x2e\x62\x61\x73\x65\x59\x3b\x0a\x20\x20\x20\x20\x20\x20\x20\x20\x20\x20\x20\x20\x20\x20\x20\x20\x63\x6f\x6e\x73\x74\x20\x5f\x50\x46\x66\x75\x72\x75\x68\x6b\x20\x3d\x20\x4d\x61\x74\x68\x2e\x73\x71\x72\x74\x28\x64\x78\x2a\x64\x78\x20\x2b\x20\x64\x79\x2a\x64\x79\x29\x3b\x0a\x20\x20\x20\x20\x20\x20\x20\x20\x20\x20\x20\x20\x20\x20\x20\x20\x63\x6f\x6e\x73\x74\x20\x5f\x77\x5a\x49\x20\x3d\x20\x4d\x61\x74\x68\x2e\x6d\x61\x78\x28\x30\x2c\x20\x31\x20\x2d\x20\x64\x69\x73\x74\x20\x2f\x20\x32\x32\x30\x29\x3b\x0a\x20\x20\x20\x20\x20\x20\x20\x20\x20\x20\x20\x20\x20\x20\x20\x20\x63\x6f\x6e\x73\x74\x20\x5f\x51\x6a\x68\x67\x4b\x72\x20\x3d\x20\x69\x6e\x66\x6c\x75\x65\x6e\x63\x65\x20\x2a\x20\x64\x78\x20\x2a\x20\x30\x2e\x30\x36\x3b\x0a\x20\x20\x20\x20\x20\x20\x20\x20\x20\x20\x20\x20\x20\x20\x20\x20\x63\x6f\x6e\x73\x74\x20\x5f\x5a\x46\x67\x66\x7a\x77\x73\x20\x3d\x20\x69\x6e\x66\x6c\x75\x65\x6e\x63\x65\x20\x2a\x20\x64\x79\x20\x2a\x20\x30\x2e\x30\x36\x3b\x0a\x20\x20\x20\x20\x20\x20\x20\x20\x20\x20\x20\x20\x20\x20\x20\x20\x63\x6f\x6e\x73\x74\x20\x5f\x77\x71\x69\x6c\x72\x41\x5a\x20\x3d\x20\x4d\x61\x74\x68\x2e\x6d\x61\x78\x28\x2d\x31\x35\x2c\x20\x4d\x61\x74\x68\x2e\x6d\x69\x6e\x28\x31\x35\x2c\x20\x74\x61\x72\x67\x65\x74\x4d\x78\x29\x29\x3b\x0a\x20\x20\x20\x20\x20\x20\x20\x20\x20\x20\x20\x20\x20\x20\x20\x20\x63\x6f\x6e\x73\x74\x20\x5f\x6a\x55\x4f\x57\x73\x53\x58\x70\x20\x3d\x20\x4d\x61\x74\x68\x2e\x6d\x61\x78\x28\x2d\x31\x35\x2c\x20\x4d\x61\x74\x68\x2e\x6d\x69\x6e\x28\x31\x35\x2c\x20\x74\x61\x72\x67\x65\x74\x4d\x79\x29\x29\x3b\x0a\x20\x20\x20\x20\x20\x20\x20\x20\x20\x20\x20\x20\x20\x20\x20\x20\x6e\x2e\x6d\x78\x20\x2b\x3d\x20\x28\x63\x6c\x61\x6d\x70\x65\x64\x4d\x78\x20\x2d\x20\x6e\x2e\x6d\x78\x29\x20\x2a\x20\x30\x2e\x30\x36\x3b\x0a\x20\x20\x20\x20\x20\x20\x20\x20\x20\x20\x20\x20\x20\x20\x20\x20\x6e\x2e\x6d\x79\x20\x2b\x3d\x20\x28\x63\x6c\x61\x6d\x70\x65\x64\x4d\x79\x20\x2d\x20\x6e\x2e\x6d\x79\x29\x20\x2a\x20\x30\x2e\x30\x36\x3b\x0a\x20\x20\x20\x20\x20\x20\x20\x20\x20\x20\x20\x20\x7d\x20\x65\x6c\x73\x65\x20\x7b\x0a\x20\x20\x20\x20\x20\x20\x20\x20\x20\x20\x20\x20\x20\x20\x20\x20\x6e\x2e\x6d\x78\x20\x2a\x3d\x20\x30\x2e\x39\x34\x3b\x0a\x20\x20\x20\x20\x20\x20\x20\x20\x20\x20\x20\x20\x20\x20\x20\x20\x6e\x2e\x6d\x79\x20\x2a\x3d\x20\x30\x2e\x39\x34\x3b\x0a\x20\x20\x20\x20\x20\x20\x20\x20\x20\x20\x20\x20\x7d\x0a\x0a\x20\x20\x20\x20\x20\x20\x20\x20\x20\x20\x20\x20\x6e\x2e\x67\x6c\x6f\x77\x50\x68\x61\x73\x65\x20\x2b\x3d\x20\x6e\x2e\x67\x6c\x6f\x77\x53\x70\x65\x65\x64\x3b\x0a\x20\x20\x20\x20\x20\x20\x20\x20\x7d\x0a\x0a\x20\x20\x20\x20\x20\x20\x20\x20\x2f\x2f\x20\x44\x72\x61\x77\x20\x63\x6f\x6e\x6e\x65\x63\x74\x69\x6e\x67\x20\x6c\x69\x6e\x65\x73\x20\x66\x69\x72\x73\x74\x20\x28\x73\x6f\x20\x6e\x6f\x64\x65\x73\x2f\x70\x75\x6c\x73\x65\x73\x20\x73\x69\x74\x20\x6f\x6e\x20\x74\x6f\x70\x29\x0a\x20\x20\x20\x20\x20\x20\x20\x20\x66\x6f\x72\x20\x28\x6c\x65\x74\x20\x5f\x53\x70\x52\x42\x20\x3d\x20\x30\x3b\x20\x69\x20\x3c\x20\x6e\x6f\x64\x65\x73\x2e\x6c\x65\x6e\x67\x74\x68\x3b\x20\x69\x2b\x2b\x29\x20\x7b\x0a\x20\x20\x20\x20\x20\x20\x20\x20\x20\x20\x20\x20\x66\x6f\x72\x20\x28\x6c\x65\x74\x20\x5f\x73\x42\x56\x20\x3d\x20\x69\x20\x2b\x20\x31\x3b\x20\x6a\x20\x3c\x20\x6e\x6f\x64\x65\x73\x2e\x6c\x65\x6e\x67\x74\x68\x3b\x20\x6a\x2b\x2b\x29\x20\x7b\x0a\x20\x20\x20\x20\x20\x20\x20\x20\x20\x20\x20\x20\x20\x20\x20\x20\x63\x6f\x6e\x73\x74\x20\x5f\x53\x64\x65\x53\x70\x20\x3d\x20\x6e\x6f\x64\x65\x73\x5b\x69\x5d\x2c\x20\x62\x20\x3d\x20\x6e\x6f\x64\x65\x73\x5b\x6a\x5d\x3b\x0a\x20\x20\x20\x20\x20\x20\x20\x20\x20\x20\x20\x20\x20\x20\x20\x20\x63\x6f\x6e\x73\x74\x20\x5f\x6b\x67\x52\x4e\x20\x3d\x20\x61\x2e\x78\x20\x2d\x20\x62\x2e\x78\x2c\x20\x64\x79\x20\x3d\x20\x61\x2e\x79\x20\x2d\x20\x62\x2e\x79\x3b\x0a\x20\x20\x20\x20\x20\x20\x20\x20\x20\x20\x20\x20\x20\x20\x20\x20\x63\x6f\x6e\x73\x74\x20\x5f\x50\x46\x66\x75\x72\x75\x68\x6b\x20\x3d\x20\x4d\x61\x74\x68\x2e\x73\x71\x72\x74\x28\x64\x78\x2a\x64\x78\x20\x2b\x20\x64\x79\x2a\x64\x79\x29\x3b\x0a\x20\x20\x20\x20\x20\x20\x20\x20\x20\x20\x20\x20\x20\x20\x20\x20\x69\x66\x20\x28\x64\x69\x73\x74\x20\x3c\x20\x4d\x41\x58\x5f\x44\x49\x53\x54\x29\x20\x7b\x0a\x20\x20\x20\x20\x20\x20\x20\x20\x20\x20\x20\x20\x20\x20\x20\x20\x20\x20\x20\x20\x63\x6f\x6e\x73\x74\x20\x5f\x67\x79\x4e\x70\x47\x74\x77\x68\x20\x3d\x20\x30\x2e\x31\x39\x20\x2a\x20\x28\x31\x20\x2d\x20\x64\x69\x73\x74\x20\x2f\x20\x4d\x41\x58\x5f\x44\x49\x53\x54\x29\x3b\x0a\x20\x20\x20\x20\x20\x20\x20\x20\x20\x20\x20\x20\x20\x20\x20\x20\x20\x20\x20\x20\x63\x74\x78\x2e\x62\x65\x67\x69\x6e\x50\x61\x74\x68\x28\x29\x3b\x0a\x20\x20\x20\x20\x20\x20\x20\x20\x20\x20\x20\x20\x20\x20\x20\x20\x20\x20\x20\x20\x63\x74\x78\x2e\x6d\x6f\x76\x65\x54\x6f\x28\x61\x2e\x78\x2c\x20\x61\x2e\x79\x29\x3b\x0a\x20\x20\x20\x20\x20\x20\x20\x20\x20\x20\x20\x20\x20\x20\x20\x20\x20\x20\x20\x20\x63\x74\x78\x2e\x6c\x69\x6e\x65\x54\x6f\x28\x62\x2e\x78\x2c\x20\x62\x2e\x79\x29\x3b\x0a\x20\x20\x20\x20\x20\x20\x20\x20\x20\x20\x20\x20\x20\x20\x20\x20\x20\x20\x20\x20\x63\x74\x78\x2e\x73\x74\x72\x6f\x6b\x65\x53\x74\x79\x6c\x65\x20\x3d\x20\x60\x72\x67\x62\x61\x28\x37\x37\x2c\x31\x34\x38\x2c\x32\x35\x35\x2c\x24\x7b\x61\x6c\x70\x68\x61\x7d\x29\x60\x3b\x0a\x20\x20\x20\x20\x20\x20\x20\x20\x20\x20\x20\x20\x20\x20\x20\x20\x20\x20\x20\x20\x63\x74\x78\x2e\x6c\x69\x6e\x65\x57\x69\x64\x74\x68\x20\x3d\x20\x31\x3b\x0a\x20\x20\x20\x20\x20\x20\x20\x20\x20\x20\x20\x20\x20\x20\x20\x20\x20\x20\x20\x20\x63\x74\x78\x2e\x73\x74\x72\x6f\x6b\x65\x28\x29\x3b\x0a\x20\x20\x20\x20\x20\x20\x20\x20\x20\x20\x20\x20\x20\x20\x20\x20\x7d\x0a\x20\x20\x20\x20\x20\x20\x20\x20\x20\x20\x20\x20\x7d\x0a\x20\x20\x20\x20\x20\x20\x20\x20\x7d\x0a\x0a\x20\x20\x20\x20\x20\x20\x20\x20\x2f\x2f\x20\x45\x6e\x65\x72\x67\x79\x20\x70\x75\x6c\x73\x65\x73\x20\x74\x72\x61\x76\x65\x6c\x69\x6e\x67\x20\x61\x6c\x6f\x6e\x67\x20\x61\x63\x74\x69\x76\x65\x20\x63\x6f\x6e\x6e\x65\x63\x74\x69\x6f\x6e\x73\x0a\x20\x20\x20\x20\x20\x20\x20\x20\x6d\x61\x79\x62\x65\x53\x70\x61\x77\x6e\x50\x75\x6c\x73\x65\x28\x29\x3b\x0a\x20\x20\x20\x20\x20\x20\x20\x20\x66\x6f\x72\x20\x28\x6c\x65\x74\x20\x5f\x53\x70\x52\x42\x20\x3d\x20\x70\x75\x6c\x73\x65\x73\x2e\x6c\x65\x6e\x67\x74\x68\x20\x2d\x20\x31\x3b\x20\x69\x20\x3e\x3d\x20\x30\x3b\x20\x69\x2d\x2d\x29\x20\x7b\x0a\x20\x20\x20\x20\x20\x20\x20\x20\x20\x20\x20\x20\x63\x6f\x6e\x73\x74\x20\x5f\x76\x78\x48\x74\x53\x52\x78\x20\x3d\x20\x70\x75\x6c\x73\x65\x73\x5b\x69\x5d\x3b\x0a\x20\x20\x20\x20\x20\x20\x20\x20\x20\x20\x20\x20\x70\x75\x2e\x74\x20\x2b\x3d\x20\x70\x75\x2e\x73\x70\x65\x65\x64\x3b\x0a\x20\x20\x20\x20\x20\x20\x20\x20\x20\x20\x20\x20\x69\x66\x20\x28\x70\x75\x2e\x74\x20\x3e\x3d\x20\x31\x29\x20\x7b\x20\x70\x75\x6c\x73\x65\x73\x2e\x73\x70\x6c\x69\x63\x65\x28\x69\x2c\x20\x31\x29\x3b\x20\x63\x6f\x6e\x74\x69\x6e\x75\x65\x3b\x20\x7d\x0a\x0a\x20\x20\x20\x20\x20\x20\x20\x20\x20\x20\x20\x20\x63\x6f\x6e\x73\x74\x20\x5f\x68\x49\x70\x79\x76\x7a\x63\x4f\x20\x3d\x20\x70\x75\x2e\x66\x72\x6f\x6d\x2e\x78\x20\x2b\x20\x28\x70\x75\x2e\x74\x6f\x2e\x78\x20\x2d\x20\x70\x75\x2e\x66\x72\x6f\x6d\x2e\x78\x29\x20\x2a\x20\x70\x75\x2e\x74\x3b\x0a\x20\x20\x20\x20\x20\x20\x20\x20\x20\x20\x20\x20\x63\x6f\x6e\x73\x74\x20\x5f\x4c\x69\x76\x70\x20\x3d\x20\x70\x75\x2e\x66\x72\x6f\x6d\x2e\x79\x20\x2b\x20\x28\x70\x75\x2e\x74\x6f\x2e\x79\x20\x2d\x20\x70\x75\x2e\x66\x72\x6f\x6d\x2e\x79\x29\x20\x2a\x20\x70\x75\x2e\x74\x3b\x0a\x20\x20\x20\x20\x20\x20\x20\x20\x20\x20\x20\x20\x2f\x2f\x20\x46\x61\x64\x65\x20\x69\x6e\x20\x66\x6f\x72\x20\x74\x68\x65\x20\x66\x69\x72\x73\x74\x20\x31\x35\x25\x2c\x20\x66\x61\x64\x65\x20\x6f\x75\x74\x20\x66\x6f\x72\x20\x74\x68\x65\x20\x6c\x61\x73\x74\x20\x32\x35\x25\x0a\x20\x20\x20\x20\x20\x20\x20\x20\x20\x20\x20\x20\x6c\x65\x74\x20\x5f\x6a\x65\x52\x4d\x63\x20\x3d\x20\x31\x3b\x0a\x20\x20\x20\x20\x20\x20\x20\x20\x20\x20\x20\x20\x69\x66\x20\x28\x70\x75\x2e\x74\x20\x3c\x20\x30\x2e\x31\x35\x29\x20\x66\x61\x64\x65\x20\x3d\x20\x70\x75\x2e\x74\x20\x2f\x20\x30\x2e\x31\x35\x3b\x0a\x20\x20\x20\x20\x20\x20\x20\x20\x20\x20\x20\x20\x65\x6c\x73\x65\x20\x69\x66\x20\x28\x70\x75\x2e\x74\x20\x3e\x20\x30\x2e\x37\x35\x29\x20\x66\x61\x64\x65\x20\x3d\x20\x28\x31\x20\x2d\x20\x70\x75\x2e\x74\x29\x20\x2f\x20\x30\x2e\x32\x35\x3b\x0a\x0a\x20\x20\x20\x20\x20\x20\x20\x20\x20\x20\x20\x20\x63\x74\x78\x2e\x62\x65\x67\x69\x6e\x50\x61\x74\x68\x28\x29\x3b\x0a\x20\x20\x20\x20\x20\x20\x20\x20\x20\x20\x20\x20\x63\x74\x78\x2e\x61\x72\x63\x28\x70\x78\x2c\x20\x70\x79\x2c\x20\x32\x2e\x31\x2c\x20\x30\x2c\x20\x4d\x61\x74\x68\x2e\x50\x49\x20\x2a\x20\x32\x29\x3b\x0a\x20\x20\x20\x20\x20\x20\x20\x20\x20\x20\x20\x20\x63\x74\x78\x2e\x66\x69\x6c\x6c\x53\x74\x79\x6c\x65\x20\x3d\x20\x60\x72\x67\x62\x61\x28\x31\x39\x30\x2c\x32\x32\x35\x2c\x32\x35\x35\x2c\x24\x7b\x30\x2e\x38\x35\x20\x2a\x20\x66\x61\x64\x65\x7d\x29\x60\x3b\x0a\x20\x20\x20\x20\x20\x20\x20\x20\x20\x20\x20\x20\x63\x74\x78\x2e\x73\x68\x61\x64\x6f\x77\x43\x6f\x6c\x6f\x72\x20\x3d\x20\x27\x72\x67\x62\x61\x28\x31\x32\x30\x2c\x31\x39\x30\x2c\x32\x35\x35\x2c\x30\x2e\x39\x29\x27\x3b\x0a\x20\x20\x20\x20\x20\x20\x20\x20\x20\x20\x20\x20\x63\x74\x78\x2e\x73\x68\x61\x64\x6f\x77\x42\x6c\x75\x72\x20\x3d\x20\x38\x3b\x0a\x20\x20\x20\x20\x20\x20\x20\x20\x20\x20\x20\x20\x63\x74\x78\x2e\x66\x69\x6c\x6c\x28\x29\x3b\x0a\x20\x20\x20\x20\x20\x20\x20\x20\x20\x20\x20\x20\x63\x74\x78\x2e\x73\x68\x61\x64\x6f\x77\x42\x6c\x75\x72\x20\x3d\x20\x30\x3b\x0a\x20\x20\x20\x20\x20\x20\x20\x20\x7d\x0a\x0a\x20\x20\x20\x20\x20\x20\x20\x20\x2f\x2f\x20\x4e\x6f\x64\x65\x73\x20\x6f\x6e\x20\x74\x6f\x70\x2c\x20\x77\x69\x74\x68\x20\x6f\x63\x63\x61\x73\x69\x6f\x6e\x61\x6c\x20\x73\x6f\x66\x74\x20\x67\x6c\x6f\x77\x20\x70\x75\x6c\x73\x65\x73\x0a\x20\x20\x20\x20\x20\x20\x20\x20\x66\x6f\x72\x20\x28\x63\x6f\x6e\x73\x74\x20\x5f\x77\x64\x6a\x75\x48\x20\x6f\x66\x20\x6e\x6f\x64\x65\x73\x29\x20\x7b\x0a\x20\x20\x20\x20\x20\x20\x20\x20\x20\x20\x20\x20\x63\x6f\x6e\x73\x74\x20\x5f\x54\x42\x6d\x7a\x77\x6f\x20\x3d\x20\x30\x2e\x35\x20\x2b\x20\x30\x2e\x35\x20\x2a\x20\x4d\x61\x74\x68\x2e\x73\x69\x6e\x28\x6e\x2e\x67\x6c\x6f\x77\x50\x68\x61\x73\x65\x29\x3b\x0a\x20\x20\x20\x20\x20\x20\x20\x20\x20\x20\x20\x20\x63\x6f\x6e\x73\x74\x20\x5f\x45\x61\x73\x77\x6f\x6a\x63\x20\x3d\x20\x30\x2e\x35\x35\x20\x2b\x20\x70\x75\x6c\x73\x65\x20\x2a\x20\x30\x2e\x33\x35\x3b\x0a\x20\x20\x20\x20\x20\x20\x20\x20\x20\x20\x20\x20\x63\x6f\x6e\x73\x74\x20\x5f\x54\x52\x52\x44\x6a\x6a\x54\x20\x3d\x20\x6e\x2e\x72\x20\x2b\x20\x70\x75\x6c\x73\x65\x20\x2a\x20\x30\x2e\x36\x3b\x0a\x20\x20\x20\x20\x20\x20\x20\x20\x20\x20\x20\x20\x63\x6f\x6e\x73\x74\x20\x7b\x20\x72\x2c\x20\x67\x2c\x20\x62\x20\x7d\x20\x3d\x20\x6e\x2e\x63\x6f\x6c\x6f\x72\x3b\x0a\x0a\x20\x20\x20\x20\x20\x20\x20\x20\x20\x20\x20\x20\x69\x66\x20\x28\x70\x75\x6c\x73\x65\x20\x3e\x20\x30\x2e\x37\x35\x29\x20\x7b\x0a\x20\x20\x20\x20\x20\x20\x20\x20\x20\x20\x20\x20\x20\x20\x20\x20\x63\x74\x78\x2e\x62\x65\x67\x69\x6e\x50\x61\x74\x68\x28\x29\x3b\x0a\x20\x20\x20\x20\x20\x20\x20\x20\x20\x20\x20\x20\x20\x20\x20\x20\x63\x74\x78\x2e\x61\x72\x63\x28\x6e\x2e\x78\x2c\x20\x6e\x2e\x79\x2c\x20\x72\x61\x64\x69\x75\x73\x20\x2a\x20\x32\x2e\x34\x2c\x20\x30\x2c\x20\x4d\x61\x74\x68\x2e\x50\x49\x20\x2a\x20\x32\x29\x3b\x0a\x20\x20\x20\x20\x20\x20\x20\x20\x20\x20\x20\x20\x20\x20\x20\x20\x63\x74\x78\x2e\x66\x69\x6c\x6c\x53\x74\x79\x6c\x65\x20\x3d\x20\x60\x72\x67\x62\x61\x28\x24\x7b\x72\x7d\x2c\x24\x7b\x67\x7d\x2c\x24\x7b\x62\x7d\x2c\x24\x7b\x28\x70\x75\x6c\x73\x65\x20\x2d\x20\x30\x2e\x37\x35\x29\x20\x2a\x20\x30\x2e\x33\x35\x7d\x29\x60\x3b\x0a\x20\x20\x20\x20\x20\x20\x20\x20\x20\x20\x20\x20\x20\x20\x20\x20\x63\x74\x78\x2e\x66\x69\x6c\x6c\x28\x29\x3b\x0a\x20\x20\x20\x20\x20\x20\x20\x20\x20\x20\x20\x20\x7d\x0a\x0a\x20\x20\x20\x20\x20\x20\x20\x20\x20\x20\x20\x20\x63\x74\x78\x2e\x62\x65\x67\x69\x6e\x50\x61\x74\x68\x28\x29\x3b\x0a\x20\x20\x20\x20\x20\x20\x20\x20\x20\x20\x20\x20\x63\x74\x78\x2e\x61\x72\x63\x28\x6e\x2e\x78\x2c\x20\x6e\x2e\x79\x2c\x20\x72\x61\x64\x69\x75\x73\x2c\x20\x30\x2c\x20\x4d\x61\x74\x68\x2e\x50\x49\x20\x2a\x20\x32\x29\x3b\x0a\x20\x20\x20\x20\x20\x20\x20\x20\x20\x20\x20\x20\x63\x74\x78\x2e\x66\x69\x6c\x6c\x53\x74\x79\x6c\x65\x20\x3d\x20\x60\x72\x67\x62\x61\x28\x24\x7b\x72\x7d\x2c\x24\x7b\x67\x7d\x2c\x24\x7b\x62\x7d\x2c\x24\x7b\x62\x61\x73\x65\x41\x6c\x70\x68\x61\x7d\x29\x60\x3b\x0a\x20\x20\x20\x20\x20\x20\x20\x20\x20\x20\x20\x20\x63\x74\x78\x2e\x66\x69\x6c\x6c\x28\x29\x3b\x0a\x20\x20\x20\x20\x20\x20\x20\x20\x7d\x0a\x0a\x20\x20\x20\x20\x20\x20\x20\x20\x61\x6e\x69\x6d\x49\x64\x20\x3d\x20\x72\x65\x71\x75\x65\x73\x74\x41\x6e\x69\x6d\x61\x74\x69\x6f\x6e\x46\x72\x61\x6d\x65\x28\x73\x74\x65\x70\x29\x3b\x0a\x20\x20\x20\x20\x7d\x0a\x0a\x20\x20\x20\x20\x72\x65\x73\x69\x7a\x65\x28\x29\x3b\x0a\x20\x20\x20\x20\x6d\x61\x6b\x65\x4e\x6f\x64\x65\x73\x28\x29\x3b\x0a\x20\x20\x20\x20\x2f\x2f\x20\x53\x65\x65\x64\x20\x69\x6e\x69\x74\x69\x61\x6c\x20\x70\x6f\x73\x69\x74\x69\x6f\x6e\x73\x20\x62\x65\x66\x6f\x72\x65\x20\x66\x69\x72\x73\x74\x20\x64\x72\x61\x77\x20\x73\x6f\x20\x70\x75\x6c\x73\x65\x2d\x73\x70\x61\x77\x6e\x20\x68\x61\x73\x20\x72\x65\x61\x6c\x20\x63\x6f\x6f\x72\x64\x73\x0a\x20\x20\x20\x20\x66\x6f\x72\x20\x28\x63\x6f\x6e\x73\x74\x20\x5f\x77\x64\x6a\x75\x48\x20\x6f\x66\x20\x6e\x6f\x64\x65\x73\x29\x20\x7b\x20\x6e\x2e\x78\x20\x3d\x20\x6e\x2e\x62\x61\x73\x65\x58\x3b\x20\x6e\x2e\x79\x20\x3d\x20\x6e\x2e\x62\x61\x73\x65\x59\x3b\x20\x7d\x0a\x20\x20\x20\x20\x61\x6e\x69\x6d\x49\x64\x20\x3d\x20\x72\x65\x71\x75\x65\x73\x74\x41\x6e\x69\x6d\x61\x74\x69\x6f\x6e\x46\x72\x61\x6d\x65\x28\x73\x74\x65\x70\x29\x3b\x0a\x0a\x20\x20\x20\x20\x6c\x65\x74\x20\x5f\x6d\x67\x6a\x52\x62\x78\x6b\x3b\x0a\x20\x20\x20\x20\x77\x69\x6e\x64\x6f\x77\x2e\x61\x64\x64\x45\x76\x65\x6e\x74\x4c\x69\x73\x74\x65\x6e\x65\x72\x28\x27\x72\x65\x73\x69\x7a\x65\x27\x2c\x20\x28\x29\x20\x3d\x3e\x20\x7b\x0a\x20\x20\x20\x20\x20\x20\x20\x20\x63\x6c\x65\x61\x72\x54\x69\x6d\x65\x6f\x75\x74\x28\x72\x65\x73\x69\x7a\x65\x54\x69\x6d\x65\x6f\x75\x74\x29\x3b\x0a\x20\x20\x20\x20\x20\x20\x20\x20\x72\x65\x73\x69\x7a\x65\x54\x69\x6d\x65\x6f\x75\x74\x20\x3d\x20\x73\x65\x74\x54\x69\x6d\x65\x6f\x75\x74\x28\x28\x29\x20\x3d\x3e\x20\x7b\x0a\x20\x20\x20\x20\x20\x20\x20\x20\x20\x20\x20\x20\x72\x65\x73\x69\x7a\x65\x28\x29\x3b\x0a\x20\x20\x20\x20\x20\x20\x20\x20\x20\x20\x20\x20\x6d\x61\x6b\x65\x4e\x6f\x64\x65\x73\x28\x29\x3b\x0a\x20\x20\x20\x20\x20\x20\x20\x20\x20\x20\x20\x20\x66\x6f\x72\x20\x28\x63\x6f\x6e\x73\x74\x20\x5f\x77\x64\x6a\x75\x48\x20\x6f\x66\x20\x6e\x6f\x64\x65\x73\x29\x20\x7b\x20\x6e\x2e\x78\x20\x3d\x20\x6e\x2e\x62\x61\x73\x65\x58\x3b\x20\x6e\x2e\x79\x20\x3d\x20\x6e\x2e\x62\x61\x73\x65\x59\x3b\x20\x7d\x0a\x20\x20\x20\x20\x20\x20\x20\x20\x7d\x2c\x20\x32\x30\x30\x29\x3b\x0a\x20\x20\x20\x20\x7d\x29\x3b\x0a\x0a\x20\x20\x20\x20\x69\x66\x20\x28\x77\x69\x6e\x64\x6f\x77\x2e\x6d\x61\x74\x63\x68\x4d\x65\x64\x69\x61\x28\x27\x28\x61\x6e\x79\x2d\x70\x6f\x69\x6e\x74\x65\x72\x3a\x20\x66\x69\x6e\x65\x29\x27\x29\x2e\x6d\x61\x74\x63\x68\x65\x73\x29\x20\x7b\x0a\x20\x20\x20\x20\x20\x20\x20\x20\x77\x69\x6e\x64\x6f\x77\x2e\x61\x64\x64\x45\x76\x65\x6e\x74\x4c\x69\x73\x74\x65\x6e\x65\x72\x28\x27\x6d\x6f\x75\x73\x65\x6d\x6f\x76\x65\x27\x2c\x20\x28\x65\x29\x20\x3d\x3e\x20\x7b\x0a\x20\x20\x20\x20\x20\x20\x20\x20\x20\x20\x20\x20\x63\x6f\x6e\x73\x74\x20\x5f\x41\x58\x79\x68\x43\x65\x4b\x20\x3d\x20\x63\x61\x6e\x76\x61\x73\x2e\x67\x65\x74\x42\x6f\x75\x6e\x64\x69\x6e\x67\x43\x6c\x69\x65\x6e\x74\x52\x65\x63\x74\x28\x29\x3b\x0a\x20\x20\x20\x20\x20\x20\x20\x20\x20\x20\x20\x20\x6d\x6f\x75\x73\x65\x58\x20\x3d\x20\x65\x2e\x63\x6c\x69\x65\x6e\x74\x58\x20\x2d\x20\x72\x65\x63\x74\x2e\x6c\x65\x66\x74\x3b\x0a\x20\x20\x20\x20\x20\x20\x20\x20\x20\x20\x20\x20\x6d\x6f\x75\x73\x65\x59\x20\x3d\x20\x65\x2e\x63\x6c\x69\x65\x6e\x74\x59\x20\x2d\x20\x72\x65\x63\x74\x2e\x74\x6f\x70\x3b\x0a\x20\x20\x20\x20\x20\x20\x20\x20\x7d\x2c\x20\x7b\x20\x70\x61\x73\x73\x69\x76\x65\x3a\x20\x74\x72\x75\x65\x20\x7d\x29\x3b\x0a\x20\x20\x20\x20\x20\x20\x20\x20\x64\x6f\x63\x75\x6d\x65\x6e\x74\x2e\x61\x64\x64\x45\x76\x65\x6e\x74\x4c\x69\x73\x74\x65\x6e\x65\x72\x28\x27\x6d\x6f\x75\x73\x65\x6c\x65\x61\x76\x65\x27\x2c\x20\x28\x29\x20\x3d\x3e\x20\x7b\x20\x6d\x6f\x75\x73\x65\x58\x20\x3d\x20\x6e\x75\x6c\x6c\x3b\x20\x6d\x6f\x75\x73\x65\x59\x20\x3d\x20\x6e\x75\x6c\x6c\x3b\x20\x7d\x29\x3b\x0a\x20\x20\x20\x20\x7d\x0a\x0a\x20\x20\x20\x20\x64\x6f\x63\x75\x6d\x65\x6e\x74\x2e\x61\x64\x64\x45\x76\x65\x6e\x74\x4c\x69\x73\x74\x65\x6e\x65\x72\x28\x27\x76\x69\x73\x69\x62\x69\x6c\x69\x74\x79\x63\x68\x61\x6e\x67\x65\x27\x2c\x20\x28\x29\x20\x3d\x3e\x20\x7b\x0a\x20\x20\x20\x20\x20\x20\x20\x20\x69\x66\x20\x28\x64\x6f\x63\x75\x6d\x65\x6e\x74\x2e\x68\x69\x64\x64\x65\x6e\x29\x20\x7b\x0a\x20\x20\x20\x20\x20\x20\x20\x20\x20\x20\x20\x20\x69\x66\x20\x28\x61\x6e\x69\x6d\x49\x64\x29\x20\x63\x61\x6e\x63\x65\x6c\x41\x6e\x69\x6d\x61\x74\x69\x6f\x6e\x46\x72\x61\x6d\x65\x28\x61\x6e\x69\x6d\x49\x64\x29\x3b\x0a\x20\x20\x20\x20\x20\x20\x20\x20\x20\x20\x20\x20\x61\x6e\x69\x6d\x49\x64\x20\x3d\x20\x6e\x75\x6c\x6c\x3b\x0a\x20\x20\x20\x20\x20\x20\x20\x20\x7d\x20\x65\x6c\x73\x65\x20\x69\x66\x20\x28\x21\x61\x6e\x69\x6d\x49\x64\x29\x20\x7b\x0a\x20\x20\x20\x20\x20\x20\x20\x20\x20\x20\x20\x20\x61\x6e\x69\x6d\x49\x64\x20\x3d\x20\x72\x65\x71\x75\x65\x73\x74\x41\x6e\x69\x6d\x61\x74\x69\x6f\x6e\x46\x72\x61\x6d\x65\x28\x73\x74\x65\x70\x29\x3b\x0a\x20\x20\x20\x20\x20\x20\x20\x20\x7d\x0a\x20\x20\x20\x20\x7d\x29\x3b\x0a\x7d\x0a\x0a\x66\x75\x6e\x63\x74\x69\x6f\x6e\x20\x65\x6e\x73\x75\x72\x65\x45\x6d\x70\x74\x79\x53\x74\x61\x74\x65\x28\x29\x20\x7b\x0a\x20\x20\x20\x20\x69\x66\x20\x28\x21\x64\x6f\x63\x75\x6d\x65\x6e\x74\x2e\x67\x65\x74\x45\x6c\x65\x6d\x65\x6e\x74\x42\x79\x49\x64\x28\x27\x65\x6d\x70\x74\x79\x53\x74\x61\x74\x65\x27\x29\x29\x20\x7b\x0a\x20\x20\x20\x20\x20\x20\x20\x20\x63\x6f\x6e\x73\x74\x20\x5f\x6c\x55\x43\x41\x4a\x48\x20\x3d\x20\x64\x6f\x63\x75\x6d\x65\x6e\x74\x2e\x63\x72\x65\x61\x74\x65\x45\x6c\x65\x6d\x65\x6e\x74\x28\x27\x64\x69\x76\x27\x29\x3b\x0a\x20\x20\x20\x20\x20\x20\x20\x20\x64\x69\x76\x2e\x63\x6c\x61\x73\x73\x4e\x61\x6d\x65\x20\x3d\x20\x27\x65\x6d\x70\x74\x79\x2d\x73\x74\x61\x74\x65\x27\x3b\x0a\x20\x20\x20\x20\x20\x20\x20\x20\x64\x69\x76\x2e\x69\x64\x20\x3d\x20\x27\x65\x6d\x70\x74\x79\x53\x74\x61\x74\x65\x27\x3b\x0a\x20\x20\x20\x20\x20\x20\x20\x20\x64\x69\x76\x2e\x69\x6e\x6e\x65\x72\x48\x54\x4d\x4c\x20\x3d\x20\x60\x0a\x20\x20\x20\x20\x20\x20\x20\x20\x20\x20\x20\x20\x3c\x64\x69\x76\x20\x63\x6c\x61\x73\x73\x3d"empty-state-glyph"\x20\x61\x72\x69\x61\x2d\x68\x69\x64\x64\x65\x6e\x3d"true"\x3e\x0a\x20\x20\x20\x20\x20\x20\x20\x20\x20\x20\x20\x20\x20\x20\x20\x20\x3c\x73\x76\x67\x20\x77\x69\x64\x74\x68\x3d"24"\x20\x68\x65\x69\x67\x68\x74\x3d"24"\x20\x76\x69\x65\x77\x42\x6f\x78\x3d"0 0 24 24"\x20\x66\x69\x6c\x6c\x3d"none"\x20\x73\x74\x72\x6f\x6b\x65\x3d"currentColor"\x20\x73\x74\x72\x6f\x6b\x65\x2d\x77\x69\x64\x74\x68\x3d"1.5"\x20\x73\x74\x72\x6f\x6b\x65\x2d\x6c\x69\x6e\x65\x63\x61\x70\x3d"round"\x20\x73\x74\x72\x6f\x6b\x65\x2d\x6c\x69\x6e\x65\x6a\x6f\x69\x6e\x3d"round"\x3e\x0a\x20\x20\x20\x20\x20\x20\x20\x20\x20\x20\x20\x20\x20\x20\x20\x20\x20\x20\x20\x20\x3c\x63\x69\x72\x63\x6c\x65\x20\x63\x78\x3d"6"\x20\x63\x79\x3d"6"\x20\x72\x3d"2.6"\x2f\x3e\x0a\x20\x20\x20\x20\x20\x20\x20\x20\x20\x20\x20\x20\x20\x20\x20\x20\x20\x20\x20\x20\x3c\x63\x69\x72\x63\x6c\x65\x20\x63\x78\x3d"6"\x20\x63\x79\x3d"18"\x20\x72\x3d"2.6"\x2f\x3e\x0a\x20\x20\x20\x20\x20\x20\x20\x20\x20\x20\x20\x20\x20\x20\x20\x20\x20\x20\x20\x20\x3c\x63\x69\x72\x63\x6c\x65\x20\x63\x78\x3d"18"\x20\x63\x79\x3d"12"\x20\x72\x3d"2.6"\x2f\x3e\x0a\x20\x20\x20\x20\x20\x20\x20\x20\x20\x20\x20\x20\x20\x20\x20\x20\x20\x20\x20\x20\x3c\x70\x61\x74\x68\x20\x64\x3d"M6 8.6V15.4"\x2f\x3e\x0a\x20\x20\x20\x20\x20\x20\x20\x20\x20\x20\x20\x20\x20\x20\x20\x20\x20\x20\x20\x20\x3c\x70\x61\x74\x68\x20\x64\x3d"M8.4 7.2L15.6 10.8"\x2f\x3e\x0a\x20\x20\x20\x20\x20\x20\x20\x20\x20\x20\x20\x20\x20\x20\x20\x20\x20\x20\x20\x20\x3c\x70\x61\x74\x68\x20\x64\x3d"M8.4 16.8L15.6 13.2"\x2f\x3e\x0a\x20\x20\x20\x20\x20\x20\x20\x20\x20\x20\x20\x20\x20\x20\x20\x20\x3c\x2f\x73\x76\x67\x3e\x0a\x20\x20\x20\x20\x20\x20\x20\x20\x20\x20\x20\x20\x3c\x2f\x64\x69\x76\x3e\x0a\x20\x20\x20\x20\x20\x20\x20\x20\x20\x20\x20\x20\x3c\x68\x32\x20\x63\x6c\x61\x73\x73\x3d"empty-state-title"\x3e\x24\x7b\x65\x73\x63\x61\x70\x65\x48\x74\x6d\x6c\x28\x74\x28\x27\x65\x6d\x70\x74\x79\x2e\x74\x69\x74\x6c\x65\x27\x29\x29\x7d\x3c\x2f\x68\x32\x3e\x0a\x20\x20\x20\x20\x20\x20\x20\x20\x20\x20\x20\x20\x3c\x70\x20\x63\x6c\x61\x73\x73\x3d"empty-state-subtitle">${escapeHtml(t('\x65\x6d\x70\x74\x79\x2e\x73\x75\x62\x74\x69\x74\x6c\x65'))}</p>
        `\x3b\x0a\x20\x20\x20\x20\x20\x20\x20\x20\x63\x68\x61\x74\x4d\x65\x73\x73\x61\x67\x65\x73\x2e\x61\x70\x70\x65\x6e\x64\x43\x68\x69\x6c\x64\x28\x64\x69\x76\x29\x3b\x0a\x20\x20\x20\x20\x7d\x0a\x7d\x0a\x0a\x66\x75\x6e\x63\x74\x69\x6f\x6e\x20\x73\x65\x74\x75\x70\x53\x63\x72\x6f\x6c\x6c\x42\x6f\x74\x74\x6f\x6d\x42\x74\x6e\x28\x29\x20\x7b\x0a\x20\x20\x20\x20\x69\x66\x20\x28\x21\x73\x63\x72\x6f\x6c\x6c\x42\x6f\x74\x74\x6f\x6d\x42\x74\x6e\x29\x20\x72\x65\x74\x75\x72\x6e\x3b\x0a\x20\x20\x20\x20\x73\x63\x72\x6f\x6c\x6c\x42\x6f\x74\x74\x6f\x6d\x42\x74\x6e\x2e\x61\x64\x64\x45\x76\x65\x6e\x74\x4c\x69\x73\x74\x65\x6e\x65\x72\x28\x27\x63\x6c\x69\x63\x6b\x27\x2c\x20\x28\x29\x20\x3d\x3e\x20\x7b\x0a\x20\x20\x20\x20\x20\x20\x20\x20\x75\x73\x65\x72\x53\x63\x72\x6f\x6c\x6c\x65\x64\x55\x70\x20\x3d\x20\x66\x61\x6c\x73\x65\x3b\x0a\x20\x20\x20\x20\x20\x20\x20\x20\x68\x61\x73\x4e\x65\x77\x4d\x65\x73\x73\x61\x67\x65\x20\x3d\x20\x66\x61\x6c\x73\x65\x3b\x0a\x20\x20\x20\x20\x20\x20\x20\x20\x73\x63\x72\x6f\x6c\x6c\x42\x6f\x74\x74\x6f\x6d\x42\x74\x6e\x2e\x63\x6c\x61\x73\x73\x4c\x69\x73\x74\x2e\x72\x65\x6d\x6f\x76\x65\x28\x27\x68\x61\x73\x2d\x6e\x65\x77\x27\x29\x3b\x0a\x20\x20\x20\x20\x20\x20\x20\x20\x73\x63\x72\x6f\x6c\x6c\x54\x6f\x42\x6f\x74\x74\x6f\x6d\x28\x74\x72\x75\x65\x2c\x20\x74\x72\x75\x65\x29\x3b\x0a\x20\x20\x20\x20\x7d\x29\x3b\x0a\x7d\x0a\x0a\x2f\x2f\x20\x41\x72\x65\x20\x77\x65\x20\x28\x63\x6c\x6f\x73\x65\x20\x65\x6e\x6f\x75\x67\x68\x20\x74\x6f\x29\x20\x74\x68\x65\x20\x62\x6f\x74\x74\x6f\x6d\x2c\x20\x63\x68\x65\x63\x6b\x69\x6e\x67\x20\x77\x68\x69\x63\x68\x65\x76\x65\x72\x20\x65\x6c\x65\x6d\x65\x6e\x74\x20\x69\x73\x20\x74\x68\x65\x0a\x2f\x2f\x20\x72\x65\x61\x6c\x20\x73\x63\x72\x6f\x6c\x6c\x65\x72\x3a\x20\x74\x68\x65\x20\x77\x69\x6e\x64\x6f\x77\x2c\x20\x6f\x72\x20\x74\x68\x65\x20\x69\x6e\x6e\x65\x72\x20\x2e\x63\x68\x61\x74\x2d\x6d\x65\x73\x73\x61\x67\x65\x73\x20\x63\x6f\x6e\x74\x61\x69\x6e\x65\x72\x2e\x0a\x66\x75\x6e\x63\x74\x69\x6f\x6e\x20\x69\x73\x4e\x65\x61\x72\x42\x6f\x74\x74\x6f\x6d\x28\x29\x20\x7b\x0a\x20\x20\x20\x20\x63\x6f\x6e\x73\x74\x20\x5f\x76\x7a\x79\x4a\x57\x20\x3d\x20\x63\x68\x61\x74\x4d\x65\x73\x73\x61\x67\x65\x73\x2e\x73\x63\x72\x6f\x6c\x6c\x48\x65\x69\x67\x68\x74\x20\x3e\x20\x63\x68\x61\x74\x4d\x65\x73\x73\x61\x67\x65\x73\x2e\x63\x6c\x69\x65\x6e\x74\x48\x65\x69\x67\x68\x74\x20\x2b\x20\x34\x3b\x0a\x0a\x20\x20\x20\x20\x69\x66\x20\x28\x63\x6f\x6e\x74\x61\x69\x6e\x65\x72\x53\x63\x72\x6f\x6c\x6c\x61\x62\x6c\x65\x29\x20\x7b\x0a\x20\x20\x20\x20\x20\x20\x20\x20\x72\x65\x74\x75\x72\x6e\x20\x28\x63\x68\x61\x74\x4d\x65\x73\x73\x61\x67\x65\x73\x2e\x73\x63\x72\x6f\x6c\x6c\x48\x65\x69\x67\x68\x74\x20\x2d\x20\x63\x68\x61\x74\x4d\x65\x73\x73\x61\x67\x65\x73\x2e\x73\x63\x72\x6f\x6c\x6c\x54\x6f\x70\x20\x2d\x20\x63\x68\x61\x74\x4d\x65\x73\x73\x61\x67\x65\x73\x2e\x63\x6c\x69\x65\x6e\x74\x48\x65\x69\x67\x68\x74\x29\x20\x3c\x20\x31\x32\x30\x3b\x0a\x20\x20\x20\x20\x7d\x0a\x0a\x20\x20\x20\x20\x63\x6f\x6e\x73\x74\x20\x5f\x7a\x73\x4d\x41\x20\x3d\x20\x64\x6f\x63\x75\x6d\x65\x6e\x74\x2e\x64\x6f\x63\x75\x6d\x65\x6e\x74\x45\x6c\x65\x6d\x65\x6e\x74\x3b\x0a\x20\x20\x20\x20\x72\x65\x74\x75\x72\x6e\x20\x28\x64\x6f\x63\x2e\x73\x63\x72\x6f\x6c\x6c\x48\x65\x69\x67\x68\x74\x20\x2d\x20\x77\x69\x6e\x64\x6f\x77\x2e\x73\x63\x72\x6f\x6c\x6c\x59\x20\x2d\x20\x77\x69\x6e\x64\x6f\x77\x2e\x69\x6e\x6e\x65\x72\x48\x65\x69\x67\x68\x74\x29\x20\x3c\x20\x31\x32\x30\x3b\x0a\x7d\x0a\x0a\x66\x75\x6e\x63\x74\x69\x6f\x6e\x20\x75\x70\x64\x61\x74\x65\x53\x63\x72\x6f\x6c\x6c\x53\x74\x61\x74\x65\x28\x29\x20\x7b\x0a\x20\x20\x20\x20\x63\x6f\x6e\x73\x74\x20\x5f\x51\x54\x53\x55\x4a\x7a\x20\x3d\x20\x69\x73\x4e\x65\x61\x72\x42\x6f\x74\x74\x6f\x6d\x28\x29\x3b\x0a\x20\x20\x20\x20\x75\x73\x65\x72\x53\x63\x72\x6f\x6c\x6c\x65\x64\x55\x70\x20\x3d\x20\x21\x61\x74\x42\x6f\x74\x74\x6f\x6d\x3b\x0a\x0a\x20\x20\x20\x20\x69\x66\x20\x28\x73\x63\x72\x6f\x6c\x6c\x42\x6f\x74\x74\x6f\x6d\x42\x74\x6e\x29\x20\x7b\x0a\x20\x20\x20\x20\x20\x20\x20\x20\x73\x63\x72\x6f\x6c\x6c\x42\x6f\x74\x74\x6f\x6d\x42\x74\x6e\x2e\x63\x6c\x61\x73\x73\x4c\x69\x73\x74\x2e\x74\x6f\x67\x67\x6c\x65\x28\x27\x76\x69\x73\x69\x62\x6c\x65\x27\x2c\x20\x21\x61\x74\x42\x6f\x74\x74\x6f\x6d\x29\x3b\x0a\x20\x20\x20\x20\x7d\x0a\x0a\x20\x20\x20\x20\x69\x66\x20\x28\x61\x74\x42\x6f\x74\x74\x6f\x6d\x29\x20\x7b\x0a\x20\x20\x20\x20\x20\x20\x20\x20\x68\x61\x73\x4e\x65\x77\x4d\x65\x73\x73\x61\x67\x65\x20\x3d\x20\x66\x61\x6c\x73\x65\x3b\x0a\x20\x20\x20\x20\x20\x20\x20\x20\x69\x66\x20\x28\x73\x63\x72\x6f\x6c\x6c\x42\x6f\x74\x74\x6f\x6d\x42\x74\x6e\x29\x20\x73\x63\x72\x6f\x6c\x6c\x42\x6f\x74\x74\x6f\x6d\x42\x74\x6e\x2e\x63\x6c\x61\x73\x73\x4c\x69\x73\x74\x2e\x72\x65\x6d\x6f\x76\x65\x28\x27\x68\x61\x73\x2d\x6e\x65\x77\x27\x29\x3b\x0a\x20\x20\x20\x20\x7d\x0a\x7d\x0a\x0a\x66\x75\x6e\x63\x74\x69\x6f\x6e\x20\x73\x65\x74\x75\x70\x53\x63\x72\x6f\x6c\x6c\x4f\x62\x73\x65\x72\x76\x65\x72\x28\x29\x20\x7b\x0a\x20\x20\x20\x20\x6c\x65\x74\x20\x5f\x70\x63\x6b\x7a\x6c\x41\x70\x20\x3d\x20\x66\x61\x6c\x73\x65\x3b\x0a\x20\x20\x20\x20\x63\x6f\x6e\x73\x74\x20\x5f\x66\x53\x66\x5a\x61\x48\x20\x3d\x20\x28\x29\x20\x3d\x3e\x20\x7b\x0a\x20\x20\x20\x20\x20\x20\x20\x20\x69\x66\x20\x28\x74\x69\x63\x6b\x69\x6e\x67\x29\x20\x72\x65\x74\x75\x72\x6e\x3b\x0a\x20\x20\x20\x20\x20\x20\x20\x20\x74\x69\x63\x6b\x69\x6e\x67\x20\x3d\x20\x74\x72\x75\x65\x3b\x0a\x20\x20\x20\x20\x20\x20\x20\x20\x72\x65\x71\x75\x65\x73\x74\x41\x6e\x69\x6d\x61\x74\x69\x6f\x6e\x46\x72\x61\x6d\x65\x28\x28\x29\x20\x3d\x3e\x20\x7b\x0a\x20\x20\x20\x20\x20\x20\x20\x20\x20\x20\x20\x20\x75\x70\x64\x61\x74\x65\x53\x63\x72\x6f\x6c\x6c\x53\x74\x61\x74\x65\x28\x29\x3b\x0a\x20\x20\x20\x20\x20\x20\x20\x20\x20\x20\x20\x20\x74\x69\x63\x6b\x69\x6e\x67\x20\x3d\x20\x66\x61\x6c\x73\x65\x3b\x0a\x20\x20\x20\x20\x20\x20\x20\x20\x7d\x29\x3b\x0a\x20\x20\x20\x20\x7d\x3b\x0a\x0a\x20\x20\x20\x20\x2f\x2f\x20\x4c\x69\x73\x74\x65\x6e\x20\x6f\x6e\x20\x62\x6f\x74\x68\x20\x2014\x20\x6f\x6e\x6c\x79\x20\x6f\x6e\x65\x20\x6f\x66\x20\x74\x68\x65\x6d\x20\x77\x69\x6c\x6c\x20\x61\x63\x74\x75\x61\x6c\x6c\x79\x20\x66\x69\x72\x65\x20\x64\x65\x70\x65\x6e\x64\x69\x6e\x67\x20\x6f\x6e\x0a\x20\x20\x20\x20\x2f\x2f\x20\x77\x68\x69\x63\x68\x20\x65\x6c\x65\x6d\x65\x6e\x74\x20\x65\x6e\x64\x73\x20\x75\x70\x20\x73\x63\x72\x6f\x6c\x6c\x61\x62\x6c\x65\x2c\x20\x62\x75\x74\x20\x74\x68\x61\x74\x27\x73\x20\x66\x69\x6e\x65\x20\x65\x69\x74\x68\x65\x72\x20\x77\x61\x79\x2e\x0a\x20\x20\x20\x20\x77\x69\x6e\x64\x6f\x77\x2e\x61\x64\x64\x45\x76\x65\x6e\x74\x4c\x69\x73\x74\x65\x6e\x65\x72\x28\x27\x73\x63\x72\x6f\x6c\x6c\x27\x2c\x20\x6f\x6e\x53\x63\x72\x6f\x6c\x6c\x2c\x20\x7b\x20\x70\x61\x73\x73\x69\x76\x65\x3a\x20\x74\x72\x75\x65\x20\x7d\x29\x3b\x0a\x20\x20\x20\x20\x63\x68\x61\x74\x4d\x65\x73\x73\x61\x67\x65\x73\x2e\x61\x64\x64\x45\x76\x65\x6e\x74\x4c\x69\x73\x74\x65\x6e\x65\x72\x28\x27\x73\x63\x72\x6f\x6c\x6c\x27\x2c\x20\x6f\x6e\x53\x63\x72\x6f\x6c\x6c\x2c\x20\x7b\x20\x70\x61\x73\x73\x69\x76\x65\x3a\x20\x74\x72\x75\x65\x20\x7d\x29\x3b\x0a\x20\x20\x20\x20\x77\x69\x6e\x64\x6f\x77\x2e\x61\x64\x64\x45\x76\x65\x6e\x74\x4c\x69\x73\x74\x65\x6e\x65\x72\x28\x27\x72\x65\x73\x69\x7a\x65\x27\x2c\x20\x6f\x6e\x53\x63\x72\x6f\x6c\x6c\x29\x3b\x0a\x0a\x20\x20\x20\x20\x2f\x2f\x20\x53\x61\x66\x65\x74\x79\x20\x6e\x65\x74\x3a\x20\x61\x6c\x73\x6f\x20\x72\x65\x63\x6f\x6d\x70\x75\x74\x65\x20\x77\x68\x65\x6e\x65\x76\x65\x72\x20\x74\x68\x65\x20\x63\x68\x61\x74\x20\x63\x6f\x6e\x74\x65\x6e\x74\x20\x69\x74\x73\x65\x6c\x66\x20\x63\x68\x61\x6e\x67\x65\x73\x0a\x20\x20\x20\x20\x2f\x2f\x20\x73\x69\x7a\x65\x20\x28\x6e\x65\x77\x20\x6d\x65\x73\x73\x61\x67\x65\x20\x61\x64\x64\x65\x64\x2c\x20\x74\x79\x70\x69\x6e\x67\x20\x65\x66\x66\x65\x63\x74\x20\x67\x72\x6f\x77\x69\x6e\x67\x20\x61\x20\x62\x75\x62\x62\x6c\x65\x2c\x20\x61\x20\x63\x6f\x64\x65\x0a\x20\x20\x20\x20\x2f\x2f\x20\x62\x6c\x6f\x63\x6b\x20\x65\x78\x70\x61\x6e\x64\x69\x6e\x67\x2c\x20\x65\x74\x63\x29\x2e\x20\x54\x68\x69\x73\x20\x63\x6f\x76\x65\x72\x73\x20\x63\x61\x73\x65\x73\x20\x77\x68\x65\x72\x65\x20\x74\x68\x65\x20\x6c\x61\x79\x6f\x75\x74\x20\x73\x68\x69\x66\x74\x73\x0a\x20\x20\x20\x20\x2f\x2f\x20\x77\x69\x74\x68\x6f\x75\x74\x20\x61\x20\x6e\x61\x74\x69\x76\x65\x20\x73\x63\x72\x6f\x6c\x6c\x20\x65\x76\x65\x6e\x74\x20\x65\x76\x65\x72\x20\x66\x69\x72\x69\x6e\x67\x2c\x20\x73\x6f\x20\x74\x68\x65\x20\x62\x75\x74\x74\x6f\x6e\x2f\x64\x6f\x74\x20\x6e\x65\x76\x65\x72\x0a\x20\x20\x20\x20\x2f\x2f\x20\x67\x65\x74\x73\x20\x73\x74\x75\x63\x6b\x20\x73\x68\x6f\x77\x69\x6e\x67\x20\x28\x6f\x72\x20\x68\x69\x64\x64\x65\x6e\x29\x20\x69\x6e\x20\x61\x20\x73\x74\x61\x6c\x65\x20\x73\x74\x61\x74\x65\x2e\x0a\x20\x20\x20\x20\x63\x6f\x6e\x73\x74\x20\x5f\x52\x4d\x55\x70\x52\x67\x47\x42\x20\x3d\x20\x6e\x65\x77\x20\x4d\x75\x74\x61\x74\x69\x6f\x6e\x4f\x62\x73\x65\x72\x76\x65\x72\x28\x6f\x6e\x53\x63\x72\x6f\x6c\x6c\x29\x3b\x0a\x20\x20\x20\x20\x63\x6f\x6e\x74\x65\x6e\x74\x4f\x62\x73\x65\x72\x76\x65\x72\x2e\x6f\x62\x73\x65\x72\x76\x65\x28\x63\x68\x61\x74\x4d\x65\x73\x73\x61\x67\x65\x73\x2c\x20\x7b\x20\x63\x68\x69\x6c\x64\x4c\x69\x73\x74\x3a\x20\x74\x72\x75\x65\x2c\x20\x73\x75\x62\x74\x72\x65\x65\x3a\x20\x74\x72\x75\x65\x2c\x20\x63\x68\x61\x72\x61\x63\x74\x65\x72\x44\x61\x74\x61\x3a\x20\x74\x72\x75\x65\x20\x7d\x29\x3b\x0a\x0a\x20\x20\x20\x20\x2f\x2f\x20\x49\x6e\x69\x74\x69\x61\x6c\x20\x73\x74\x61\x74\x65\x0a\x20\x20\x20\x20\x75\x70\x64\x61\x74\x65\x53\x63\x72\x6f\x6c\x6c\x53\x74\x61\x74\x65\x28\x29\x3b\x0a\x7d\x0a\x0a\x66\x75\x6e\x63\x74\x69\x6f\x6e\x20\x73\x65\x74\x75\x70\x45\x76\x65\x6e\x74\x4c\x69\x73\x74\x65\x6e\x65\x72\x73\x28\x29\x20\x7b\x0a\x20\x20\x20\x20\x73\x65\x6e\x64\x42\x74\x6e\x2e\x61\x64\x64\x45\x76\x65\x6e\x74\x4c\x69\x73\x74\x65\x6e\x65\x72\x28\x27\x63\x6c\x69\x63\x6b\x27\x2c\x20\x68\x61\x6e\x64\x6c\x65\x53\x65\x6e\x64\x4d\x65\x73\x73\x61\x67\x65\x29\x3b\x0a\x0a\x20\x20\x20\x20\x63\x68\x61\x74\x49\x6e\x70\x75\x74\x2e\x61\x64\x64\x45\x76\x65\x6e\x74\x4c\x69\x73\x74\x65\x6e\x65\x72\x28\x27\x6b\x65\x79\x64\x6f\x77\x6e\x27\x2c\x20\x28\x65\x29\x20\x3d\x3e\x20\x7b\x0a\x20\x20\x20\x20\x20\x20\x20\x20\x69\x66\x20\x28\x65\x2e\x6b\x65\x79\x20\x3d\x3d\x3d\x20\x27\x45\x6e\x74\x65\x72\x27\x20\x26\x26\x20\x21\x65\x2e\x73\x68\x69\x66\x74\x4b\x65\x79\x29\x20\x7b\x0a\x20\x20\x20\x20\x20\x20\x20\x20\x20\x20\x20\x20\x65\x2e\x70\x72\x65\x76\x65\x6e\x74\x44\x65\x66\x61\x75\x6c\x74\x28\x29\x3b\x0a\x20\x20\x20\x20\x20\x20\x20\x20\x20\x20\x20\x20\x68\x61\x6e\x64\x6c\x65\x53\x65\x6e\x64\x4d\x65\x73\x73\x61\x67\x65\x28\x29\x3b\x0a\x20\x20\x20\x20\x20\x20\x20\x20\x7d\x0a\x20\x20\x20\x20\x7d\x29\x3b\x0a\x0a\x20\x20\x20\x20\x6d\x69\x63\x42\x74\x6e\x2e\x61\x64\x64\x45\x76\x65\x6e\x74\x4c\x69\x73\x74\x65\x6e\x65\x72\x28\x27\x63\x6c\x69\x63\x6b\x27\x2c\x20\x74\x6f\x67\x67\x6c\x65\x52\x65\x63\x6f\x72\x64\x69\x6e\x67\x29\x3b\x0a\x20\x20\x20\x20\x63\x68\x61\x74\x49\x6e\x70\x75\x74\x2e\x61\x64\x64\x45\x76\x65\x6e\x74\x4c\x69\x73\x74\x65\x6e\x65\x72\x28\x27\x69\x6e\x70\x75\x74\x27\x2c\x20\x61\x75\x74\x6f\x52\x65\x73\x69\x7a\x65\x54\x65\x78\x74\x61\x72\x65\x61\x29\x3b\x0a\x20\x20\x20\x20\x66\x69\x6c\x65\x42\x74\x6e\x2e\x61\x64\x64\x45\x76\x65\x6e\x74\x4c\x69\x73\x74\x65\x6e\x65\x72\x28\x27\x63\x6c\x69\x63\x6b\x27\x2c\x20\x28\x29\x20\x3d\x3e\x20\x66\x69\x6c\x65\x49\x6e\x70\x75\x74\x2e\x63\x6c\x69\x63\x6b\x28\x29\x29\x3b\x0a\x20\x20\x20\x20\x66\x69\x6c\x65\x49\x6e\x70\x75\x74\x2e\x61\x64\x64\x45\x76\x65\x6e\x74\x4c\x69\x73\x74\x65\x6e\x65\x72\x28\x27\x63\x68\x61\x6e\x67\x65\x27\x2c\x20\x68\x61\x6e\x64\x6c\x65\x46\x69\x6c\x65\x53\x65\x6c\x65\x63\x74\x29\x3b\x0a\x0a\x20\x20\x20\x20\x69\x66\x20\x28\x6c\x61\x6e\x67\x54\x6f\x67\x67\x6c\x65\x29\x20\x7b\x0a\x20\x20\x20\x20\x20\x20\x20\x20\x6c\x61\x6e\x67\x54\x6f\x67\x67\x6c\x65\x2e\x61\x64\x64\x45\x76\x65\x6e\x74\x4c\x69\x73\x74\x65\x6e\x65\x72\x28\x27\x63\x6c\x69\x63\x6b\x27\x2c\x20\x28\x29\x20\x3d\x3e\x20\x7b\x0a\x20\x20\x20\x20\x20\x20\x20\x20\x20\x20\x20\x20\x61\x70\x70\x6c\x79\x4c\x61\x6e\x67\x75\x61\x67\x65\x28\x63\x75\x72\x72\x65\x6e\x74\x4c\x61\x6e\x67\x20\x3d\x3d\x3d\x20\x27\x65\x6e\x27\x20\x3f\x20\x27\x61\x72\x27\x20\x3a\x20\x27\x65\x6e\x27\x29\x3b\x0a\x20\x20\x20\x20\x20\x20\x20\x20\x7d\x29\x3b\x0a\x20\x20\x20\x20\x7d\x0a\x0a\x20\x20\x20\x20\x2f\x2f\x20\x57\x69\x72\x65\x20\x6e\x61\x76\x62\x61\x72\x20\x63\x6c\x65\x61\x72\x20\x62\x75\x74\x74\x6f\x6e\x0a\x20\x20\x20\x20\x63\x6f\x6e\x73\x74\x20\x5f\x54\x58\x4e\x7a\x6b\x70\x20\x3d\x20\x64\x6f\x63\x75\x6d\x65\x6e\x74\x2e\x67\x65\x74\x45\x6c\x65\x6d\x65\x6e\x74\x42\x79\x49\x64\x28\x27\x63\x6c\x65\x61\x72\x42\x74\x6e\x27\x29\x3b\x0a\x20\x20\x20\x20\x69\x66\x20\x28\x63\x6c\x65\x61\x72\x42\x74\x6e\x29\x20\x7b\x0a\x20\x20\x20\x20\x20\x20\x20\x20\x63\x6c\x65\x61\x72\x42\x74\x6e\x2e\x61\x64\x64\x45\x76\x65\x6e\x74\x4c\x69\x73\x74\x65\x6e\x65\x72\x28\x27\x63\x6c\x69\x63\x6b\x27\x2c\x20\x63\x6c\x65\x61\x72\x43\x6f\x6e\x76\x65\x72\x73\x61\x74\x69\x6f\x6e\x48\x69\x73\x74\x6f\x72\x79\x29\x3b\x0a\x20\x20\x20\x20\x7d\x0a\x0a\x20\x20\x20\x20\x77\x69\x6e\x64\x6f\x77\x2e\x61\x64\x64\x45\x76\x65\x6e\x74\x4c\x69\x73\x74\x65\x6e\x65\x72\x28\x27\x75\x6e\x68\x61\x6e\x64\x6c\x65\x64\x72\x65\x6a\x65\x63\x74\x69\x6f\x6e\x27\x2c\x20\x28\x65\x29\x20\x3d\x3e\x20\x7b\x0a\x20\x20\x20\x20\x20\x20\x20\x20\x63\x6f\x6e\x73\x6f\x6c\x65\x2e\x65\x72\x72\x6f\x72\x28\x27\x55\x6e\x68\x61\x6e\x64\x6c\x65\x64\x20\x72\x65\x6a\x65\x63\x74\x69\x6f\x6e\x3a\x27\x2c\x20\x65\x2e\x72\x65\x61\x73\x6f\x6e\x29\x3b\x0a\x20\x20\x20\x20\x7d\x29\x3b\x0a\x7d\x0a\x0a\x61\x73\x79\x6e\x63\x20\x66\x75\x6e\x63\x74\x69\x6f\x6e\x20\x63\x6c\x65\x61\x72\x43\x6f\x6e\x76\x65\x72\x73\x61\x74\x69\x6f\x6e\x48\x69\x73\x74\x6f\x72\x79\x28\x29\x20\x7b\x0a\x20\x20\x20\x20\x69\x66\x20\x28\x21\x63\x6f\x6e\x66\x69\x72\x6d\x28\x74\x28\x27\x63\x6c\x65\x61\x72\x2e\x63\x6f\x6e\x66\x69\x72\x6d\x27\x29\x29\x29\x20\x72\x65\x74\x75\x72\x6e\x3b\x0a\x20\x20\x20\x20\x74\x72\x79\x20\x7b\x0a\x20\x20\x20\x20\x20\x20\x20\x20\x61\x77\x61\x69\x74\x20\x66\x65\x74\x63\x68\x28`${API_BASE_URL}/chat/clear`, {
            method: '\x50\x4f\x53\x54',
            headers: { '\x43\x6f\x6e\x74\x65\x6e\x74\x2d\x54\x79\x70\x65': '\x61\x70\x70\x6c\x69\x63\x61\x74\x69\x6f\x6e\x2f\x6a\x73\x6f\x6e' },
            body: JSON.stringify({ sessionId })
        });
        chatMessages.innerHTML = '';
        ensureEmptyState();
    } catch (error) {
        console.error('\x46\x61\x69\x6c\x65\x64\x20\x74\x6f\x20\x63\x6c\x65\x61\x72\x20\x68\x69\x73\x74\x6f\x72\x79\x3a', error);
    }
}
